"Nomenclature","ReporterISO3","ProductCode","ReporterName","PartnerISO3","PartnerName","Year","TradeFlowName","TradeFlowCode","TradeValue in 1000 USD","Quantity","QuantityToken","QtyUnit","NetWeight in KGM"
"S3","RWA","0572","Rwanda","CHN","China",2021,"Import",5,0.031,2,8,"Kg",2
"S3","RWA","0572","Rwanda","CHN","China",2022,"Gross Imp.",1,0.034,8.17,8,"Kg",8
"S3","RWA","0572","Rwanda","CHN","China",2022,"Import",5,0.034,8.17,8,"Kg",8
"S3","RWA","0572","Rwanda","DEU","Germany",2020,"Gross Imp.",1,0.221,30,8,"Kg",30
"S3","RWA","0572","Rwanda","DEU","Germany",2020,"Import",5,0.221,30,8,"Kg",30
"S3","RWA","0572","Rwanda","DEU","Germany",2021,"Gross Imp.",1,0.096,15,8,"Kg",15
"S3","RWA","0572","Rwanda","DEU","Germany",2021,"Import",5,0.096,15,8,"Kg",15
"S3","RWA","0572","Rwanda","DEU","Germany",2022,"Gross Imp.",1,0.102,24,8,"Kg",24
"S3","RWA","0572","Rwanda","DEU","Germany",2022,"Import",5,0.102,24,8,"Kg",24
"S3","RWA","0572","Rwanda","EGY","Egypt, Arab Rep.",2020,"Gross Imp.",1,8.107,5775,8,"Kg",5775
"S3","RWA","0572","Rwanda","EGY","Egypt, Arab Rep.",2020,"Import",5,8.107,5775,8,"Kg",5775
"S3","RWA","0572","Rwanda","EGY","Egypt, Arab Rep.",2021,"Gross Imp.",1,16.421,12055,8,"Kg",12055
"S3","RWA","0572","Rwanda","EGY","Egypt, Arab Rep.",2021,"Import",5,16.421,12055,8,"Kg",12055
"S3","RWA","0572","Rwanda","EGY","Egypt, Arab Rep.",2022,"Gross Imp.",1,7.742,4080,8,"Kg",4080
"S3","RWA","0572","Rwanda","EGY","Egypt, Arab Rep.",2022,"Import",5,7.742,4080,8,"Kg",4080
"S3","RWA","0572","Rwanda","FRA","France",2022,"Gross Imp.",1,0.026,10.2,8,"Kg",10
"S3","RWA","0572","Rwanda","FRA","France",2022,"Import",5,0.026,10.2,8,"Kg",10
"S3","RWA","0572","Rwanda","GBR","United Kingdom",2020,"Export",6,0.249,77,8,"Kg",77
"S3","RWA","0572","Rwanda","GBR","United Kingdom",2020,"Gross Exp.",2,0.249,77,8,"Kg",77
"S3","RWA","0572","Rwanda","HKG","Hong Kong, China",2020,"Gross Imp.",1,0.029,9,8,"Kg",9
"S3","RWA","0572","Rwanda","HKG","Hong Kong, China",2020,"Import",5,0.029,9,8,"Kg",9
"S3","RWA","0572","Rwanda","IND","India",2022,"Gross Imp.",1,0,5,8,"Kg",5
"S3","RWA","0572","Rwanda","IND","India",2022,"Import",5,0,5,8,"Kg",5
"S3","RWA","0572","Rwanda","KEN","Kenya",2020,"Gross Imp.",1,99.235,187220,8,"Kg",187220
"S3","RWA","0572","Rwanda","KEN","Kenya",2020,"Import",5,99.235,187220,8,"Kg",187220
"S3","RWA","0572","Rwanda","KEN","Kenya",2021,"Gross Imp.",1,225.748,450512,8,"Kg",450512
"S3","RWA","0572","Rwanda","KEN","Kenya",2021,"Import",5,225.748,450512,8,"Kg",450512
"S3","RWA","0572","Rwanda","KEN","Kenya",2022,"Gross Imp.",1,355.798,627900,8,"Kg",627900
"S3","RWA","0572","Rwanda","KEN","Kenya",2022,"Import",5,355.798,627900,8,"Kg",627900
"S3","RWA","0572","Rwanda","SSD","South Sudan",2022,"Gross Imp.",1,0.499,494,8,"Kg",494
"S3","RWA","0572","Rwanda","SSD","South Sudan",2022,"Import",5,0.499,494,8,"Kg",494
"S3","RWA","0572","Rwanda","TUR","Turkey",2020,"Gross Imp.",1,2.748,2600,8,"Kg",2600
"S3","RWA","0572","Rwanda","TUR","Turkey",2020,"Import",5,2.748,2600,8,"Kg",2600
"S3","RWA","0572","Rwanda","TUR","Turkey",2021,"Gross Imp.",1,6.114,1500,8,"Kg",1500
"S3","RWA","0572","Rwanda","TUR","Turkey",2021,"Import",5,6.114,1500,8,"Kg",1500
"S3","RWA","0572","Rwanda","TUR","Turkey",2022,"Gross Imp.",1,0.046,128,8,"Kg",128
"S3","RWA","0572","Rwanda","TUR","Turkey",2022,"Import",5,0.046,128,8,"Kg",128
"S3","RWA","0572","Rwanda","TZA","Tanzania",2020,"Gross Imp.",1,155.606,401815,8,"Kg",401815
"S3","RWA","0572","Rwanda","TZA","Tanzania",2020,"Import",5,155.606,401815,8,"Kg",401815
"S3","RWA","0572","Rwanda","TZA","Tanzania",2021,"Gross Imp.",1,157.008,430255,8,"Kg",430255
"S3","RWA","0572","Rwanda","TZA","Tanzania",2021,"Import",5,157.008,430255,8,"Kg",430255
"S3","RWA","0572","Rwanda","TZA","Tanzania",2022,"Gross Imp.",1,45.88,146190,8,"Kg",146190
"S3","RWA","0572","Rwanda","TZA","Tanzania",2022,"Import",5,45.88,146190,8,"Kg",146190
"S3","RWA","0572","Rwanda","UGA","Uganda",2021,"Export",6,0.06,500,8,"Kg",500
"S3","RWA","0572","Rwanda","UGA","Uganda",2021,"Gross Exp.",2,0.06,500,8,"Kg",500
"S3","RWA","0572","Rwanda","UGA","Uganda",2022,"Gross Imp.",1,155.121,384692,8,"Kg",384692
"S3","RWA","0572","Rwanda","UGA","Uganda",2022,"Import",5,155.121,384692,8,"Kg",384692
"S3","RWA","0572","Rwanda","WLD"," World",2020,"Export",6,0.252,227,8,"Kg",227
"S3","RWA","0572","Rwanda","WLD"," World",2020,"Gross Exp.",2,0.252,227,8,"Kg",227
"S3","RWA","0572","Rwanda","WLD"," World",2020,"Gross Imp.",1,266.021,597564,8,"Kg",597564
"S3","RWA","0572","Rwanda","WLD"," World",2020,"Import",5,266.021,597564,8,"Kg",597564
"S3","RWA","0572","Rwanda","WLD"," World",2021,"Export",6,0.06,500,8,"Kg",500
"S3","RWA","0572","Rwanda","WLD"," World",2021,"Gross Exp.",2,0.487,1963,8,"Kg",1963
"S3","RWA","0572","Rwanda","WLD"," World",2021,"Gross Imp.",1,405.459,894359,8,"Kg",894359
"S3","RWA","0572","Rwanda","WLD"," World",2021,"Import",5,405.459,894359,8,"Kg",894359
"S3","RWA","0572","Rwanda","WLD"," World",2021,"Re-Export",3,0.427,1463,8,"Kg",1463
"S3","RWA","0572","Rwanda","WLD"," World",2022,"Export",6,0,0,8,"Kg",0
"S3","RWA","0572","Rwanda","WLD"," World",2022,"Gross Exp.",2,1.094,1920,8,"Kg",1920
"S3","RWA","0572","Rwanda","WLD"," World",2022,"Gross Imp.",1,568.915,1167101.37,8,"Kg",1167101
"S3","RWA","0572","Rwanda","WLD"," World",2022,"Import",5,568.915,1167101.37,8,"Kg",1167101
"S3","RWA","0572","Rwanda","WLD"," World",2022,"Re-Export",3,1.094,1920,8,"Kg",1920
"S3","RWA","0572","Rwanda","ZAF","South Africa",2022,"Gross Imp.",1,3.667,3570,8,"Kg",3570
"S3","RWA","0572","Rwanda","ZAF","South Africa",2022,"Import",5,3.667,3570,8,"Kg",3570
"S3","RWA","0572","Rwanda","ZAR","Congo, Dem. Rep.",2020,"Export",6,0.003,150,8,"Kg",150
"S3","RWA","0572","Rwanda","ZAR","Congo, Dem. Rep.",2020,"Gross Exp.",2,0.003,150,8,"Kg",150
"S3","RWA","0572","Rwanda","ZAR","Congo, Dem. Rep.",2021,"Export",6,0,0,8,"Kg",0
"S3","RWA","0572","Rwanda","ZAR","Congo, Dem. Rep.",2021,"Gross Exp.",2,0.427,1463,8,"Kg",1463
"S3","RWA","0572","Rwanda","ZAR","Congo, Dem. Rep.",2021,"Re-Export",3,0.427,1463,8,"Kg",1463
"S3","RWA","0572","Rwanda","ZAR","Congo, Dem. Rep.",2022,"Export",6,0,0,8,"Kg",0
"S3","RWA","0572","Rwanda","ZAR","Congo, Dem. Rep.",2022,"Gross Exp.",2,1.094,1920,8,"Kg",1920
"S3","RWA","0572","Rwanda","ZAR","Congo, Dem. Rep.",2022,"Re-Export",3,1.094,1920,8,"Kg",1920
"S3","RWA","0573","Rwanda","ARE","United Arab Emirates",2020,"Export",6,2.122,570,8,"Kg",570
"S3","RWA","0573","Rwanda","ARE","United Arab Emirates",2020,"Gross Exp.",2,2.122,570,8,"Kg",570
"S3","RWA","0573","Rwanda","ARE","United Arab Emirates",2021,"Export",6,5.073,2396,8,"Kg",2396
"S3","RWA","0573","Rwanda","ARE","United Arab Emirates",2021,"Gross Exp.",2,5.073,2396,8,"Kg",2396
"S3","RWA","0573","Rwanda","BEL","Belgium",2020,"Export",6,97.037,116503.6,8,"Kg",116504
"S3","RWA","0573","Rwanda","BEL","Belgium",2020,"Gross Exp.",2,97.037,116503.6,8,"Kg",116504
"S3","RWA","0573","Rwanda","BEL","Belgium",2021,"Export",6,131.74,8272.7,8,"Kg",8273
"S3","RWA","0573","Rwanda","BEL","Belgium",2021,"Gross Exp.",2,131.74,8272.7,8,"Kg",8273
"S3","RWA","0573","Rwanda","BEL","Belgium",2022,"Export",6,1.895,567,8,"Kg",567
"S3","RWA","0573","Rwanda","BEL","Belgium",2022,"Gross Exp.",2,1.895,567,8,"Kg",567
"S3","RWA","0573","Rwanda","CAF","Central African Republic",2021,"Export",6,0.049,235,8,"Kg",235
"S3","RWA","0573","Rwanda","CAF","Central African Republic",2021,"Gross Exp.",2,0.049,235,8,"Kg",235
"S3","RWA","0573","Rwanda","CHE","Switzerland",2022,"Export",6,0.329,60,8,"Kg",60
"S3","RWA","0573","Rwanda","CHE","Switzerland",2022,"Gross Exp.",2,0.329,60,8,"Kg",60
"S3","RWA","0573","Rwanda","CHE","Switzerland",2022,"Gross Imp.",1,0.01,1,8,"Kg",1
"S3","RWA","0573","Rwanda","CHE","Switzerland",2022,"Import",5,0.01,1,8,"Kg",1
"S3","RWA","0573","Rwanda","CHN","China",2020,"Gross Imp.",1,0.437,1000,8,"Kg",1000
"S3","RWA","0573","Rwanda","CHN","China",2020,"Import",5,0.437,1000,8,"Kg",1000
"S3","RWA","0573","Rwanda","DEU","Germany",2020,"Export",6,0.846,280.15,8,"Kg",280
"S3","RWA","0573","Rwanda","DEU","Germany",2020,"Gross Exp.",2,0.846,280.15,8,"Kg",280
"S3","RWA","0573","Rwanda","DEU","Germany",2021,"Export",6,26.307,11196,8,"Kg",11196
"S3","RWA","0573","Rwanda","DEU","Germany",2021,"Gross Exp.",2,26.307,11196,8,"Kg",11196
"S3","RWA","0573","Rwanda","DEU","Germany",2022,"Export",6,8.826,2625.5,8,"Kg",2626
"S3","RWA","0573","Rwanda","DEU","Germany",2022,"Gross Exp.",2,8.826,2625.5,8,"Kg",2626
"S3","RWA","0573","Rwanda","GBR","United Kingdom",2020,"Export",6,17.861,7807,8,"Kg",7807
"S3","RWA","0573","Rwanda","GBR","United Kingdom",2020,"Gross Exp.",2,17.861,7807,8,"Kg",7807
"S3","RWA","0573","Rwanda","GBR","United Kingdom",2021,"Export",6,37.659,18252,8,"Kg",18252
"S3","RWA","0573","Rwanda","GBR","United Kingdom",2021,"Gross Exp.",2,37.659,18252,8,"Kg",18252
"S3","RWA","0573","Rwanda","GBR","United Kingdom",2022,"Export",6,14.933,6692,8,"Kg",6692
"S3","RWA","0573","Rwanda","GBR","United Kingdom",2022,"Gross Exp.",2,14.933,6692,8,"Kg",6692
"S3","RWA","0573","Rwanda","KEN","Kenya",2022,"Gross Imp.",1,0.6,3139,8,"Kg",3139
"S3","RWA","0573","Rwanda","KEN","Kenya",2022,"Import",5,0.6,3139,8,"Kg",3139
"S3","RWA","0573","Rwanda","NLD","Netherlands",2020,"Export",6,4.72,4044,8,"Kg",4044
"S3","RWA","0573","Rwanda","NLD","Netherlands",2020,"Gross Exp.",2,4.72,4044,8,"Kg",4044
"S3","RWA","0573","Rwanda","NLD","Netherlands",2021,"Export",6,0.889,315,8,"Kg",315
"S3","RWA","0573","Rwanda","NLD","Netherlands",2021,"Gross Exp.",2,0.889,315,8,"Kg",315
"S3","RWA","0573","Rwanda","QAT","Qatar",2021,"Export",6,0.651,208,8,"Kg",208
"S3","RWA","0573","Rwanda","QAT","Qatar",2021,"Gross Exp.",2,0.651,208,8,"Kg",208
"S3","RWA","0573","Rwanda","QAT","Qatar",2022,"Export",6,0.151,44,8,"Kg",44
"S3","RWA","0573","Rwanda","QAT","Qatar",2022,"Gross Exp.",2,0.151,44,8,"Kg",44
"S3","RWA","0573","Rwanda","SWE","Sweden",2020,"Export",6,1.096,310,8,"Kg",310
"S3","RWA","0573","Rwanda","SWE","Sweden",2020,"Gross Exp.",2,1.096,310,8,"Kg",310
"S3","RWA","0573","Rwanda","SWE","Sweden",2021,"Export",6,0.601,236,8,"Kg",236
"S3","RWA","0573","Rwanda","SWE","Sweden",2021,"Gross Exp.",2,0.601,236,8,"Kg",236
"S3","RWA","0573","Rwanda","TZA","Tanzania",2020,"Gross Imp.",1,4.62,24500,8,"Kg",24500
"S3","RWA","0573","Rwanda","TZA","Tanzania",2020,"Import",5,4.62,24500,8,"Kg",24500
"S3","RWA","0573","Rwanda","TZA","Tanzania",2021,"Gross Imp.",1,9.95,63600,8,"Kg",63600
"S3","RWA","0573","Rwanda","TZA","Tanzania",2021,"Import",5,9.95,63600,8,"Kg",63600
"S3","RWA","0573","Rwanda","TZA","Tanzania",2022,"Gross Imp.",1,12.629,80830,8,"Kg",80830
"S3","RWA","0573","Rwanda","TZA","Tanzania",2022,"Import",5,12.629,80830,8,"Kg",80830
"S3","RWA","0573","Rwanda","UGA","Uganda",2022,"Gross Imp.",1,21.106,104159,8,"Kg",104159
"S3","RWA","0573","Rwanda","UGA","Uganda",2022,"Import",5,21.106,104159,8,"Kg",104159
"S3","RWA","0573","Rwanda","USA","United States",2021,"Export",6,0.022,64,8,"Kg",64
"S3","RWA","0573","Rwanda","USA","United States",2021,"Gross Exp.",2,0.022,64,8,"Kg",64
"S3","RWA","0573","Rwanda","WLD"," World",2020,"Export",6,123.879,129565.75,8,"Kg",129566
"S3","RWA","0573","Rwanda","WLD"," World",2020,"Gross Exp.",2,123.879,129565.75,8,"Kg",129566
"S3","RWA","0573","Rwanda","WLD"," World",2020,"Gross Imp.",1,5.056,25500,8,"Kg",25500
"S3","RWA","0573","Rwanda","WLD"," World",2020,"Import",5,5.056,25500,8,"Kg",25500
"S3","RWA","0573","Rwanda","WLD"," World",2021,"Export",6,202.991,41174.7,8,"Kg",41175
"S3","RWA","0573","Rwanda","WLD"," World",2021,"Gross Exp.",2,202.991,41174.7,8,"Kg",41175
"S3","RWA","0573","Rwanda","WLD"," World",2021,"Gross Imp.",1,9.95,63600,8,"Kg",63600
"S3","RWA","0573","Rwanda","WLD"," World",2021,"Import",5,9.95,63600,8,"Kg",63600
"S3","RWA","0573","Rwanda","WLD"," World",2022,"Export",6,26.134,9988.5,8,"Kg",9989
"S3","RWA","0573","Rwanda","WLD"," World",2022,"Gross Exp.",2,26.134,9988.5,8,"Kg",9989
"S3","RWA","0573","Rwanda","WLD"," World",2022,"Gross Imp.",1,43.452,221459,8,"Kg",221459
"S3","RWA","0573","Rwanda","WLD"," World",2022,"Import",5,43.452,221459,8,"Kg",221459
"S3","RWA","0573","Rwanda","ZAR","Congo, Dem. Rep.",2020,"Export",6,0.197,51,8,"Kg",51
"S3","RWA","0573","Rwanda","ZAR","Congo, Dem. Rep.",2020,"Gross Exp.",2,0.197,51,8,"Kg",51
"S3","RWA","0573","Rwanda","ZAR","Congo, Dem. Rep.",2022,"Gross Imp.",1,9.108,33330,8,"Kg",33330
"S3","RWA","0573","Rwanda","ZAR","Congo, Dem. Rep.",2022,"Import",5,9.108,33330,8,"Kg",33330
"S3","RWA","0574","Rwanda","ARE","United Arab Emirates",2022,"Gross Imp.",1,0.201,741.2,8,"Kg",741
"S3","RWA","0574","Rwanda","ARE","United Arab Emirates",2022,"Import",5,0.201,741.2,8,"Kg",741
"S3","RWA","0574","Rwanda","BEL","Belgium",2021,"Gross Imp.",1,0.232,20,8,"Kg",20
"S3","RWA","0574","Rwanda","BEL","Belgium",2021,"Import",5,0.232,20,8,"Kg",20
"S3","RWA","0574","Rwanda","BEL","Belgium",2022,"Gross Imp.",1,0.332,300,8,"Kg",300
"S3","RWA","0574","Rwanda","BEL","Belgium",2022,"Import",5,0.332,300,8,"Kg",300
"S3","RWA","0574","Rwanda","BRA","Brazil",2020,"Gross Imp.",1,12.009,23108.4,8,"Kg",23108
"S3","RWA","0574","Rwanda","BRA","Brazil",2020,"Import",5,12.009,23108.4,8,"Kg",23108
"S3","RWA","0574","Rwanda","BRA","Brazil",2021,"Gross Imp.",1,95.336,105840,8,"Kg",105840
"S3","RWA","0574","Rwanda","BRA","Brazil",2021,"Import",5,95.336,105840,8,"Kg",105840
"S3","RWA","0574","Rwanda","CHL","Chile",2020,"Gross Imp.",1,83.177,87017,8,"Kg",87017
"S3","RWA","0574","Rwanda","CHL","Chile",2020,"Import",5,83.177,87017,8,"Kg",87017
"S3","RWA","0574","Rwanda","CHL","Chile",2021,"Gross Imp.",1,73.233,64509,8,"Kg",64509
"S3","RWA","0574","Rwanda","CHL","Chile",2021,"Import",5,73.233,64509,8,"Kg",64509
"S3","RWA","0574","Rwanda","CHN","China",2020,"Gross Imp.",1,47.753,68612,8,"Kg",68612
"S3","RWA","0574","Rwanda","CHN","China",2020,"Import",5,47.753,68612,8,"Kg",68612
"S3","RWA","0574","Rwanda","CHN","China",2021,"Gross Imp.",1,32.519,45628,8,"Kg",45628
"S3","RWA","0574","Rwanda","CHN","China",2021,"Import",5,32.519,45628,8,"Kg",45628
"S3","RWA","0574","Rwanda","CHN","China",2022,"Gross Imp.",1,16.614,17920,8,"Kg",17920
"S3","RWA","0574","Rwanda","CHN","China",2022,"Import",5,16.614,17920,8,"Kg",17920
"S3","RWA","0574","Rwanda","DEU","Germany",2022,"Gross Imp.",1,1.008,396,8,"Kg",396
"S3","RWA","0574","Rwanda","DEU","Germany",2022,"Import",5,1.008,396,8,"Kg",396
"S3","RWA","0574","Rwanda","EGY","Egypt, Arab Rep.",2021,"Gross Imp.",1,21.364,26880,8,"Kg",26880
"S3","RWA","0574","Rwanda","EGY","Egypt, Arab Rep.",2021,"Import",5,21.364,26880,8,"Kg",26880
"S3","RWA","0574","Rwanda","EGY","Egypt, Arab Rep.",2022,"Gross Imp.",1,0.047,40,8,"Kg",40
"S3","RWA","0574","Rwanda","EGY","Egypt, Arab Rep.",2022,"Import",5,0.047,40,8,"Kg",40
"S3","RWA","0574","Rwanda","ESP","Spain",2020,"Gross Imp.",1,67.619,64233,8,"Kg",64233
"S3","RWA","0574","Rwanda","ESP","Spain",2020,"Import",5,67.619,64233,8,"Kg",64233
"S3","RWA","0574","Rwanda","FRA","France",2020,"Gross Imp.",1,20.473,23633,8,"Kg",23633
"S3","RWA","0574","Rwanda","FRA","France",2020,"Import",5,20.473,23633,8,"Kg",23633
"S3","RWA","0574","Rwanda","GRC","Greece",2022,"Gross Imp.",1,14.261,23240,8,"Kg",23240
"S3","RWA","0574","Rwanda","GRC","Greece",2022,"Import",5,14.261,23240,8,"Kg",23240
"S3","RWA","0574","Rwanda","ITA","Italy",2020,"Gross Imp.",1,71.654,69960,8,"Kg",69960
"S3","RWA","0574","Rwanda","ITA","Italy",2020,"Import",5,71.654,69960,8,"Kg",69960
"S3","RWA","0574","Rwanda","ITA","Italy",2021,"Gross Imp.",1,48.954,46940,8,"Kg",46940
"S3","RWA","0574","Rwanda","ITA","Italy",2021,"Import",5,48.954,46940,8,"Kg",46940
"S3","RWA","0574","Rwanda","KEN","Kenya",2022,"Gross Imp.",1,37.936,20805.26,8,"Kg",20805
"S3","RWA","0574","Rwanda","KEN","Kenya",2022,"Import",5,37.936,20805.26,8,"Kg",20805
"S3","RWA","0574","Rwanda","NZL","New Zealand",2020,"Gross Imp.",1,28.822,46080.2,8,"Kg",46080
"S3","RWA","0574","Rwanda","NZL","New Zealand",2020,"Import",5,28.822,46080.2,8,"Kg",46080
"S3","RWA","0574","Rwanda","SAU","Saudi Arabia",2022,"Gross Imp.",1,2.071,1786,8,"Kg",1786
"S3","RWA","0574","Rwanda","SAU","Saudi Arabia",2022,"Import",5,2.071,1786,8,"Kg",1786
"S3","RWA","0574","Rwanda","SER","Serbia, FR(Serbia/Montenegro)",2022,"Gross Imp.",1,46.705,40320,8,"Kg",40320
"S3","RWA","0574","Rwanda","SER","Serbia, FR(Serbia/Montenegro)",2022,"Import",5,46.705,40320,8,"Kg",40320
"S3","RWA","0574","Rwanda","SSD","South Sudan",2022,"Gross Imp.",1,0.205,190,8,"Kg",190
"S3","RWA","0574","Rwanda","SSD","South Sudan",2022,"Import",5,0.205,190,8,"Kg",190
"S3","RWA","0574","Rwanda","TUR","Turkey",2020,"Gross Imp.",1,248.043,298820,8,"Kg",298820
"S3","RWA","0574","Rwanda","TUR","Turkey",2020,"Import",5,248.043,298820,8,"Kg",298820
"S3","RWA","0574","Rwanda","TUR","Turkey",2021,"Gross Imp.",1,663.401,661900,8,"Kg",661900
"S3","RWA","0574","Rwanda","TUR","Turkey",2021,"Import",5,663.401,661900,8,"Kg",661900
"S3","RWA","0574","Rwanda","TUR","Turkey",2022,"Gross Imp.",1,177.837,167760,8,"Kg",167760
"S3","RWA","0574","Rwanda","TUR","Turkey",2022,"Import",5,177.837,167760,8,"Kg",167760
"S3","RWA","0574","Rwanda","TZA","Tanzania",2022,"Gross Imp.",1,0.032,15,8,"Kg",15
"S3","RWA","0574","Rwanda","TZA","Tanzania",2022,"Import",5,0.032,15,8,"Kg",15
"S3","RWA","0574","Rwanda","UGA","Uganda",2022,"Gross Imp.",1,3.154,2981,8,"Kg",2981
"S3","RWA","0574","Rwanda","UGA","Uganda",2022,"Import",5,3.154,2981,8,"Kg",2981
"S3","RWA","0574","Rwanda","WLD"," World",2020,"Gross Imp.",1,579.551,681463.6,8,"Kg",681464
"S3","RWA","0574","Rwanda","WLD"," World",2020,"Import",5,579.551,681463.6,8,"Kg",681464
"S3","RWA","0574","Rwanda","WLD"," World",2021,"Export",6,0,0,8,"Kg",0
"S3","RWA","0574","Rwanda","WLD"," World",2021,"Gross Exp.",2,0.131,40,8,"Kg",40
"S3","RWA","0574","Rwanda","WLD"," World",2021,"Gross Imp.",1,935.039,951717,8,"Kg",951717
"S3","RWA","0574","Rwanda","WLD"," World",2021,"Import",5,935.039,951717,8,"Kg",951717
"S3","RWA","0574","Rwanda","WLD"," World",2021,"Re-Export",3,0.131,40,8,"Kg",40
"S3","RWA","0574","Rwanda","WLD"," World",2022,"Export",6,0,0,8,"Kg",0
"S3","RWA","0574","Rwanda","WLD"," World",2022,"Gross Exp.",2,0.896,2520.5,8,"Kg",2521
"S3","RWA","0574","Rwanda","WLD"," World",2022,"Gross Imp.",1,1415.156,1238966.66,8,"Kg",1238967
"S3","RWA","0574","Rwanda","WLD"," World",2022,"Import",5,1415.156,1238966.66,8,"Kg",1238967
"S3","RWA","0574","Rwanda","WLD"," World",2022,"Re-Export",3,0.896,2520.5,8,"Kg",2521
"S3","RWA","0574","Rwanda","ZAF","South Africa",2022,"Gross Imp.",1,1114.712,962434.2,8,"Kg",962434
"S3","RWA","0574","Rwanda","ZAF","South Africa",2022,"Import",5,1114.712,962434.2,8,"Kg",962434
"S3","RWA","0574","Rwanda","ZAR","Congo, Dem. Rep.",2021,"Export",6,0,0,8,"Kg",0
"S3","RWA","0574","Rwanda","ZAR","Congo, Dem. Rep.",2021,"Gross Exp.",2,0.131,40,8,"Kg",40
"S3","RWA","0574","Rwanda","ZAR","Congo, Dem. Rep.",2021,"Re-Export",3,0.131,40,8,"Kg",40
"S3","RWA","0574","Rwanda","ZAR","Congo, Dem. Rep.",2022,"Export",6,0,0,8,"Kg",0
"S3","RWA","0574","Rwanda","ZAR","Congo, Dem. Rep.",2022,"Gross Exp.",2,0.896,2520.5,8,"Kg",2521
"S3","RWA","0574","Rwanda","ZAR","Congo, Dem. Rep.",2022,"Re-Export",3,0.896,2520.5,8,"Kg",2521
"S3","RWA","0574","Rwanda","ZMB","Zambia",2022,"Gross Imp.",1,0.043,38,8,"Kg",38
"S3","RWA","0574","Rwanda","ZMB","Zambia",2022,"Import",5,0.043,38,8,"Kg",38
"S3","RWA","0575","Rwanda","AFG","Afghanistan",2022,"Gross Imp.",1,0.53,1700,8,"Kg",1700
"S3","RWA","0575","Rwanda","AFG","Afghanistan",2022,"Import",5,0.53,1700,8,"Kg",1700
"S3","RWA","0575","Rwanda","ARE","United Arab Emirates",2020,"Gross Imp.",1,7.933,2719,8,"Kg",2719
"S3","RWA","0575","Rwanda","ARE","United Arab Emirates",2020,"Import",5,7.933,2719,8,"Kg",2719
"S3","RWA","0575","Rwanda","ARE","United Arab Emirates",2021,"Gross Imp.",1,5.165,5200,8,"Kg",5200
"S3","RWA","0575","Rwanda","ARE","United Arab Emirates",2021,"Import",5,5.165,5200,8,"Kg",5200
"S3","RWA","0575","Rwanda","ARE","United Arab Emirates",2022,"Gross Imp.",1,3.299,3672.56,8,"Kg",3673
"S3","RWA","0575","Rwanda","ARE","United Arab Emirates",2022,"Import",5,3.299,3672.56,8,"Kg",3673
"S3","RWA","0575","Rwanda","BEL","Belgium",2020,"Gross Imp.",1,16.718,4870.4,8,"Kg",4870
"S3","RWA","0575","Rwanda","BEL","Belgium",2020,"Import",5,16.718,4870.4,8,"Kg",4870
"S3","RWA","0575","Rwanda","BEL","Belgium",2021,"Gross Imp.",1,19.843,3897.93,8,"Kg",3898
"S3","RWA","0575","Rwanda","BEL","Belgium",2021,"Import",5,19.843,3897.93,8,"Kg",3898
"S3","RWA","0575","Rwanda","BEL","Belgium",2022,"Gross Imp.",1,10.058,2476.07,8,"Kg",2476
"S3","RWA","0575","Rwanda","BEL","Belgium",2022,"Import",5,10.058,2476.07,8,"Kg",2476
"S3","RWA","0575","Rwanda","CHN","China",2022,"Gross Imp.",1,0.033,23,8,"Kg",23
"S3","RWA","0575","Rwanda","CHN","China",2022,"Import",5,0.033,23,8,"Kg",23
"S3","RWA","0575","Rwanda","DEU","Germany",2021,"Gross Imp.",1,0.096,11,8,"Kg",11
"S3","RWA","0575","Rwanda","DEU","Germany",2021,"Import",5,0.096,11,8,"Kg",11
"S3","RWA","0575","Rwanda","DEU","Germany",2022,"Gross Imp.",1,0.744,244,8,"Kg",244
"S3","RWA","0575","Rwanda","DEU","Germany",2022,"Import",5,0.744,244,8,"Kg",244
"S3","RWA","0575","Rwanda","DNK","Denmark",2020,"Gross Imp.",1,2.692,378,8,"Kg",378
"S3","RWA","0575","Rwanda","DNK","Denmark",2020,"Import",5,2.692,378,8,"Kg",378
"S3","RWA","0575","Rwanda","DNK","Denmark",2021,"Gross Imp.",1,0.158,30,8,"Kg",30
"S3","RWA","0575","Rwanda","DNK","Denmark",2021,"Import",5,0.158,30,8,"Kg",30
"S3","RWA","0575","Rwanda","EGY","Egypt, Arab Rep.",2020,"Gross Imp.",1,1.235,500,8,"Kg",500
"S3","RWA","0575","Rwanda","EGY","Egypt, Arab Rep.",2020,"Import",5,1.235,500,8,"Kg",500
"S3","RWA","0575","Rwanda","EGY","Egypt, Arab Rep.",2021,"Gross Imp.",1,11.592,6251,8,"Kg",6251
"S3","RWA","0575","Rwanda","EGY","Egypt, Arab Rep.",2021,"Import",5,11.592,6251,8,"Kg",6251
"S3","RWA","0575","Rwanda","EGY","Egypt, Arab Rep.",2022,"Gross Imp.",1,55.195,20360.5,8,"Kg",20361
"S3","RWA","0575","Rwanda","EGY","Egypt, Arab Rep.",2022,"Import",5,55.195,20360.5,8,"Kg",20361
"S3","RWA","0575","Rwanda","FRA","France",2021,"Gross Imp.",1,0.363,62.5,8,"Kg",63
"S3","RWA","0575","Rwanda","FRA","France",2021,"Import",5,0.363,62.5,8,"Kg",63
"S3","RWA","0575","Rwanda","FRA","France",2022,"Gross Imp.",1,1.063,214,8,"Kg",214
"S3","RWA","0575","Rwanda","FRA","France",2022,"Import",5,1.063,214,8,"Kg",214
"S3","RWA","0575","Rwanda","IND","India",2020,"Gross Imp.",1,1.492,392.49,8,"Kg",392
"S3","RWA","0575","Rwanda","IND","India",2020,"Import",5,1.492,392.49,8,"Kg",392
"S3","RWA","0575","Rwanda","IND","India",2021,"Gross Imp.",1,0.89,298.2,8,"Kg",298
"S3","RWA","0575","Rwanda","IND","India",2021,"Import",5,0.89,298.2,8,"Kg",298
"S3","RWA","0575","Rwanda","IND","India",2022,"Gross Imp.",1,1.202,439.869,8,"Kg",440
"S3","RWA","0575","Rwanda","IND","India",2022,"Import",5,1.202,439.869,8,"Kg",440
"S3","RWA","0575","Rwanda","IRN","Iran, Islamic Rep.",2021,"Gross Imp.",1,0.081,200,8,"Kg",200
"S3","RWA","0575","Rwanda","IRN","Iran, Islamic Rep.",2021,"Import",5,0.081,200,8,"Kg",200
"S3","RWA","0575","Rwanda","IRN","Iran, Islamic Rep.",2022,"Gross Imp.",1,0.113,100,8,"Kg",100
"S3","RWA","0575","Rwanda","IRN","Iran, Islamic Rep.",2022,"Import",5,0.113,100,8,"Kg",100
"S3","RWA","0575","Rwanda","ITA","Italy",2022,"Gross Imp.",1,1.353,264,8,"Kg",264
"S3","RWA","0575","Rwanda","ITA","Italy",2022,"Import",5,1.353,264,8,"Kg",264
"S3","RWA","0575","Rwanda","KEN","Kenya",2020,"Gross Imp.",1,1.607,382.5,8,"Kg",383
"S3","RWA","0575","Rwanda","KEN","Kenya",2020,"Import",5,1.607,382.5,8,"Kg",383
"S3","RWA","0575","Rwanda","KEN","Kenya",2021,"Gross Imp.",1,1.482,433,8,"Kg",433
"S3","RWA","0575","Rwanda","KEN","Kenya",2021,"Import",5,1.482,433,8,"Kg",433
"S3","RWA","0575","Rwanda","KEN","Kenya",2022,"Gross Imp.",1,12.68,3843,8,"Kg",3843
"S3","RWA","0575","Rwanda","KEN","Kenya",2022,"Import",5,12.68,3843,8,"Kg",3843
"S3","RWA","0575","Rwanda","LBN","Lebanon",2022,"Gross Imp.",1,2.12,495,8,"Kg",495
"S3","RWA","0575","Rwanda","LBN","Lebanon",2022,"Import",5,2.12,495,8,"Kg",495
"S3","RWA","0575","Rwanda","MYS","Malaysia",2022,"Gross Imp.",1,0.663,188,8,"Kg",188
"S3","RWA","0575","Rwanda","MYS","Malaysia",2022,"Import",5,0.663,188,8,"Kg",188
"S3","RWA","0575","Rwanda","NLD","Netherlands",2020,"Gross Imp.",1,0.11,20,8,"Kg",20
"S3","RWA","0575","Rwanda","NLD","Netherlands",2020,"Import",5,0.11,20,8,"Kg",20
"S3","RWA","0575","Rwanda","NLD","Netherlands",2021,"Gross Imp.",1,0.151,23,8,"Kg",23
"S3","RWA","0575","Rwanda","NLD","Netherlands",2021,"Import",5,0.151,23,8,"Kg",23
"S3","RWA","0575","Rwanda","NLD","Netherlands",2022,"Gross Imp.",1,0.502,38,8,"Kg",38
"S3","RWA","0575","Rwanda","NLD","Netherlands",2022,"Import",5,0.502,38,8,"Kg",38
"S3","RWA","0575","Rwanda","OMN","Oman",2020,"Gross Imp.",1,0.296,300,8,"Kg",300
"S3","RWA","0575","Rwanda","OMN","Oman",2020,"Import",5,0.296,300,8,"Kg",300
"S3","RWA","0575","Rwanda","TUR","Turkey",2020,"Gross Imp.",1,14.068,5950,8,"Kg",5950
"S3","RWA","0575","Rwanda","TUR","Turkey",2020,"Import",5,14.068,5950,8,"Kg",5950
"S3","RWA","0575","Rwanda","TUR","Turkey",2021,"Gross Imp.",1,0.665,168.02,8,"Kg",168
"S3","RWA","0575","Rwanda","TUR","Turkey",2021,"Import",5,0.665,168.02,8,"Kg",168
"S3","RWA","0575","Rwanda","TUR","Turkey",2022,"Gross Imp.",1,5.248,1194.92,8,"Kg",1195
"S3","RWA","0575","Rwanda","TUR","Turkey",2022,"Import",5,5.248,1194.92,8,"Kg",1195
"S3","RWA","0575","Rwanda","TZA","Tanzania",2020,"Gross Imp.",1,0.76,1014,8,"Kg",1014
"S3","RWA","0575","Rwanda","TZA","Tanzania",2020,"Import",5,0.76,1014,8,"Kg",1014
"S3","RWA","0575","Rwanda","TZA","Tanzania",2021,"Gross Imp.",1,25.773,23517,8,"Kg",23517
"S3","RWA","0575","Rwanda","TZA","Tanzania",2021,"Import",5,25.773,23517,8,"Kg",23517
"S3","RWA","0575","Rwanda","TZA","Tanzania",2022,"Gross Imp.",1,13.612,13205,8,"Kg",13205
"S3","RWA","0575","Rwanda","TZA","Tanzania",2022,"Import",5,13.612,13205,8,"Kg",13205
"S3","RWA","0575","Rwanda","UGA","Uganda",2022,"Gross Imp.",1,0.478,304,8,"Kg",304
"S3","RWA","0575","Rwanda","UGA","Uganda",2022,"Import",5,0.478,304,8,"Kg",304
"S3","RWA","0575","Rwanda","USA","United States",2022,"Gross Imp.",1,0.303,120,8,"Kg",120
"S3","RWA","0575","Rwanda","USA","United States",2022,"Import",5,0.303,120,8,"Kg",120
"S3","RWA","0575","Rwanda","WLD"," World",2020,"Export",6,0,0,8,"Kg",0
"S3","RWA","0575","Rwanda","WLD"," World",2020,"Gross Exp.",2,0.165,312.5,8,"Kg",313
"S3","RWA","0575","Rwanda","WLD"," World",2020,"Gross Imp.",1,47.189,16581.39,8,"Kg",16581
"S3","RWA","0575","Rwanda","WLD"," World",2020,"Import",5,47.189,16581.39,8,"Kg",16581
"S3","RWA","0575","Rwanda","WLD"," World",2020,"Re-Export",3,0.165,312.5,8,"Kg",313
"S3","RWA","0575","Rwanda","WLD"," World",2021,"Export",6,0,0,8,"Kg",0
"S3","RWA","0575","Rwanda","WLD"," World",2021,"Gross Exp.",2,1.877,633,8,"Kg",633
"S3","RWA","0575","Rwanda","WLD"," World",2021,"Gross Imp.",1,68.749,41953.15,8,"Kg",41953
"S3","RWA","0575","Rwanda","WLD"," World",2021,"Import",5,68.749,41953.15,8,"Kg",41953
"S3","RWA","0575","Rwanda","WLD"," World",2021,"Re-Export",3,1.877,633,8,"Kg",633
"S3","RWA","0575","Rwanda","WLD"," World",2022,"Export",6,0,0,8,"Kg",0
"S3","RWA","0575","Rwanda","WLD"," World",2022,"Gross Exp.",2,0.982,1310,8,"Kg",1310
"S3","RWA","0575","Rwanda","WLD"," World",2022,"Gross Imp.",1,153.89,62924.419,8,"Kg",62924
"S3","RWA","0575","Rwanda","WLD"," World",2022,"Import",5,153.89,62924.419,8,"Kg",62924
"S3","RWA","0575","Rwanda","WLD"," World",2022,"Re-Export",3,0.982,1310,8,"Kg",1310
"S3","RWA","0575","Rwanda","ZAF","South Africa",2020,"Gross Imp.",1,0.277,55,8,"Kg",55
"S3","RWA","0575","Rwanda","ZAF","South Africa",2020,"Import",5,0.277,55,8,"Kg",55
"S3","RWA","0575","Rwanda","ZAF","South Africa",2021,"Gross Imp.",1,0.571,165,8,"Kg",165
"S3","RWA","0575","Rwanda","ZAF","South Africa",2021,"Import",5,0.571,165,8,"Kg",165
"S3","RWA","0575","Rwanda","ZAF","South Africa",2022,"Gross Imp.",1,39.091,11414,8,"Kg",11414
"S3","RWA","0575","Rwanda","ZAF","South Africa",2022,"Import",5,39.091,11414,8,"Kg",11414
"S3","RWA","0575","Rwanda","ZAR","Congo, Dem. Rep.",2020,"Export",6,0,0,8,"Kg",0
"S3","RWA","0575","Rwanda","ZAR","Congo, Dem. Rep.",2020,"Gross Exp.",2,0.165,312.5,8,"Kg",313
"S3","RWA","0575","Rwanda","ZAR","Congo, Dem. Rep.",2020,"Re-Export",3,0.165,312.5,8,"Kg",313
"S3","RWA","0575","Rwanda","ZAR","Congo, Dem. Rep.",2021,"Export",6,0,0,8,"Kg",0
"S3","RWA","0575","Rwanda","ZAR","Congo, Dem. Rep.",2021,"Gross Exp.",2,1.877,633,8,"Kg",633
"S3","RWA","0575","Rwanda","ZAR","Congo, Dem. Rep.",2021,"Gross Imp.",1,1.919,1696.5,8,"Kg",1697
"S3","RWA","0575","Rwanda","ZAR","Congo, Dem. Rep.",2021,"Import",5,1.919,1696.5,8,"Kg",1697
"S3","RWA","0575","Rwanda","ZAR","Congo, Dem. Rep.",2021,"Re-Export",3,1.877,633,8,"Kg",633
"S3","RWA","0575","Rwanda","ZAR","Congo, Dem. Rep.",2022,"Export",6,0,0,8,"Kg",0
"S3","RWA","0575","Rwanda","ZAR","Congo, Dem. Rep.",2022,"Gross Exp.",2,0.982,1310,8,"Kg",1310
"S3","RWA","0575","Rwanda","ZAR","Congo, Dem. Rep.",2022,"Gross Imp.",1,5.602,2628.5,8,"Kg",2629
"S3","RWA","0575","Rwanda","ZAR","Congo, Dem. Rep.",2022,"Import",5,5.602,2628.5,8,"Kg",2629
"S3","RWA","0575","Rwanda","ZAR","Congo, Dem. Rep.",2022,"Re-Export",3,0.982,1310,8,"Kg",1310
"S3","RWA","0576","Rwanda","AFG","Afghanistan",2021,"Gross Imp.",1,0.109,10,8,"Kg",10
"S3","RWA","0576","Rwanda","AFG","Afghanistan",2021,"Import",5,0.109,10,8,"Kg",10
"S3","RWA","0576","Rwanda","ALB","Albania",2022,"Gross Imp.",1,0.012,38,8,"Kg",38
"S3","RWA","0576","Rwanda","ALB","Albania",2022,"Import",5,0.012,38,8,"Kg",38
"S3","RWA","0576","Rwanda","ARE","United Arab Emirates",2020,"Gross Imp.",1,0.136,80,8,"Kg",80
"S3","RWA","0576","Rwanda","ARE","United Arab Emirates",2020,"Import",5,0.136,80,8,"Kg",80
"S3","RWA","0576","Rwanda","ARE","United Arab Emirates",2021,"Gross Imp.",1,0.08,60,8,"Kg",60
"S3","RWA","0576","Rwanda","ARE","United Arab Emirates",2021,"Import",5,0.08,60,8,"Kg",60
"S3","RWA","0576","Rwanda","ARE","United Arab Emirates",2022,"Gross Imp.",1,0.014,10,8,"Kg",10
"S3","RWA","0576","Rwanda","ARE","United Arab Emirates",2022,"Import",5,0.014,10,8,"Kg",10
"S3","RWA","0576","Rwanda","CHN","China",2022,"Gross Imp.",1,0.09,20,8,"Kg",20
"S3","RWA","0576","Rwanda","CHN","China",2022,"Import",5,0.09,20,8,"Kg",20
"S3","RWA","0576","Rwanda","FRA","France",2021,"Gross Imp.",1,0.204,24,8,"Kg",24
"S3","RWA","0576","Rwanda","FRA","France",2021,"Import",5,0.204,24,8,"Kg",24
"S3","RWA","0576","Rwanda","IND","India",2020,"Gross Imp.",1,0.622,81.6,8,"Kg",82
"S3","RWA","0576","Rwanda","IND","India",2020,"Import",5,0.622,81.6,8,"Kg",82
"S3","RWA","0576","Rwanda","IND","India",2021,"Gross Imp.",1,0.288,34.18,8,"Kg",34
"S3","RWA","0576","Rwanda","IND","India",2021,"Import",5,0.288,34.18,8,"Kg",34
"S3","RWA","0576","Rwanda","IND","India",2022,"Gross Imp.",1,0.823,127.64,8,"Kg",128
"S3","RWA","0576","Rwanda","IND","India",2022,"Import",5,0.823,127.64,8,"Kg",128
"S3","RWA","0576","Rwanda","ITA","Italy",2020,"Gross Imp.",1,0.067,3,8,"Kg",3
"S3","RWA","0576","Rwanda","ITA","Italy",2020,"Import",5,0.067,3,8,"Kg",3
"S3","RWA","0576","Rwanda","NLD","Netherlands",2020,"Gross Imp.",1,0.065,10,8,"Kg",10
"S3","RWA","0576","Rwanda","NLD","Netherlands",2020,"Import",5,0.065,10,8,"Kg",10
"S3","RWA","0576","Rwanda","TUR","Turkey",2022,"Gross Imp.",1,0.225,32.4,8,"Kg",32
"S3","RWA","0576","Rwanda","TUR","Turkey",2022,"Import",5,0.225,32.4,8,"Kg",32
"S3","RWA","0576","Rwanda","WLD"," World",2020,"Gross Imp.",1,0.89,174.6,8,"Kg",175
"S3","RWA","0576","Rwanda","WLD"," World",2020,"Import",5,0.89,174.6,8,"Kg",175
"S3","RWA","0576","Rwanda","WLD"," World",2021,"Gross Imp.",1,0.681,128.18,8,"Kg",128
"S3","RWA","0576","Rwanda","WLD"," World",2021,"Import",5,0.681,128.18,8,"Kg",128
"S3","RWA","0576","Rwanda","WLD"," World",2022,"Gross Imp.",1,1.164,228.04,8,"Kg",228
"S3","RWA","0576","Rwanda","WLD"," World",2022,"Import",5,1.164,228.04,8,"Kg",228
"S3","RWA","0577","Rwanda","ARE","United Arab Emirates",2020,"Export",6,0,0,8,"Kg",0
"S3","RWA","0577","Rwanda","ARE","United Arab Emirates",2020,"Gross Exp.",2,0.088,5,8,"Kg",5
"S3","RWA","0577","Rwanda","ARE","United Arab Emirates",2020,"Gross Imp.",1,4.39,3158,8,"Kg",3158
"S3","RWA","0577","Rwanda","ARE","United Arab Emirates",2020,"Import",5,4.39,3158,8,"Kg",3158
"S3","RWA","0577","Rwanda","ARE","United Arab Emirates",2020,"Re-Export",3,0.088,5,8,"Kg",5
"S3","RWA","0577","Rwanda","ARE","United Arab Emirates",2021,"Gross Imp.",1,11.54,9403.8,8,"Kg",9404
"S3","RWA","0577","Rwanda","ARE","United Arab Emirates",2021,"Import",5,11.54,9403.8,8,"Kg",9404
"S3","RWA","0577","Rwanda","ARE","United Arab Emirates",2022,"Gross Imp.",1,12.195,16169.98,8,"Kg",16170
"S3","RWA","0577","Rwanda","ARE","United Arab Emirates",2022,"Import",5,12.195,16169.98,8,"Kg",16170
"S3","RWA","0577","Rwanda","BEL","Belgium",2020,"Gross Imp.",1,2.948,213.84,8,"Kg",214
"S3","RWA","0577","Rwanda","BEL","Belgium",2020,"Import",5,2.948,213.84,8,"Kg",214
"S3","RWA","0577","Rwanda","BEL","Belgium",2021,"Gross Imp.",1,3.544,1069.5,8,"Kg",1070
"S3","RWA","0577","Rwanda","BEL","Belgium",2021,"Import",5,3.544,1069.5,8,"Kg",1070
"S3","RWA","0577","Rwanda","BEL","Belgium",2022,"Gross Imp.",1,3.127,1270.86,8,"Kg",1271
"S3","RWA","0577","Rwanda","BEL","Belgium",2022,"Import",5,3.127,1270.86,8,"Kg",1271
"S3","RWA","0577","Rwanda","BOL","Bolivia",2022,"Gross Imp.",1,0.017,60,8,"Kg",60
"S3","RWA","0577","Rwanda","BOL","Bolivia",2022,"Import",5,0.017,60,8,"Kg",60
"S3","RWA","0577","Rwanda","BRA","Brazil",2021,"Gross Imp.",1,0.002,20,8,"Kg",20
"S3","RWA","0577","Rwanda","BRA","Brazil",2021,"Import",5,0.002,20,8,"Kg",20
"S3","RWA","0577","Rwanda","CHE","Switzerland",2022,"Gross Imp.",1,0.044,2,8,"Kg",2
"S3","RWA","0577","Rwanda","CHE","Switzerland",2022,"Import",5,0.044,2,8,"Kg",2
"S3","RWA","0577","Rwanda","CHN","China",2020,"Gross Imp.",1,0.161,30,8,"Kg",30
"S3","RWA","0577","Rwanda","CHN","China",2020,"Import",5,0.161,30,8,"Kg",30
"S3","RWA","0577","Rwanda","CHN","China",2021,"Gross Imp.",1,0.17,103,8,"Kg",103
"S3","RWA","0577","Rwanda","CHN","China",2021,"Import",5,0.17,103,8,"Kg",103
"S3","RWA","0577","Rwanda","CHN","China",2022,"Gross Imp.",1,2.408,1011.02,8,"Kg",1011
"S3","RWA","0577","Rwanda","CHN","China",2022,"Import",5,2.408,1011.02,8,"Kg",1011
"S3","RWA","0577","Rwanda","CIV","Cote d'Ivoire",2020,"Gross Imp.",1,0.227,120,8,"Kg",120
"S3","RWA","0577","Rwanda","CIV","Cote d'Ivoire",2020,"Import",5,0.227,120,8,"Kg",120
"S3","RWA","0577","Rwanda","DEU","Germany",2020,"Gross Imp.",1,1.786,89,8,"Kg",89
"S3","RWA","0577","Rwanda","DEU","Germany",2020,"Import",5,1.786,89,8,"Kg",89
"S3","RWA","0577","Rwanda","DEU","Germany",2021,"Gross Imp.",1,4.921,415.2,8,"Kg",415
"S3","RWA","0577","Rwanda","DEU","Germany",2021,"Import",5,4.921,415.2,8,"Kg",415
"S3","RWA","0577","Rwanda","DEU","Germany",2022,"Export",6,34.317,1383,8,"Kg",1383
"S3","RWA","0577","Rwanda","DEU","Germany",2022,"Gross Exp.",2,34.317,1383,8,"Kg",1383
"S3","RWA","0577","Rwanda","DEU","Germany",2022,"Gross Imp.",1,0.949,102,8,"Kg",102
"S3","RWA","0577","Rwanda","DEU","Germany",2022,"Import",5,0.949,102,8,"Kg",102
"S3","RWA","0577","Rwanda","DNK","Denmark",2020,"Gross Imp.",1,0.218,9,8,"Kg",9
"S3","RWA","0577","Rwanda","DNK","Denmark",2020,"Import",5,0.218,9,8,"Kg",9
"S3","RWA","0577","Rwanda","DNK","Denmark",2021,"Gross Imp.",1,0.11,8,8,"Kg",8
"S3","RWA","0577","Rwanda","DNK","Denmark",2021,"Import",5,0.11,8,8,"Kg",8
"S3","RWA","0577","Rwanda","DNK","Denmark",2022,"Gross Imp.",1,0.056,7.2,8,"Kg",7
"S3","RWA","0577","Rwanda","DNK","Denmark",2022,"Import",5,0.056,7.2,8,"Kg",7
"S3","RWA","0577","Rwanda","FRA","France",2021,"Gross Imp.",1,2.671,166.46,8,"Kg",166
"S3","RWA","0577","Rwanda","FRA","France",2021,"Import",5,2.671,166.46,8,"Kg",166
"S3","RWA","0577","Rwanda","FRA","France",2022,"Gross Imp.",1,1.699,81.46,8,"Kg",81
"S3","RWA","0577","Rwanda","FRA","France",2022,"Import",5,1.699,81.46,8,"Kg",81
"S3","RWA","0577","Rwanda","GBR","United Kingdom",2020,"Export",6,0.069,2,8,"Kg",2
"S3","RWA","0577","Rwanda","GBR","United Kingdom",2020,"Gross Exp.",2,0.069,2,8,"Kg",2
"S3","RWA","0577","Rwanda","GBR","United Kingdom",2021,"Gross Imp.",1,0.524,48,8,"Kg",48
"S3","RWA","0577","Rwanda","GBR","United Kingdom",2021,"Import",5,0.524,48,8,"Kg",48
"S3","RWA","0577","Rwanda","GHA","Ghana",2020,"Gross Imp.",1,0.005,1,8,"Kg",1
"S3","RWA","0577","Rwanda","GHA","Ghana",2020,"Import",5,0.005,1,8,"Kg",1
"S3","RWA","0577","Rwanda","HKG","Hong Kong, China",2021,"Gross Imp.",1,0.008,2.16,8,"Kg",2
"S3","RWA","0577","Rwanda","HKG","Hong Kong, China",2021,"Import",5,0.008,2.16,8,"Kg",2
"S3","RWA","0577","Rwanda","HKG","Hong Kong, China",2022,"Gross Imp.",1,0.021,14,8,"Kg",14
"S3","RWA","0577","Rwanda","HKG","Hong Kong, China",2022,"Import",5,0.021,14,8,"Kg",14
"S3","RWA","0577","Rwanda","IND","India",2020,"Gross Imp.",1,3.022,1026.59,8,"Kg",1027
"S3","RWA","0577","Rwanda","IND","India",2020,"Import",5,3.022,1026.59,8,"Kg",1027
"S3","RWA","0577","Rwanda","IND","India",2021,"Gross Imp.",1,2.841,1069.18,8,"Kg",1069
"S3","RWA","0577","Rwanda","IND","India",2021,"Import",5,2.841,1069.18,8,"Kg",1069
"S3","RWA","0577","Rwanda","IND","India",2022,"Gross Imp.",1,4.054,1023.494,8,"Kg",1023
"S3","RWA","0577","Rwanda","IND","India",2022,"Import",5,4.054,1023.494,8,"Kg",1023
"S3","RWA","0577","Rwanda","ITA","Italy",2022,"Gross Imp.",1,0.605,37.02,8,"Kg",37
"S3","RWA","0577","Rwanda","ITA","Italy",2022,"Import",5,0.605,37.02,8,"Kg",37
"S3","RWA","0577","Rwanda","JPN","Japan",2021,"Export",6,0.023,24,8,"Kg",24
"S3","RWA","0577","Rwanda","JPN","Japan",2021,"Gross Exp.",2,0.023,24,8,"Kg",24
"S3","RWA","0577","Rwanda","JPN","Japan",2022,"Export",6,1.359,111.34,8,"Kg",111
"S3","RWA","0577","Rwanda","JPN","Japan",2022,"Gross Exp.",2,1.359,111.34,8,"Kg",111
"S3","RWA","0577","Rwanda","KEN","Kenya",2020,"Gross Imp.",1,13.164,6374.64,8,"Kg",6375
"S3","RWA","0577","Rwanda","KEN","Kenya",2020,"Import",5,13.164,6374.64,8,"Kg",6375
"S3","RWA","0577","Rwanda","KEN","Kenya",2021,"Gross Imp.",1,11.07,4679.56,8,"Kg",4680
"S3","RWA","0577","Rwanda","KEN","Kenya",2021,"Import",5,11.07,4679.56,8,"Kg",4680
"S3","RWA","0577","Rwanda","KEN","Kenya",2022,"Gross Imp.",1,12.638,6377.12,8,"Kg",6377
"S3","RWA","0577","Rwanda","KEN","Kenya",2022,"Import",5,12.638,6377.12,8,"Kg",6377
"S3","RWA","0577","Rwanda","LUX","Luxembourg",2022,"Gross Imp.",1,0.239,17.82,8,"Kg",18
"S3","RWA","0577","Rwanda","LUX","Luxembourg",2022,"Import",5,0.239,17.82,8,"Kg",18
"S3","RWA","0577","Rwanda","MYS","Malaysia",2021,"Gross Imp.",1,0.067,20,8,"Kg",20
"S3","RWA","0577","Rwanda","MYS","Malaysia",2021,"Import",5,0.067,20,8,"Kg",20
"S3","RWA","0577","Rwanda","NLD","Netherlands",2022,"Gross Imp.",1,0.129,45,8,"Kg",45
"S3","RWA","0577","Rwanda","NLD","Netherlands",2022,"Import",5,0.129,45,8,"Kg",45
"S3","RWA","0577","Rwanda","PAK","Pakistan",2021,"Gross Imp.",1,0.213,361,8,"Kg",361
"S3","RWA","0577","Rwanda","PAK","Pakistan",2021,"Import",5,0.213,361,8,"Kg",361
"S3","RWA","0577","Rwanda","PHL","Philippines",2021,"Gross Imp.",1,0.011,2.86,8,"Kg",3
"S3","RWA","0577","Rwanda","PHL","Philippines",2021,"Import",5,0.011,2.86,8,"Kg",3
"S3","RWA","0577","Rwanda","PHL","Philippines",2022,"Gross Imp.",1,0.056,11.44,8,"Kg",11
"S3","RWA","0577","Rwanda","PHL","Philippines",2022,"Import",5,0.056,11.44,8,"Kg",11
"S3","RWA","0577","Rwanda","RUS","Russian Federation",2020,"Export",6,124.451,35190,8,"Kg",35190
"S3","RWA","0577","Rwanda","RUS","Russian Federation",2020,"Gross Exp.",2,124.451,35190,8,"Kg",35190
"S3","RWA","0577","Rwanda","RUS","Russian Federation",2021,"Export",6,67.049,11070,8,"Kg",11070
"S3","RWA","0577","Rwanda","RUS","Russian Federation",2021,"Gross Exp.",2,67.049,11070,8,"Kg",11070
"S3","RWA","0577","Rwanda","TUR","Turkey",2021,"Gross Imp.",1,1.386,169,8,"Kg",169
"S3","RWA","0577","Rwanda","TUR","Turkey",2021,"Import",5,1.386,169,8,"Kg",169
"S3","RWA","0577","Rwanda","TUR","Turkey",2022,"Gross Imp.",1,0.019,50,8,"Kg",50
"S3","RWA","0577","Rwanda","TUR","Turkey",2022,"Import",5,0.019,50,8,"Kg",50
"S3","RWA","0577","Rwanda","TZA","Tanzania",2020,"Gross Imp.",1,37.992,38761,8,"Kg",38761
"S3","RWA","0577","Rwanda","TZA","Tanzania",2020,"Import",5,37.992,38761,8,"Kg",38761
"S3","RWA","0577","Rwanda","TZA","Tanzania",2021,"Gross Imp.",1,76.078,30384,8,"Kg",30384
"S3","RWA","0577","Rwanda","TZA","Tanzania",2021,"Import",5,76.078,30384,8,"Kg",30384
"S3","RWA","0577","Rwanda","TZA","Tanzania",2022,"Gross Imp.",1,94.34,36001,8,"Kg",36001
"S3","RWA","0577","Rwanda","TZA","Tanzania",2022,"Import",5,94.34,36001,8,"Kg",36001
"S3","RWA","0577","Rwanda","UGA","Uganda",2022,"Gross Imp.",1,0.016,25,8,"Kg",25
"S3","RWA","0577","Rwanda","UGA","Uganda",2022,"Import",5,0.016,25,8,"Kg",25
"S3","RWA","0577","Rwanda","USA","United States",2020,"Export",6,502.949,33475.2,8,"Kg",33475
"S3","RWA","0577","Rwanda","USA","United States",2020,"Gross Exp.",2,502.949,33475.2,8,"Kg",33475
"S3","RWA","0577","Rwanda","USA","United States",2021,"Export",6,265.284,21920.18,8,"Kg",21920
"S3","RWA","0577","Rwanda","USA","United States",2021,"Gross Exp.",2,265.284,21920.18,8,"Kg",21920
"S3","RWA","0577","Rwanda","USA","United States",2021,"Gross Imp.",1,0.823,567.9,8,"Kg",568
"S3","RWA","0577","Rwanda","USA","United States",2021,"Import",5,0.823,567.9,8,"Kg",568
"S3","RWA","0577","Rwanda","USA","United States",2022,"Export",6,579.547,55745.38,8,"Kg",55745
"S3","RWA","0577","Rwanda","USA","United States",2022,"Gross Exp.",2,579.547,55745.38,8,"Kg",55745
"S3","RWA","0577","Rwanda","USA","United States",2022,"Gross Imp.",1,1.527,1357.94,8,"Kg",1358
"S3","RWA","0577","Rwanda","USA","United States",2022,"Import",5,1.527,1357.94,8,"Kg",1358
"S3","RWA","0577","Rwanda","VNM","Vietnam",2020,"Export",6,1580.26,447810,8,"Kg",447810
"S3","RWA","0577","Rwanda","VNM","Vietnam",2020,"Gross Exp.",2,1580.26,447810,8,"Kg",447810
"S3","RWA","0577","Rwanda","VNM","Vietnam",2021,"Export",6,1615.586,525420,8,"Kg",525420
"S3","RWA","0577","Rwanda","VNM","Vietnam",2021,"Gross Exp.",2,1615.586,525420,8,"Kg",525420
"S3","RWA","0577","Rwanda","VNM","Vietnam",2022,"Export",6,1480.042,606660,8,"Kg",606660
"S3","RWA","0577","Rwanda","VNM","Vietnam",2022,"Gross Exp.",2,1480.042,606660,8,"Kg",606660
"S3","RWA","0577","Rwanda","WLD"," World",2020,"Export",6,2207.729,516477.2,8,"Kg",516477
"S3","RWA","0577","Rwanda","WLD"," World",2020,"Gross Exp.",2,2211.37,520667.2,8,"Kg",520667
"S3","RWA","0577","Rwanda","WLD"," World",2020,"Gross Imp.",1,65.561,49885.07,8,"Kg",49885
"S3","RWA","0577","Rwanda","WLD"," World",2020,"Import",5,65.561,49885.07,8,"Kg",49885
"S3","RWA","0577","Rwanda","WLD"," World",2020,"Re-Export",3,3.641,4190,8,"Kg",4190
"S3","RWA","0577","Rwanda","WLD"," World",2021,"Export",6,1947.942,558434.18,8,"Kg",558434
"S3","RWA","0577","Rwanda","WLD"," World",2021,"Gross Exp.",2,1949.578,559303.78,8,"Kg",559304
"S3","RWA","0577","Rwanda","WLD"," World",2021,"Gross Imp.",1,117.22,48686.62,8,"Kg",48687
"S3","RWA","0577","Rwanda","WLD"," World",2021,"Import",5,117.22,48686.62,8,"Kg",48687
"S3","RWA","0577","Rwanda","WLD"," World",2021,"Re-Export",3,1.636,869.6,8,"Kg",870
"S3","RWA","0577","Rwanda","WLD"," World",2022,"Export",6,2100.317,668899.72,8,"Kg",668900
"S3","RWA","0577","Rwanda","WLD"," World",2022,"Gross Exp.",2,2102.722,670706.12,8,"Kg",670706
"S3","RWA","0577","Rwanda","WLD"," World",2022,"Gross Imp.",1,135.369,63833.354,8,"Kg",63833
"S3","RWA","0612","Rwanda","ZWE","Zimbabwe",2022,"Import",5,1342.088,1758408,8,"Kg",1758408
"S3","RWA","062","Rwanda","ALB","Albania",2022,"Gross Imp.",1,1.027,300,8,"Kg",300
"S3","RWA","062","Rwanda","ALB","Albania",2022,"Import",5,1.027,300,8,"Kg",300
"S3","RWA","062","Rwanda","ARE","United Arab Emirates",2020,"Export",6,0,0,8,"Kg",0
"S3","RWA","062","Rwanda","ARE","United Arab Emirates",2020,"Gross Exp.",2,1.599,1074,8,"Kg",1074
"S3","RWA","062","Rwanda","ARE","United Arab Emirates",2020,"Gross Imp.",1,162.759,105893.4,8,"Kg",105893
"S3","RWA","062","Rwanda","ARE","United Arab Emirates",2020,"Import",5,162.759,105893.4,8,"Kg",105893
"S3","RWA","062","Rwanda","ARE","United Arab Emirates",2020,"Re-Export",3,1.599,1074,8,"Kg",1074
"S3","RWA","062","Rwanda","ARE","United Arab Emirates",2021,"Export",6,0.001,1.75,8,"Kg",2
"S3","RWA","062","Rwanda","ARE","United Arab Emirates",2021,"Gross Exp.",2,3.825,601.75,8,"Kg",602
"S3","RWA","062","Rwanda","ARE","United Arab Emirates",2021,"Gross Imp.",1,75.632,38127,8,"Kg",38127
"S3","RWA","062","Rwanda","ARE","United Arab Emirates",2021,"Import",5,75.632,38127,8,"Kg",38127
"S3","RWA","062","Rwanda","ARE","United Arab Emirates",2021,"Re-Export",3,3.824,600,8,"Kg",600
"S3","RWA","062","Rwanda","ARE","United Arab Emirates",2022,"Gross Imp.",1,120.992,96760.98,8,"Kg",96761
"S3","RWA","062","Rwanda","ARE","United Arab Emirates",2022,"Import",5,120.992,96760.98,8,"Kg",96761
"S3","RWA","062","Rwanda","AUS","Australia",2022,"Gross Imp.",1,0.698,57,8,"Kg",57
"S3","RWA","062","Rwanda","AUS","Australia",2022,"Import",5,0.698,57,8,"Kg",57
"S3","RWA","062","Rwanda","BEL","Belgium",2020,"Gross Imp.",1,82.722,17518.7,8,"Kg",17519
"S3","RWA","062","Rwanda","BEL","Belgium",2020,"Import",5,82.722,17518.7,8,"Kg",17519
"S3","RWA","062","Rwanda","BEL","Belgium",2021,"Gross Imp.",1,84.621,19014.08,8,"Kg",19014
"S3","RWA","062","Rwanda","BEL","Belgium",2021,"Import",5,84.621,19014.08,8,"Kg",19014
"S3","RWA","062","Rwanda","BEL","Belgium",2022,"Gross Imp.",1,103.577,38030.63,8,"Kg",38031
"S3","RWA","062","Rwanda","BEL","Belgium",2022,"Import",5,103.577,38030.63,8,"Kg",38031
"S3","RWA","062","Rwanda","BRA","Brazil",2022,"Gross Imp.",1,0.22,60,8,"Kg",60
"S3","RWA","062","Rwanda","BRA","Brazil",2022,"Import",5,0.22,60,8,"Kg",60
"S3","RWA","062","Rwanda","CAN","Canada",2020,"Gross Imp.",1,0.025,7,8,"Kg",7
"S3","RWA","062","Rwanda","CAN","Canada",2020,"Import",5,0.025,7,8,"Kg",7
"S3","RWA","062","Rwanda","CHN","China",2020,"Gross Imp.",1,62.568,54918,8,"Kg",54918
"S3","RWA","062","Rwanda","CHN","China",2020,"Import",5,62.568,54918,8,"Kg",54918
"S3","RWA","062","Rwanda","CHN","China",2021,"Gross Imp.",1,54.066,43883,8,"Kg",43883
"S3","RWA","062","Rwanda","CHN","China",2021,"Import",5,54.066,43883,8,"Kg",43883
"S3","RWA","062","Rwanda","CHN","China",2022,"Gross Imp.",1,53.643,73267.14,8,"Kg",73267
"S3","RWA","062","Rwanda","CHN","China",2022,"Import",5,53.643,73267.14,8,"Kg",73267
"S3","RWA","062","Rwanda","COG","Congo, Rep.",2020,"Export",6,0.318,1900,8,"Kg",1900
"S3","RWA","062","Rwanda","COG","Congo, Rep.",2020,"Gross Exp.",2,0.318,1900,8,"Kg",1900
"S3","RWA","062","Rwanda","COL","Colombia",2021,"Gross Imp.",1,1.179,1253,8,"Kg",1253
"S3","RWA","062","Rwanda","COL","Colombia",2021,"Import",5,1.179,1253,8,"Kg",1253
"S3","RWA","062","Rwanda","CZE","Czech Republic",2022,"Gross Imp.",1,0.363,49.14,8,"Kg",49
"S3","RWA","062","Rwanda","CZE","Czech Republic",2022,"Import",5,0.363,49.14,8,"Kg",49
"S3","RWA","062","Rwanda","DEU","Germany",2020,"Gross Imp.",1,2.906,80,8,"Kg",80
"S3","RWA","062","Rwanda","DEU","Germany",2020,"Import",5,2.906,80,8,"Kg",80
"S3","RWA","062","Rwanda","DEU","Germany",2021,"Gross Imp.",1,3.161,140.9,8,"Kg",141
"S3","RWA","062","Rwanda","DEU","Germany",2021,"Import",5,3.161,140.9,8,"Kg",141
"S3","RWA","062","Rwanda","DEU","Germany",2022,"Gross Imp.",1,9.867,1388.38,8,"Kg",1388
"S3","RWA","062","Rwanda","DEU","Germany",2022,"Import",5,9.867,1388.38,8,"Kg",1388
"S3","RWA","062","Rwanda","DNK","Denmark",2020,"Gross Imp.",1,11.408,2444,8,"Kg",2444
"S3","RWA","062","Rwanda","DNK","Denmark",2020,"Import",5,11.408,2444,8,"Kg",2444
"S3","RWA","062","Rwanda","DNK","Denmark",2021,"Gross Imp.",1,16.645,3598,8,"Kg",3598
"S3","RWA","062","Rwanda","DNK","Denmark",2021,"Import",5,16.645,3598,8,"Kg",3598
"S3","RWA","062","Rwanda","DNK","Denmark",2022,"Gross Imp.",1,32.391,6401.23,8,"Kg",6401
"S3","RWA","062","Rwanda","DNK","Denmark",2022,"Import",5,32.391,6401.23,8,"Kg",6401
"S3","RWA","062","Rwanda","EGY","Egypt, Arab Rep.",2020,"Gross Imp.",1,224.665,166263.6,8,"Kg",166264
"S3","RWA","062","Rwanda","EGY","Egypt, Arab Rep.",2020,"Import",5,224.665,166263.6,8,"Kg",166264
"S3","RWA","062","Rwanda","EGY","Egypt, Arab Rep.",2021,"Gross Imp.",1,294.371,225820.76,8,"Kg",225821
"S3","RWA","062","Rwanda","EGY","Egypt, Arab Rep.",2021,"Import",5,294.371,225820.76,8,"Kg",225821
"S3","RWA","062","Rwanda","EGY","Egypt, Arab Rep.",2022,"Gross Imp.",1,419.82,292433,8,"Kg",292433
"S3","RWA","062","Rwanda","EGY","Egypt, Arab Rep.",2022,"Import",5,419.82,292433,8,"Kg",292433
"S3","RWA","062","Rwanda","ESP","Spain",2020,"Gross Imp.",1,0.443,68.4,8,"Kg",68
"S3","RWA","062","Rwanda","ESP","Spain",2020,"Import",5,0.443,68.4,8,"Kg",68
"S3","RWA","062","Rwanda","ESP","Spain",2021,"Gross Imp.",1,4.024,1519.02,8,"Kg",1519
"S3","RWA","062","Rwanda","ESP","Spain",2021,"Import",5,4.024,1519.02,8,"Kg",1519
"S3","RWA","062","Rwanda","ESP","Spain",2022,"Gross Imp.",1,8.732,1621.38,8,"Kg",1621
"S3","RWA","062","Rwanda","ESP","Spain",2022,"Import",5,8.732,1621.38,8,"Kg",1621
"S3","RWA","062","Rwanda","FRA","France",2020,"Gross Imp.",1,0.093,4,8,"Kg",4
"S3","RWA","062","Rwanda","FRA","France",2020,"Import",5,0.093,4,8,"Kg",4
"S3","RWA","062","Rwanda","FRA","France",2021,"Gross Imp.",1,0.988,239.26,8,"Kg",239
"S3","RWA","062","Rwanda","FRA","France",2021,"Import",5,0.988,239.26,8,"Kg",239
"S3","RWA","062","Rwanda","FRA","France",2022,"Gross Imp.",1,35.832,9183.62,8,"Kg",9184
"S3","RWA","062","Rwanda","FRA","France",2022,"Import",5,35.832,9183.62,8,"Kg",9184
"S3","RWA","062","Rwanda","GBR","United Kingdom",2020,"Gross Imp.",1,2.954,602,8,"Kg",602
"S3","RWA","062","Rwanda","GBR","United Kingdom",2020,"Import",5,2.954,602,8,"Kg",602
"S3","RWA","062","Rwanda","GBR","United Kingdom",2021,"Gross Imp.",1,6.621,865.9,8,"Kg",866
"S3","RWA","062","Rwanda","GBR","United Kingdom",2021,"Import",5,6.621,865.9,8,"Kg",866
"S3","RWA","062","Rwanda","GBR","United Kingdom",2022,"Gross Imp.",1,5.547,1586.63,8,"Kg",1587
"S3","RWA","062","Rwanda","GBR","United Kingdom",2022,"Import",5,5.547,1586.63,8,"Kg",1587
"S3","RWA","062","Rwanda","HKG","Hong Kong, China",2020,"Gross Imp.",1,0.76,320.86,8,"Kg",321
"S3","RWA","062","Rwanda","HKG","Hong Kong, China",2020,"Import",5,0.76,320.86,8,"Kg",321
"S3","RWA","062","Rwanda","HKG","Hong Kong, China",2021,"Gross Imp.",1,0.02,14.36,8,"Kg",14
"S3","RWA","062","Rwanda","HKG","Hong Kong, China",2021,"Import",5,0.02,14.36,8,"Kg",14
"S3","RWA","062","Rwanda","HKG","Hong Kong, China",2022,"Gross Imp.",1,0.462,126.98,8,"Kg",127
"S3","RWA","062","Rwanda","HKG","Hong Kong, China",2022,"Import",5,0.462,126.98,8,"Kg",127
"S3","RWA","062","Rwanda","IDN","Indonesia",2020,"Gross Imp.",1,0.494,150,8,"Kg",150
"S3","RWA","062","Rwanda","IDN","Indonesia",2020,"Import",5,0.494,150,8,"Kg",150
"S3","RWA","062","Rwanda","IDN","Indonesia",2022,"Gross Imp.",1,3.803,1860.46,8,"Kg",1860
"S3","RWA","062","Rwanda","IDN","Indonesia",2022,"Import",5,3.803,1860.46,8,"Kg",1860
"S3","RWA","062","Rwanda","IND","India",2020,"Gross Imp.",1,664.983,572399.5,8,"Kg",572400
"S3","RWA","062","Rwanda","IND","India",2020,"Import",5,664.983,572399.5,8,"Kg",572400
"S3","RWA","062","Rwanda","IND","India",2021,"Export",6,0,0,8,"Kg",0
"S3","RWA","062","Rwanda","IND","India",2021,"Gross Exp.",2,10.872,6384,8,"Kg",6384
"S3","RWA","062","Rwanda","IND","India",2021,"Gross Imp.",1,1044.563,791185.06,8,"Kg",791185
"S3","RWA","062","Rwanda","IND","India",2021,"Import",5,1044.563,791185.06,8,"Kg",791185
"S3","RWA","062","Rwanda","IND","India",2021,"Re-Export",3,10.872,6384,8,"Kg",6384
"S3","RWA","062","Rwanda","IND","India",2022,"Gross Imp.",1,4230.406,3176574.78,8,"Kg",3176575
"S3","RWA","062","Rwanda","IND","India",2022,"Import",5,4230.406,3176574.78,8,"Kg",3176575
"S3","RWA","062","Rwanda","IRL","Ireland",2020,"Gross Imp.",1,0.02,16,8,"Kg",16
"S3","RWA","062","Rwanda","IRL","Ireland",2020,"Import",5,0.02,16,8,"Kg",16
"S3","RWA","062","Rwanda","IRL","Ireland",2021,"Gross Imp.",1,0.113,6.96,8,"Kg",7
"S3","RWA","062","Rwanda","IRL","Ireland",2021,"Import",5,0.113,6.96,8,"Kg",7
"S3","RWA","062","Rwanda","IRN","Iran, Islamic Rep.",2022,"Gross Imp.",1,7.971,11066.4,8,"Kg",11066
"S3","RWA","062","Rwanda","IRN","Iran, Islamic Rep.",2022,"Import",5,7.971,11066.4,8,"Kg",11066
"S3","RWA","062","Rwanda","ISL","Iceland",2022,"Gross Imp.",1,0.353,17.4,8,"Kg",17
"S3","RWA","062","Rwanda","ISL","Iceland",2022,"Import",5,0.353,17.4,8,"Kg",17
"S3","RWA","062","Rwanda","ITA","Italy",2020,"Gross Imp.",1,0.082,30,8,"Kg",30
"S3","RWA","062","Rwanda","ITA","Italy",2020,"Import",5,0.082,30,8,"Kg",30
"S3","RWA","062","Rwanda","ITA","Italy",2022,"Gross Imp.",1,3.396,592.28,8,"Kg",592
"S3","RWA","062","Rwanda","ITA","Italy",2022,"Import",5,3.396,592.28,8,"Kg",592
"S3","RWA","062","Rwanda","KEN","Kenya",2020,"Gross Imp.",1,7602.187,5208576.6,8,"Kg",5208577
"S3","RWA","062","Rwanda","KEN","Kenya",2020,"Import",5,7602.187,5208576.6,8,"Kg",5208577
"S3","RWA","062","Rwanda","KEN","Kenya",2021,"Gross Imp.",1,10568.099,7220349.3,8,"Kg",7220349
"S3","RWA","062","Rwanda","KEN","Kenya",2021,"Import",5,10568.099,7220349.3,8,"Kg",7220349
"S3","RWA","062","Rwanda","KEN","Kenya",2022,"Export",6,0,0,8,"Kg",0
"S3","RWA","062","Rwanda","KEN","Kenya",2022,"Gross Exp.",2,0.731,820,8,"Kg",820
"S3","RWA","062","Rwanda","KEN","Kenya",2022,"Gross Imp.",1,14012.056,8175590.7,8,"Kg",8175591
"S3","RWA","062","Rwanda","KEN","Kenya",2022,"Import",5,14012.056,8175590.7,8,"Kg",8175591
"S3","RWA","062","Rwanda","KEN","Kenya",2022,"Re-Export",3,0.731,820,8,"Kg",820
"S3","RWA","062","Rwanda","KWT","Kuwait",2020,"Gross Imp.",1,0.145,211,8,"Kg",211
"S3","RWA","062","Rwanda","KWT","Kuwait",2020,"Import",5,0.145,211,8,"Kg",211
"S3","RWA","062","Rwanda","MAR","Morocco",2021,"Gross Imp.",1,0.093,15,8,"Kg",15
"S3","RWA","062","Rwanda","MAR","Morocco",2021,"Import",5,0.093,15,8,"Kg",15
"S3","RWA","062","Rwanda","MAR","Morocco",2022,"Gross Imp.",1,5.452,938.72,8,"Kg",939
"S3","RWA","062","Rwanda","MAR","Morocco",2022,"Import",5,5.452,938.72,8,"Kg",939
"S3","RWA","062","Rwanda","MKD","North Macedonia",2022,"Gross Imp.",1,3.151,1417,8,"Kg",1417
"S3","RWA","062","Rwanda","MKD","North Macedonia",2022,"Import",5,3.151,1417,8,"Kg",1417
"S3","RWA","062","Rwanda","NGA","Nigeria",2022,"Gross Imp.",1,1.074,178,8,"Kg",178
"S3","RWA","062","Rwanda","NGA","Nigeria",2022,"Import",5,1.074,178,8,"Kg",178
"S3","RWA","062","Rwanda","NLD","Netherlands",2020,"Gross Imp.",1,6.902,1889,8,"Kg",1889
"S3","RWA","062","Rwanda","NLD","Netherlands",2020,"Import",5,6.902,1889,8,"Kg",1889
"S3","RWA","062","Rwanda","NLD","Netherlands",2021,"Gross Imp.",1,8.892,1504,8,"Kg",1504
"S3","RWA","062","Rwanda","NLD","Netherlands",2021,"Import",5,8.892,1504,8,"Kg",1504
"S3","RWA","062","Rwanda","NLD","Netherlands",2022,"Gross Imp.",1,11.518,1486.18,8,"Kg",1486
"S3","RWA","062","Rwanda","NLD","Netherlands",2022,"Import",5,11.518,1486.18,8,"Kg",1486
"S3","RWA","062","Rwanda","PAK","Pakistan",2020,"Gross Imp.",1,102.225,50725.5,8,"Kg",50726
"S3","RWA","062","Rwanda","PAK","Pakistan",2020,"Import",5,102.225,50725.5,8,"Kg",50726
"S3","RWA","062","Rwanda","PAK","Pakistan",2021,"Gross Imp.",1,157.408,102306,8,"Kg",102306
"S3","RWA","062","Rwanda","PAK","Pakistan",2021,"Import",5,157.408,102306,8,"Kg",102306
"S3","RWA","062","Rwanda","PAK","Pakistan",2022,"Gross Imp.",1,152.104,114651.8,8,"Kg",114652
"S3","RWA","062","Rwanda","PAK","Pakistan",2022,"Import",5,152.104,114651.8,8,"Kg",114652
"S3","RWA","062","Rwanda","POL","Poland",2022,"Gross Imp.",1,0.557,72.8,8,"Kg",73
"S3","RWA","062","Rwanda","POL","Poland",2022,"Import",5,0.557,72.8,8,"Kg",73
"S3","RWA","062","Rwanda","RUS","Russian Federation",2020,"Gross Imp.",1,0.3,150,8,"Kg",150
"S3","RWA","062","Rwanda","RUS","Russian Federation",2020,"Import",5,0.3,150,8,"Kg",150
"S3","RWA","062","Rwanda","SAU","Saudi Arabia",2021,"Export",6,0.001,1.75,8,"Kg",2
"S3","RWA","062","Rwanda","SAU","Saudi Arabia",2021,"Gross Exp.",2,0.001,1.75,8,"Kg",2
"S3","RWA","062","Rwanda","TCA","Turks and Caicos Isl.",2021,"Gross Imp.",1,6.878,6477,8,"Kg",6477
"S3","RWA","062","Rwanda","TCA","Turks and Caicos Isl.",2021,"Import",5,6.878,6477,8,"Kg",6477
"S3","RWA","062","Rwanda","THA","Thailand",2022,"Gross Imp.",1,0.008,16,8,"Kg",16
"S3","RWA","062","Rwanda","THA","Thailand",2022,"Import",5,0.008,16,8,"Kg",16
"S3","RWA","062","Rwanda","TKL","Tokelau",2022,"Gross Imp.",1,0.545,210,8,"Kg",210
"S3","RWA","062","Rwanda","TKL","Tokelau",2022,"Import",5,0.545,210,8,"Kg",210
"S3","RWA","062","Rwanda","TUR","Turkey",2020,"Gross Imp.",1,53.48,28583.56,8,"Kg",28584
"S3","RWA","062","Rwanda","TUR","Turkey",2020,"Import",5,53.48,28583.56,8,"Kg",28584
"S3","RWA","062","Rwanda","TUR","Turkey",2021,"Gross Imp.",1,56.673,23052.15,8,"Kg",23052
"S3","RWA","062","Rwanda","TUR","Turkey",2021,"Import",5,56.673,23052.15,8,"Kg",23052
"S3","RWA","062","Rwanda","TUR","Turkey",2022,"Gross Imp.",1,236.436,129272.36,8,"Kg",129272
"S3","RWA","062","Rwanda","TUR","Turkey",2022,"Import",5,236.436,129272.36,8,"Kg",129272
"S3","RWA","062","Rwanda","TZA","Tanzania",2020,"Gross Imp.",1,422.405,262214.9,8,"Kg",262215
"S3","RWA","062","Rwanda","TZA","Tanzania",2020,"Import",5,422.405,262214.9,8,"Kg",262215
"S3","RWA","062","Rwanda","TZA","Tanzania",2021,"Gross Imp.",1,383.244,240952.5,8,"Kg",240953
"S3","RWA","062","Rwanda","TZA","Tanzania",2021,"Import",5,383.244,240952.5,8,"Kg",240953
"S3","RWA","062","Rwanda","TZA","Tanzania",2022,"Gross Imp.",1,316.463,201821,8,"Kg",201821
"S3","RWA","062","Rwanda","TZA","Tanzania",2022,"Import",5,316.463,201821,8,"Kg",201821
"S3","RWA","062","Rwanda","UGA","Uganda",2022,"Gross Imp.",1,158.027,103019,8,"Kg",103019
"S3","RWA","062","Rwanda","UGA","Uganda",2022,"Import",5,158.027,103019,8,"Kg",103019
"S3","RWA","062","Rwanda","USA","United States",2020,"Gross Imp.",1,0.429,77.6,8,"Kg",78
"S3","RWA","062","Rwanda","USA","United States",2020,"Import",5,0.429,77.6,8,"Kg",78
"S3","RWA","062","Rwanda","USA","United States",2022,"Gross Imp.",1,0.133,63,8,"Kg",63
"S3","RWA","062","Rwanda","USA","United States",2022,"Import",5,0.133,63,8,"Kg",63
"S3","RWA","062","Rwanda","VNM","Vietnam",2020,"Gross Imp.",1,86.597,12165.7,8,"Kg",12166
"S3","RWA","062","Rwanda","VNM","Vietnam",2020,"Import",5,86.597,12165.7,8,"Kg",12166
"S3","RWA","062","Rwanda","VNM","Vietnam",2021,"Gross Imp.",1,81.496,12204,8,"Kg",12204
"S3","RWA","062","Rwanda","VNM","Vietnam",2021,"Import",5,81.496,12204,8,"Kg",12204
"S3","RWA","062","Rwanda","VNM","Vietnam",2022,"Gross Imp.",1,181.789,24898.42,8,"Kg",24898
"S3","RWA","062","Rwanda","VNM","Vietnam",2022,"Import",5,181.789,24898.42,8,"Kg",24898
"S3","RWA","062","Rwanda","WLD"," World",2020,"Export",6,0.319,1900,8,"Kg",1900
"S3","RWA","062","Rwanda","WLD"," World",2020,"Gross Exp.",2,2834.271,1810680.3,8,"Kg",1810680
"S3","RWA","062","Rwanda","WLD"," World",2020,"Gross Imp.",1,9494.89,6485713.32,8,"Kg",6485713
"S3","RWA","062","Rwanda","WLD"," World",2020,"Import",5,9494.89,6485713.32,8,"Kg",6485713
"S3","RWA","062","Rwanda","WLD"," World",2020,"Re-Export",3,2833.952,1808780.3,8,"Kg",1808780
"S3","RWA","062","Rwanda","WLD"," World",2021,"Export",6,0.577,203.5,8,"Kg",204
"S3","RWA","062","Rwanda","WLD"," World",2021,"Gross Exp.",2,5033.633,3117062.3,8,"Kg",3117062
"S3","RWA","062","Rwanda","WLD"," World",2021,"Gross Imp.",1,12864.902,8745614.25,8,"Kg",8745614
"S3","RWA","062","Rwanda","WLD"," World",2021,"Import",5,12864.902,8745614.25,8,"Kg",8745614
"S3","RWA","062","Rwanda","WLD"," World",2021,"Re-Export",3,5033.056,3116858.8,8,"Kg",3116859
"S3","RWA","062","Rwanda","WLD"," World",2022,"Export",6,11.128,2705,8,"Kg",2705
"S3","RWA","062","Rwanda","WLD"," World",2022,"Gross Exp.",2,6576.861,3963481.4,8,"Kg",3963481
"S3","RWA","062","Rwanda","WLD"," World",2022,"Gross Imp.",1,20118.682,12465148.41,8,"Kg",12465148
"S3","RWA","062","Rwanda","WLD"," World",2022,"Import",5,20118.682,12465148.41,8,"Kg",12465148
"S3","RWA","062","Rwanda","WLD"," World",2022,"Re-Export",3,6565.733,3960776.4,8,"Kg",3960776
"S3","RWA","062","Rwanda","ZAF","South Africa",2020,"Gross Imp.",1,3.338,404,8,"Kg",404
"S3","RWA","062","Rwanda","ZAF","South Africa",2020,"Import",5,3.338,404,8,"Kg",404
"S3","RWA","062","Rwanda","ZAF","South Africa",2021,"Gross Imp.",1,0.628,77,8,"Kg",77
"S3","RWA","062","Rwanda","ZAF","South Africa",2021,"Import",5,0.628,77,8,"Kg",77
"S3","RWA","062","Rwanda","ZAF","South Africa",2022,"Gross Imp.",1,0.173,116,8,"Kg",116
"S3","RWA","062","Rwanda","ZAF","South Africa",2022,"Import",5,0.173,116,8,"Kg",116
"S3","RWA","062","Rwanda","ZAR","Congo, Dem. Rep.",2020,"Export",6,0,0,8,"Kg",0
"S3","RWA","062","Rwanda","ZAR","Congo, Dem. Rep.",2020,"Gross Exp.",2,2832.353,1807706.3,8,"Kg",1807706
"S3","RWA","062","Rwanda","ZAR","Congo, Dem. Rep.",2020,"Re-Export",3,2832.353,1807706.3,8,"Kg",1807706
"S3","RWA","062","Rwanda","ZAR","Congo, Dem. Rep.",2021,"Export",6,0.575,200,8,"Kg",200
"S3","RWA","062","Rwanda","ZAR","Congo, Dem. Rep.",2021,"Gross Exp.",2,5018.935,3110074.8,8,"Kg",3110075
"S3","RWA","062","Rwanda","ZAR","Congo, Dem. Rep.",2021,"Gross Imp.",1,0.044,10,8,"Kg",10
"S3","RWA","062","Rwanda","ZAR","Congo, Dem. Rep.",2021,"Import",5,0.044,10,8,"Kg",10
"S3","RWA","062","Rwanda","ZAR","Congo, Dem. Rep.",2021,"Re-Export",3,5018.36,3109874.8,8,"Kg",3109875
"S3","RWA","062","Rwanda","ZAR","Congo, Dem. Rep.",2022,"Export",6,11.127,2705,8,"Kg",2705
"S3","RWA","062","Rwanda","ZAR","Congo, Dem. Rep.",2022,"Gross Exp.",2,6574.838,3962438.4,8,"Kg",3962438
"S3","RWA","062","Rwanda","ZAR","Congo, Dem. Rep.",2022,"Gross Imp.",1,0.097,20,8,"Kg",20
"S3","RWA","062","Rwanda","ZAR","Congo, Dem. Rep.",2022,"Import",5,0.097,20,8,"Kg",20
"S3","RWA","062","Rwanda","ZAR","Congo, Dem. Rep.",2022,"Re-Export",3,6563.711,3959733.4,8,"Kg",3959733
"S3","RWA","062","Rwanda","ZMB","Zambia",2021,"Gross Imp.",1,15.441,13000,8,"Kg",13000
"S3","RWA","062","Rwanda","ZMB","Zambia",2021,"Import",5,15.441,13000,8,"Kg",13000
"S3","RWA","062","Rwanda","ZMB","Zambia",2022,"Export",6,0,0,8,"Kg",0
"S3","RWA","062","Rwanda","ZMB","Zambia",2022,"Gross Exp.",2,1.292,223,8,"Kg",223
"S3","RWA","062","Rwanda","ZMB","Zambia",2022,"Re-Export",3,1.292,223,8,"Kg",223
"S3","RWA","0711","Rwanda","AFG","Afghanistan",2022,"Export",6,9.384,3192,8,"Kg",3192
"S3","RWA","0711","Rwanda","AFG","Afghanistan",2022,"Gross Exp.",2,9.384,3192,8,"Kg",3192
"S3","RWA","0711","Rwanda","ARE","United Arab Emirates",2020,"Export",6,90.104,22988,8,"Kg",22988
"S3","RWA","0711","Rwanda","ARE","United Arab Emirates",2020,"Gross Exp.",2,90.104,22988,8,"Kg",22988
"S3","RWA","0711","Rwanda","ARE","United Arab Emirates",2020,"Gross Imp.",1,0.479,570,8,"Kg",570
"S3","RWA","0711","Rwanda","ARE","United Arab Emirates",2020,"Import",5,0.479,570,8,"Kg",570
"S3","RWA","0711","Rwanda","ARE","United Arab Emirates",2021,"Export",6,195.863,19082.75,8,"Kg",19083
"S3","RWA","0711","Rwanda","ARE","United Arab Emirates",2021,"Gross Exp.",2,195.863,19082.75,8,"Kg",19083
"S3","RWA","0711","Rwanda","ARE","United Arab Emirates",2021,"Gross Imp.",1,625.547,106878,8,"Kg",106878
"S3","RWA","0711","Rwanda","ARE","United Arab Emirates",2021,"Import",5,625.547,106878,8,"Kg",106878
"S3","RWA","0711","Rwanda","ARE","United Arab Emirates",2022,"Export",6,1339.719,269157.1,8,"Kg",269157
"S3","RWA","0711","Rwanda","ARE","United Arab Emirates",2022,"Gross Exp.",2,1339.719,269157.1,8,"Kg",269157
"S3","RWA","0711","Rwanda","ARE","United Arab Emirates",2022,"Gross Imp.",1,1.825,1501.7,8,"Kg",1502
"S3","RWA","0711","Rwanda","ARE","United Arab Emirates",2022,"Import",5,1.825,1501.7,8,"Kg",1502
"S3","RWA","0711","Rwanda","AUS","Australia",2020,"Export",6,104.925,18054.82,8,"Kg",18055
"S3","RWA","0711","Rwanda","AUS","Australia",2020,"Gross Exp.",2,104.925,18054.82,8,"Kg",18055
"S3","RWA","0711","Rwanda","AUS","Australia",2021,"Export",6,332.393,51769.8,8,"Kg",51770
"S3","RWA","0711","Rwanda","AUS","Australia",2021,"Gross Exp.",2,332.393,51769.8,8,"Kg",51770
"S3","RWA","0711","Rwanda","AUS","Australia",2022,"Export",6,427.508,48616.2,8,"Kg",48616
"S3","RWA","0711","Rwanda","AUS","Australia",2022,"Gross Exp.",2,427.508,48616.2,8,"Kg",48616
"S3","RWA","0711","Rwanda","AUT","Austria",2021,"Export",6,216.707,30960,8,"Kg",30960
"S3","RWA","0711","Rwanda","AUT","Austria",2021,"Gross Exp.",2,216.707,30960,8,"Kg",30960
"S3","RWA","0711","Rwanda","AUT","Austria",2022,"Export",6,615.504,54480,8,"Kg",54480
"S3","RWA","0711","Rwanda","AUT","Austria",2022,"Gross Exp.",2,615.504,54480,8,"Kg",54480
"S3","RWA","0711","Rwanda","BEL","Belgium",2020,"Export",6,5421.814,1894136.8,8,"Kg",1894137
"S3","RWA","0711","Rwanda","BEL","Belgium",2020,"Gross Exp.",2,5421.814,1894136.8,8,"Kg",1894137
"S3","RWA","0711","Rwanda","BEL","Belgium",2021,"Export",6,1989.457,445722.8,8,"Kg",445723
"S3","RWA","0711","Rwanda","BEL","Belgium",2021,"Gross Exp.",2,1989.457,445722.8,8,"Kg",445723
"S3","RWA","0711","Rwanda","BEL","Belgium",2022,"Export",6,2838.623,455229.5,8,"Kg",455230
"S3","RWA","0711","Rwanda","BEL","Belgium",2022,"Gross Exp.",2,2838.623,455229.5,8,"Kg",455230
"S3","RWA","0711","Rwanda","BEL","Belgium",2022,"Gross Imp.",1,1.818,273,8,"Kg",273
"S3","RWA","0711","Rwanda","BEL","Belgium",2022,"Import",5,1.818,273,8,"Kg",273
"S3","RWA","0711","Rwanda","CAF","Central African Republic",2021,"Export",6,4.8,600,8,"Kg",600
"S3","RWA","0711","Rwanda","CAF","Central African Republic",2021,"Gross Exp.",2,4.8,600,8,"Kg",600
"S3","RWA","0711","Rwanda","CAN","Canada",2020,"Export",6,229.566,61300,8,"Kg",61300
"S3","RWA","0711","Rwanda","CAN","Canada",2020,"Gross Exp.",2,229.566,61300,8,"Kg",61300
"S3","RWA","0711","Rwanda","CAN","Canada",2020,"Gross Imp.",1,5.984,613,8,"Kg",613
"S3","RWA","0711","Rwanda","CAN","Canada",2020,"Import",5,5.984,613,8,"Kg",613
"S3","RWA","0711","Rwanda","CAN","Canada",2021,"Export",6,247.173,37419.07,8,"Kg",37419
"S3","RWA","0711","Rwanda","CAN","Canada",2021,"Gross Exp.",2,247.173,37419.07,8,"Kg",37419
"S3","RWA","0711","Rwanda","CAN","Canada",2022,"Export",6,2970.047,371314,8,"Kg",371314
"S3","RWA","0711","Rwanda","CAN","Canada",2022,"Gross Exp.",2,2970.047,371314,8,"Kg",371314
"S3","RWA","0711","Rwanda","CAN","Canada",2022,"Gross Imp.",1,0.06,6,8,"Kg",6
"S3","RWA","0711","Rwanda","CAN","Canada",2022,"Import",5,0.06,6,8,"Kg",6
"S3","RWA","0711","Rwanda","CHE","Switzerland",2020,"Export",6,15369.265,5150190,8,"Kg",5150190
"S3","RWA","0711","Rwanda","CHE","Switzerland",2020,"Gross Exp.",2,15369.265,5150190,8,"Kg",5150190
"S3","RWA","0711","Rwanda","CHE","Switzerland",2021,"Export",6,25696.56,5836380,8,"Kg",5836380
"S3","RWA","0711","Rwanda","CHE","Switzerland",2021,"Gross Exp.",2,25696.56,5836380,8,"Kg",5836380
"S3","RWA","0711","Rwanda","CHE","Switzerland",2022,"Export",6,16888.136,2910492,8,"Kg",2910492
"S3","RWA","0711","Rwanda","CHE","Switzerland",2022,"Gross Exp.",2,16888.136,2910492,8,"Kg",2910492
"S3","RWA","0711","Rwanda","CHN","China",2020,"Export",6,701.12,145219,8,"Kg",145219
"S3","RWA","0711","Rwanda","CHN","China",2020,"Gross Exp.",2,701.12,145219,8,"Kg",145219
"S3","RWA","0711","Rwanda","CHN","China",2021,"Export",6,333.698,59383.67,8,"Kg",59384
"S3","RWA","0711","Rwanda","CHN","China",2021,"Gross Exp.",2,333.698,59383.67,8,"Kg",59384
"S3","RWA","0711","Rwanda","CHN","China",2022,"Export",6,664.704,106437.4,8,"Kg",106437
"S3","RWA","0711","Rwanda","CHN","China",2022,"Gross Exp.",2,664.704,106437.4,8,"Kg",106437
"S3","RWA","0711","Rwanda","COG","Congo, Rep.",2021,"Export",6,0.877,150,8,"Kg",150
"S3","RWA","0711","Rwanda","COG","Congo, Rep.",2021,"Gross Exp.",2,0.877,150,8,"Kg",150
"S3","RWA","0711","Rwanda","CZE","Czech Republic",2020,"Export",6,71.218,14820,8,"Kg",14820
"S3","RWA","0711","Rwanda","CZE","Czech Republic",2020,"Gross Exp.",2,71.218,14820,8,"Kg",14820
"S3","RWA","0711","Rwanda","CZE","Czech Republic",2021,"Export",6,108.458,13777.51,8,"Kg",13778
"S3","RWA","0711","Rwanda","CZE","Czech Republic",2021,"Gross Exp.",2,108.458,13777.51,8,"Kg",13778
"S3","RWA","0711","Rwanda","CZE","Czech Republic",2022,"Export",6,55.896,10182,8,"Kg",10182
"S3","RWA","0711","Rwanda","CZE","Czech Republic",2022,"Gross Exp.",2,55.896,10182,8,"Kg",10182
"S3","RWA","0711","Rwanda","DEU","Germany",2020,"Export",6,711.464,168064,8,"Kg",168064
"S3","RWA","0711","Rwanda","DEU","Germany",2020,"Gross Exp.",2,711.464,168064,8,"Kg",168064
"S3","RWA","0711","Rwanda","DEU","Germany",2021,"Export",6,1730.065,360250.63,8,"Kg",360251
"S3","RWA","0711","Rwanda","DEU","Germany",2021,"Gross Exp.",2,1730.065,360250.63,8,"Kg",360251
"S3","RWA","0711","Rwanda","DEU","Germany",2022,"Export",6,4503.961,624915.4,8,"Kg",624915
"S3","RWA","0711","Rwanda","DEU","Germany",2022,"Gross Exp.",2,4503.961,624915.4,8,"Kg",624915
"S3","RWA","0711","Rwanda","EGY","Egypt, Arab Rep.",2020,"Export",6,2.27,262,8,"Kg",262
"S3","RWA","0711","Rwanda","EGY","Egypt, Arab Rep.",2020,"Gross Exp.",2,2.27,262,8,"Kg",262
"S3","RWA","0711","Rwanda","EGY","Egypt, Arab Rep.",2021,"Export",6,3.707,550,8,"Kg",550
"S3","RWA","0711","Rwanda","EGY","Egypt, Arab Rep.",2021,"Gross Exp.",2,3.707,550,8,"Kg",550
"S3","RWA","0711","Rwanda","EGY","Egypt, Arab Rep.",2022,"Export",6,1421.279,508629,8,"Kg",508629
"S3","RWA","0711","Rwanda","EGY","Egypt, Arab Rep.",2022,"Gross Exp.",2,1421.279,508629,8,"Kg",508629
"S3","RWA","0711","Rwanda","FIN","Finland",2020,"Export",6,1147.001,332400,8,"Kg",332400
"S3","RWA","0711","Rwanda","FIN","Finland",2020,"Gross Exp.",2,1147.001,332400,8,"Kg",332400
"S3","RWA","0711","Rwanda","FIN","Finland",2022,"Export",6,3726.38,648730,8,"Kg",648730
"S3","RWA","0711","Rwanda","FIN","Finland",2022,"Gross Exp.",2,3726.38,648730,8,"Kg",648730
"S3","RWA","0711","Rwanda","FIN","Finland",2022,"Gross Imp.",1,0.016,10,8,"Kg",10
"S3","RWA","0711","Rwanda","FIN","Finland",2022,"Import",5,0.016,10,8,"Kg",10
"S3","RWA","0711","Rwanda","FRA","France",2020,"Export",6,350.292,115200,8,"Kg",115200
"S3","RWA","0711","Rwanda","FRA","France",2020,"Gross Exp.",2,350.292,115200,8,"Kg",115200
"S3","RWA","0711","Rwanda","FRA","France",2021,"Export",6,899.652,207340.41,8,"Kg",207340
"S3","RWA","0711","Rwanda","FRA","France",2021,"Gross Exp.",2,899.652,207340.41,8,"Kg",207340
"S3","RWA","0711","Rwanda","FRA","France",2022,"Export",6,3104.41,533827,8,"Kg",533827
"S3","RWA","0711","Rwanda","FRA","France",2022,"Gross Exp.",2,3104.41,533827,8,"Kg",533827
"S3","RWA","0711","Rwanda","GBR","United Kingdom",2020,"Export",6,8630.014,2172531,8,"Kg",2172531
"S3","RWA","0711","Rwanda","GBR","United Kingdom",2020,"Gross Exp.",2,8630.014,2172531,8,"Kg",2172531
"S3","RWA","0711","Rwanda","GBR","United Kingdom",2021,"Export",6,22319.735,4984312.6,8,"Kg",4984313
"S3","RWA","0711","Rwanda","GBR","United Kingdom",2021,"Gross Exp.",2,22319.735,4984312.6,8,"Kg",4984313
"S3","RWA","0711","Rwanda","GBR","United Kingdom",2022,"Export",6,17475.276,3051990,8,"Kg",3051990
"S3","RWA","0711","Rwanda","GBR","United Kingdom",2022,"Gross Exp.",2,17475.276,3051990,8,"Kg",3051990
"S3","RWA","0711","Rwanda","GHA","Ghana",2022,"Export",6,5.998,603,8,"Kg",603
"S3","RWA","0711","Rwanda","GHA","Ghana",2022,"Gross Exp.",2,5.998,603,8,"Kg",603
"S3","RWA","0711","Rwanda","GRC","Greece",2020,"Export",6,69.916,21900,8,"Kg",21900
"S3","RWA","0711","Rwanda","GRC","Greece",2020,"Gross Exp.",2,69.916,21900,8,"Kg",21900
"S3","RWA","0711","Rwanda","IND","India",2022,"Export",6,201.225,70802.4,8,"Kg",70802
"S3","RWA","0711","Rwanda","IND","India",2022,"Gross Exp.",2,201.225,70802.4,8,"Kg",70802
"S3","RWA","0711","Rwanda","IRL","Ireland",2022,"Export",6,663.206,239224,8,"Kg",239224
"S3","RWA","0711","Rwanda","IRL","Ireland",2022,"Gross Exp.",2,663.206,239224,8,"Kg",239224
"S3","RWA","0711","Rwanda","IRN","Iran, Islamic Rep.",2022,"Export",6,63.231,21507,8,"Kg",21507
"S3","RWA","0711","Rwanda","IRN","Iran, Islamic Rep.",2022,"Gross Exp.",2,63.231,21507,8,"Kg",21507
"S3","RWA","0711","Rwanda","ISR","Israel",2022,"Gross Imp.",1,0.04,4,8,"Kg",4
"S3","RWA","0711","Rwanda","ISR","Israel",2022,"Import",5,0.04,4,8,"Kg",4
"S3","RWA","0711","Rwanda","ITA","Italy",2020,"Export",6,122.342,37200,8,"Kg",37200
"S3","RWA","0711","Rwanda","ITA","Italy",2020,"Gross Exp.",2,122.342,37200,8,"Kg",37200
"S3","RWA","0711","Rwanda","ITA","Italy",2021,"Export",6,193.059,68000.5,8,"Kg",68001
"S3","RWA","0711","Rwanda","ITA","Italy",2021,"Gross Exp.",2,193.059,68000.5,8,"Kg",68001
"S3","RWA","0711","Rwanda","ITA","Italy",2022,"Export",6,841.956,132000,8,"Kg",132000
"S3","RWA","0711","Rwanda","ITA","Italy",2022,"Gross Exp.",2,841.956,132000,8,"Kg",132000
"S3","RWA","0711","Rwanda","JOR","Jordan",2022,"Export",6,394.2,80400,8,"Kg",80400
"S3","RWA","0711","Rwanda","JOR","Jordan",2022,"Gross Exp.",2,394.2,80400,8,"Kg",80400
"S3","RWA","0711","Rwanda","JPN","Japan",2020,"Export",6,1495.409,235434.6,8,"Kg",235435
"S3","RWA","0711","Rwanda","JPN","Japan",2020,"Gross Exp.",2,1495.409,235434.6,8,"Kg",235435
"S3","RWA","0711","Rwanda","JPN","Japan",2021,"Export",6,1417.258,207731.2,8,"Kg",207731
"S3","RWA","0711","Rwanda","JPN","Japan",2021,"Gross Exp.",2,1417.258,207731.2,8,"Kg",207731
"S3","RWA","0711","Rwanda","JPN","Japan",2022,"Export",6,2940.1,358108.4,8,"Kg",358108
"S3","RWA","0711","Rwanda","JPN","Japan",2022,"Gross Exp.",2,2940.1,358108.4,8,"Kg",358108
"S3","RWA","0711","Rwanda","KAZ","Kazakhstan",2022,"Export",6,553.321,199899,8,"Kg",199899
"S3","RWA","0711","Rwanda","KAZ","Kazakhstan",2022,"Gross Exp.",2,553.321,199899,8,"Kg",199899
"S3","RWA","0711","Rwanda","KEN","Kenya",2020,"Export",6,3483.603,1001174.4,8,"Kg",1001174
"S3","RWA","0711","Rwanda","KEN","Kenya",2020,"Gross Exp.",2,3483.603,1001174.4,8,"Kg",1001174
"S3","RWA","0711","Rwanda","KEN","Kenya",2021,"Export",6,9252.869,1960405,8,"Kg",1960405
"S3","RWA","0711","Rwanda","KEN","Kenya",2021,"Gross Exp.",2,9252.869,1960405,8,"Kg",1960405
"S3","RWA","0711","Rwanda","KEN","Kenya",2022,"Export",6,927.883,196900,8,"Kg",196900
"S3","RWA","0711","Rwanda","KEN","Kenya",2022,"Gross Exp.",2,927.883,196900,8,"Kg",196900
"S3","RWA","0711","Rwanda","KEN","Kenya",2022,"Gross Imp.",1,25.915,4978,8,"Kg",4978
"S3","RWA","0711","Rwanda","KEN","Kenya",2022,"Import",5,25.915,4978,8,"Kg",4978
"S3","RWA","0711","Rwanda","KOR","Korea, Rep.",2020,"Export",6,444.207,87748,8,"Kg",87748
"S3","RWA","0711","Rwanda","KOR","Korea, Rep.",2020,"Gross Exp.",2,444.207,87748,8,"Kg",87748
"S3","RWA","0711","Rwanda","KOR","Korea, Rep.",2021,"Export",6,611.488,101132,8,"Kg",101132
"S3","RWA","0711","Rwanda","KOR","Korea, Rep.",2021,"Gross Exp.",2,611.488,101132,8,"Kg",101132
"S3","RWA","0711","Rwanda","KOR","Korea, Rep.",2022,"Export",6,2203.075,312001.3,8,"Kg",312001
"S3","RWA","0711","Rwanda","KOR","Korea, Rep.",2022,"Gross Exp.",2,2203.075,312001.3,8,"Kg",312001
"S3","RWA","0711","Rwanda","KWT","Kuwait",2020,"Export",6,82.459,15860,8,"Kg",15860
"S3","RWA","0711","Rwanda","KWT","Kuwait",2020,"Gross Exp.",2,82.459,15860,8,"Kg",15860
"S3","RWA","0711","Rwanda","LUX","Luxembourg",2022,"Export",6,4.32,540,8,"Kg",540
"S3","RWA","0711","Rwanda","LUX","Luxembourg",2022,"Gross Exp.",2,4.32,540,8,"Kg",540
"S3","RWA","0711","Rwanda","MAR","Morocco",2022,"Export",6,8.22,2796,8,"Kg",2796
"S3","RWA","0711","Rwanda","MAR","Morocco",2022,"Gross Exp.",2,8.22,2796,8,"Kg",2796
"S3","RWA","0711","Rwanda","MMR","Myanmar",2022,"Export",6,53.981,18361,8,"Kg",18361
"S3","RWA","0711","Rwanda","MMR","Myanmar",2022,"Gross Exp.",2,53.981,18361,8,"Kg",18361
"S3","RWA","0711","Rwanda","MOZ","Mozambique",2022,"Export",6,4,1000,8,"Kg",1000
"S3","RWA","0711","Rwanda","MOZ","Mozambique",2022,"Gross Exp.",2,4,1000,8,"Kg",1000
"S3","RWA","0711","Rwanda","MUS","Mauritius",2022,"Export",6,143.276,25807,8,"Kg",25807
"S3","RWA","0711","Rwanda","MUS","Mauritius",2022,"Gross Exp.",2,143.276,25807,8,"Kg",25807
"S3","RWA","0711","Rwanda","MYS","Malaysia",2020,"Export",6,197.269,59640,8,"Kg",59640
"S3","RWA","0711","Rwanda","MYS","Malaysia",2020,"Gross Exp.",2,197.269,59640,8,"Kg",59640
"S3","RWA","0711","Rwanda","MYS","Malaysia",2021,"Export",6,179.409,23820,8,"Kg",23820
"S3","RWA","0711","Rwanda","MYS","Malaysia",2021,"Gross Exp.",2,179.409,23820,8,"Kg",23820
"S3","RWA","0711","Rwanda","NGA","Nigeria",2020,"Export",6,9.699,1177.28,8,"Kg",1177
"S3","RWA","0711","Rwanda","NGA","Nigeria",2020,"Gross Exp.",2,9.699,1177.28,8,"Kg",1177
"S3","RWA","0711","Rwanda","NGA","Nigeria",2021,"Export",6,18.992,2284.67,8,"Kg",2285
"S3","RWA","0711","Rwanda","NGA","Nigeria",2021,"Gross Exp.",2,18.992,2284.67,8,"Kg",2285
"S3","RWA","0711","Rwanda","NGA","Nigeria",2022,"Export",6,39.56,4396,8,"Kg",4396
"S3","RWA","0711","Rwanda","NGA","Nigeria",2022,"Gross Exp.",2,39.56,4396,8,"Kg",4396
"S3","RWA","0711","Rwanda","NLD","Netherlands",2020,"Export",6,1846.041,668802,8,"Kg",668802
"S3","RWA","0711","Rwanda","NLD","Netherlands",2020,"Gross Exp.",2,1846.041,668802,8,"Kg",668802
"S3","RWA","0711","Rwanda","NLD","Netherlands",2020,"Gross Imp.",1,0.902,160,8,"Kg",160
"S3","RWA","0711","Rwanda","NLD","Netherlands",2020,"Import",5,0.902,160,8,"Kg",160
"S3","RWA","0711","Rwanda","NLD","Netherlands",2021,"Export",6,1584.88,393341,8,"Kg",393341
"S3","RWA","0711","Rwanda","NLD","Netherlands",2021,"Gross Exp.",2,1584.88,393341,8,"Kg",393341
"S3","RWA","0711","Rwanda","NLD","Netherlands",2021,"Gross Imp.",1,0.26,62,8,"Kg",62
"S3","RWA","0711","Rwanda","NLD","Netherlands",2021,"Import",5,0.26,62,8,"Kg",62
"S3","RWA","0711","Rwanda","NLD","Netherlands",2022,"Export",6,5716.792,937863.1,8,"Kg",937863
"S3","RWA","0711","Rwanda","NLD","Netherlands",2022,"Gross Exp.",2,5716.792,937863.1,8,"Kg",937863
"S3","RWA","0711","Rwanda","NLD","Netherlands",2022,"Gross Imp.",1,1.647,415,8,"Kg",415
"S3","RWA","0711","Rwanda","NLD","Netherlands",2022,"Import",5,1.647,415,8,"Kg",415
"S3","RWA","0711","Rwanda","NOR","Norway",2020,"Export",6,226.58,39000,8,"Kg",39000
"S3","RWA","0711","Rwanda","NOR","Norway",2020,"Gross Exp.",2,226.58,39000,8,"Kg",39000
"S3","RWA","0711","Rwanda","NOR","Norway",2022,"Export",6,116.339,18100,8,"Kg",18100
"S3","RWA","0711","Rwanda","NOR","Norway",2022,"Gross Exp.",2,116.339,18100,8,"Kg",18100
"S3","RWA","0711","Rwanda","NZL","New Zealand",2020,"Export",6,1411.518,384778,8,"Kg",384778
"S3","RWA","0711","Rwanda","NZL","New Zealand",2020,"Gross Exp.",2,1411.518,384778,8,"Kg",384778
"S3","RWA","0711","Rwanda","NZL","New Zealand",2021,"Export",6,613.101,90398.9,8,"Kg",90399
"S3","RWA","0711","Rwanda","NZL","New Zealand",2021,"Gross Exp.",2,613.101,90398.9,8,"Kg",90399
"S3","RWA","0711","Rwanda","NZL","New Zealand",2022,"Export",6,130.792,16500,8,"Kg",16500
"S3","RWA","0711","Rwanda","NZL","New Zealand",2022,"Gross Exp.",2,130.792,16500,8,"Kg",16500
"S3","RWA","0711","Rwanda","OAS","Other Asia, nes",2020,"Export",6,257.426,31365,8,"Kg",31365
"S3","RWA","0711","Rwanda","OAS","Other Asia, nes",2020,"Gross Exp.",2,257.426,31365,8,"Kg",31365
"S3","RWA","0711","Rwanda","OAS","Other Asia, nes",2021,"Export",6,90.042,11206.9,8,"Kg",11207
"S3","RWA","0711","Rwanda","OAS","Other Asia, nes",2021,"Gross Exp.",2,90.042,11206.9,8,"Kg",11207
"S3","RWA","0711","Rwanda","OAS","Other Asia, nes",2022,"Export",6,256.959,36000,8,"Kg",36000
"S3","RWA","0711","Rwanda","OAS","Other Asia, nes",2022,"Gross Exp.",2,256.959,36000,8,"Kg",36000
"S3","RWA","0711","Rwanda","OMN","Oman",2020,"Export",6,214.172,55457,8,"Kg",55457
"S3","RWA","0711","Rwanda","OMN","Oman",2020,"Gross Exp.",2,214.172,55457,8,"Kg",55457
"S3","RWA","0711","Rwanda","OMN","Oman",2021,"Export",6,88.613,20980.83,8,"Kg",20981
"S3","RWA","0711","Rwanda","OMN","Oman",2021,"Gross Exp.",2,88.613,20980.83,8,"Kg",20981
"S3","RWA","0711","Rwanda","OMN","Oman",2022,"Export",6,135.425,28505,8,"Kg",28505
"S3","RWA","0711","Rwanda","OMN","Oman",2022,"Gross Exp.",2,135.425,28505,8,"Kg",28505
"S3","RWA","0711","Rwanda","PAK","Pakistan",2022,"Export",6,3254.66,1166640,8,"Kg",1166640
"S3","RWA","0711","Rwanda","PAK","Pakistan",2022,"Gross Exp.",2,3254.66,1166640,8,"Kg",1166640
"S3","RWA","0711","Rwanda","POL","Poland",2020,"Export",6,3.366,470,8,"Kg",470
"S3","RWA","0711","Rwanda","POL","Poland",2020,"Gross Exp.",2,3.366,470,8,"Kg",470
"S3","RWA","0711","Rwanda","POL","Poland",2021,"Export",6,310.048,46263.4,8,"Kg",46263
"S3","RWA","0711","Rwanda","POL","Poland",2021,"Gross Exp.",2,310.048,46263.4,8,"Kg",46263
"S3","RWA","0711","Rwanda","POL","Poland",2022,"Export",6,394.846,74420,8,"Kg",74420
"S3","RWA","0711","Rwanda","POL","Poland",2022,"Gross Exp.",2,394.846,74420,8,"Kg",74420
"S3","RWA","0711","Rwanda","PRK","Korea, Dem. Rep.",2020,"Export",6,224.907,33720,8,"Kg",33720
"S3","RWA","0711","Rwanda","PRK","Korea, Dem. Rep.",2020,"Gross Exp.",2,224.907,33720,8,"Kg",33720
"S3","RWA","0711","Rwanda","QAT","Qatar",2020,"Export",6,39.556,6389,8,"Kg",6389
"S3","RWA","0711","Rwanda","QAT","Qatar",2020,"Gross Exp.",2,39.556,6389,8,"Kg",6389
"S3","RWA","0711","Rwanda","QAT","Qatar",2021,"Export",6,4.801,698.76,8,"Kg",699
"S3","RWA","0711","Rwanda","QAT","Qatar",2021,"Gross Exp.",2,4.801,698.76,8,"Kg",699
"S3","RWA","0711","Rwanda","QAT","Qatar",2022,"Export",6,214.34,30880,8,"Kg",30880
"S3","RWA","0711","Rwanda","QAT","Qatar",2022,"Gross Exp.",2,214.34,30880,8,"Kg",30880
"S3","RWA","0711","Rwanda","RUS","Russian Federation",2020,"Export",6,742.164,497532,8,"Kg",497532
"S3","RWA","0711","Rwanda","RUS","Russian Federation",2020,"Gross Exp.",2,742.164,497532,8,"Kg",497532
"S3","RWA","0711","Rwanda","RUS","Russian Federation",2021,"Export",6,604.851,347238.4,8,"Kg",347238
"S3","RWA","0711","Rwanda","RUS","Russian Federation",2021,"Gross Exp.",2,604.851,347238.4,8,"Kg",347238
"S3","RWA","0711","Rwanda","RUS","Russian Federation",2022,"Export",6,1293.695,297096,8,"Kg",297096
"S3","RWA","0711","Rwanda","RUS","Russian Federation",2022,"Gross Exp.",2,1293.695,297096,8,"Kg",297096
"S3","RWA","0711","Rwanda","SAU","Saudi Arabia",2020,"Export",6,776.437,121380,8,"Kg",121380
"S3","RWA","0711","Rwanda","SAU","Saudi Arabia",2020,"Gross Exp.",2,776.437,121380,8,"Kg",121380
"S3","RWA","0711","Rwanda","SAU","Saudi Arabia",2021,"Export",6,466.181,61767.5,8,"Kg",61768
"S3","RWA","0711","Rwanda","SAU","Saudi Arabia",2021,"Gross Exp.",2,466.181,61767.5,8,"Kg",61768
"S3","RWA","0711","Rwanda","SAU","Saudi Arabia",2022,"Export",6,1252.301,164267,8,"Kg",164267
"S3","RWA","0711","Rwanda","SAU","Saudi Arabia",2022,"Gross Exp.",2,1252.301,164267,8,"Kg",164267
"S3","RWA","0711","Rwanda","SGP","Singapore",2020,"Export",6,4319.665,1308503,8,"Kg",1308503
"S3","RWA","0711","Rwanda","SGP","Singapore",2020,"Gross Exp.",2,4319.665,1308503,8,"Kg",1308503
"S3","RWA","0711","Rwanda","SGP","Singapore",2021,"Export",6,1059.431,335013.1,8,"Kg",335013
"S3","RWA","0711","Rwanda","SGP","Singapore",2021,"Gross Exp.",2,1059.431,335013.1,8,"Kg",335013
"S3","RWA","0711","Rwanda","SGP","Singapore",2022,"Export",6,733.152,121740,8,"Kg",121740
"S3","RWA","0711","Rwanda","SGP","Singapore",2022,"Gross Exp.",2,733.152,121740,8,"Kg",121740
"S3","RWA","0711","Rwanda","SOM","Somalia",2022,"Export",6,8.22,2796,8,"Kg",2796
"S3","RWA","0711","Rwanda","SOM","Somalia",2022,"Gross Exp.",2,8.22,2796,8,"Kg",2796
"S3","RWA","0711","Rwanda","SSD","South Sudan",2020,"Export",6,1396.602,834268.2,8,"Kg",834268
"S3","RWA","0711","Rwanda","SSD","South Sudan",2020,"Gross Exp.",2,1396.602,834268.2,8,"Kg",834268
"S3","RWA","0711","Rwanda","SSD","South Sudan",2021,"Export",6,664.293,425437.6,8,"Kg",425438
"S3","RWA","0711","Rwanda","SSD","South Sudan",2021,"Gross Exp.",2,664.293,425437.6,8,"Kg",425438
"S3","RWA","0711","Rwanda","SSD","South Sudan",2022,"Export",6,1191.126,515987,8,"Kg",515987
"S3","RWA","0711","Rwanda","SSD","South Sudan",2022,"Gross Exp.",2,1191.126,515987,8,"Kg",515987
"S3","RWA","0711","Rwanda","SUD","Sudan",2022,"Export",6,443.436,160574,8,"Kg",160574
"S3","RWA","0711","Rwanda","SUD","Sudan",2022,"Gross Exp.",2,443.436,160574,8,"Kg",160574
"S3","RWA","0711","Rwanda","SWE","Sweden",2021,"Export",6,137.728,24240,8,"Kg",24240
"S3","RWA","0711","Rwanda","SWE","Sweden",2021,"Gross Exp.",2,137.728,24240,8,"Kg",24240
"S3","RWA","0711","Rwanda","SWE","Sweden",2022,"Export",6,514.289,86400,8,"Kg",86400
"S3","RWA","0711","Rwanda","SWE","Sweden",2022,"Gross Exp.",2,514.289,86400,8,"Kg",86400
"S3","RWA","0711","Rwanda","SWZ","Eswatini",2020,"Export",6,639.252,192000,8,"Kg",192000
"S3","RWA","0711","Rwanda","SWZ","Eswatini",2020,"Gross Exp.",2,639.252,192000,8,"Kg",192000
"S3","RWA","0711","Rwanda","TCD","Chad",2022,"Export",6,14.988,5098,8,"Kg",5098
"S3","RWA","0711","Rwanda","TCD","Chad",2022,"Gross Exp.",2,14.988,5098,8,"Kg",5098
"S3","RWA","0711","Rwanda","THA","Thailand",2021,"Export",6,50.544,9360,8,"Kg",9360
"S3","RWA","0711","Rwanda","THA","Thailand",2021,"Gross Exp.",2,50.544,9360,8,"Kg",9360
"S3","RWA","0711","Rwanda","THA","Thailand",2022,"Export",6,231.76,37220,8,"Kg",37220
"S3","RWA","0711","Rwanda","THA","Thailand",2022,"Gross Exp.",2,231.76,37220,8,"Kg",37220
"S3","RWA","0711","Rwanda","TUR","Turkey",2020,"Export",6,22.712,5000,8,"Kg",5000
"S3","RWA","0711","Rwanda","TUR","Turkey",2020,"Gross Exp.",2,22.712,5000,8,"Kg",5000
"S3","RWA","0711","Rwanda","TUR","Turkey",2021,"Export",6,65.907,12108.1,8,"Kg",12108
"S3","RWA","0711","Rwanda","TUR","Turkey",2021,"Gross Exp.",2,65.907,12108.1,8,"Kg",12108
"S3","RWA","0711","Rwanda","TUR","Turkey",2022,"Export",6,641.342,124969.4,8,"Kg",124969
"S3","RWA","0711","Rwanda","TUR","Turkey",2022,"Gross Exp.",2,641.342,124969.4,8,"Kg",124969
"S3","RWA","0711","Rwanda","TUR","Turkey",2022,"Gross Imp.",1,0.218,20,8,"Kg",20
"S3","RWA","0711","Rwanda","TUR","Turkey",2022,"Import",5,0.218,20,8,"Kg",20
"S3","RWA","0711","Rwanda","TZA","Tanzania",2020,"Export",6,42.321,11591.4,8,"Kg",11591
"S3","RWA","0711","Rwanda","TZA","Tanzania",2020,"Gross Exp.",2,42.321,11591.4,8,"Kg",11591
"S3","RWA","0711","Rwanda","TZA","Tanzania",2020,"Gross Imp.",1,2.639,23000,8,"Kg",23000
"S3","RWA","0711","Rwanda","TZA","Tanzania",2020,"Import",5,2.639,23000,8,"Kg",23000
"S3","RWA","0711","Rwanda","TZA","Tanzania",2021,"Export",6,678.013,294600,8,"Kg",294600
"S3","RWA","0711","Rwanda","TZA","Tanzania",2021,"Gross Exp.",2,678.013,294600,8,"Kg",294600
"S3","RWA","0711","Rwanda","TZA","Tanzania",2021,"Gross Imp.",1,3.641,34610,8,"Kg",34610
"S3","RWA","0711","Rwanda","TZA","Tanzania",2021,"Import",5,3.641,34610,8,"Kg",34610
"S3","RWA","0711","Rwanda","TZA","Tanzania",2022,"Export",6,1621.634,610506,8,"Kg",610506
"S3","RWA","0711","Rwanda","TZA","Tanzania",2022,"Gross Exp.",2,1621.634,610506,8,"Kg",610506
"S3","RWA","0711","Rwanda","TZA","Tanzania",2022,"Gross Imp.",1,1520.403,1121010,8,"Kg",1121010
"S3","RWA","0711","Rwanda","TZA","Tanzania",2022,"Import",5,1520.403,1121010,8,"Kg",1121010
"S3","RWA","0711","Rwanda","UGA","Uganda",2020,"Export",6,43.68,62400,8,"Kg",62400
"S3","RWA","0711","Rwanda","UGA","Uganda",2020,"Gross Exp.",2,43.68,62400,8,"Kg",62400
"S3","RWA","0711","Rwanda","UGA","Uganda",2022,"Gross Imp.",1,13.137,19000,8,"Kg",19000
"S3","RWA","0711","Rwanda","UGA","Uganda",2022,"Import",5,13.137,19000,8,"Kg",19000
"S3","RWA","0711","Rwanda","UKR","Ukraine",2020,"Export",6,159.025,61352,8,"Kg",61352
"S3","RWA","0711","Rwanda","UKR","Ukraine",2020,"Gross Exp.",2,159.025,61352,8,"Kg",61352
"S3","RWA","0711","Rwanda","UKR","Ukraine",2021,"Export",6,331.574,46162.65,8,"Kg",46163
"S3","RWA","0711","Rwanda","UKR","Ukraine",2021,"Gross Exp.",2,331.574,46162.65,8,"Kg",46163
"S3","RWA","0711","Rwanda","UKR","Ukraine",2022,"Export",6,260.375,47125,8,"Kg",47125
"S3","RWA","0711","Rwanda","UKR","Ukraine",2022,"Gross Exp.",2,260.375,47125,8,"Kg",47125
"S3","RWA","0711","Rwanda","USA","United States",2020,"Export",6,16443.49,3899319,8,"Kg",3899319
"S3","RWA","0711","Rwanda","USA","United States",2020,"Gross Exp.",2,16443.49,3899319,8,"Kg",3899319
"S3","RWA","0711","Rwanda","USA","United States",2021,"Export",6,7868.058,1467807.65,8,"Kg",1467808
"S3","RWA","0711","Rwanda","USA","United States",2021,"Gross Exp.",2,7868.058,1467807.65,8,"Kg",1467808
"S3","RWA","0711","Rwanda","USA","United States",2022,"Export",6,8966.887,1266828,8,"Kg",1266828
"S3","RWA","0711","Rwanda","USA","United States",2022,"Gross Exp.",2,8966.887,1266828,8,"Kg",1266828
"S3","RWA","0711","Rwanda","USA","United States",2022,"Gross Imp.",1,7.076,794,8,"Kg",794
"S3","RWA","0711","Rwanda","USA","United States",2022,"Import",5,7.076,794,8,"Kg",794
"S3","RWA","0711","Rwanda","UZB","Uzbekistan",2022,"Export",6,44.935,15284,8,"Kg",15284
"S3","RWA","011","Rwanda","ARE","United Arab Emirates",2020,"Gross Imp.",1,0.945,501,8,"Kg",501
"S3","RWA","011","Rwanda","ARE","United Arab Emirates",2020,"Import",5,0.945,501,8,"Kg",501
"S3","RWA","011","Rwanda","ARE","United Arab Emirates",2021,"Gross Imp.",1,0.014,10,8,"Kg",10
"S3","RWA","011","Rwanda","ARE","United Arab Emirates",2021,"Import",5,0.014,10,8,"Kg",10
"S3","RWA","011","Rwanda","ARE","United Arab Emirates",2022,"Gross Imp.",1,0.796,700,8,"Kg",700
"S3","RWA","011","Rwanda","ARE","United Arab Emirates",2022,"Import",5,0.796,700,8,"Kg",700
"S3","RWA","011","Rwanda","BEL","Belgium",2022,"Gross Imp.",1,0.015,274.6,8,"Kg",275
"S3","RWA","011","Rwanda","BEL","Belgium",2022,"Import",5,0.015,274.6,8,"Kg",275
"S3","RWA","011","Rwanda","CHN","China",2021,"Export",6,113.598,25120,8,"Kg",25120
"S3","RWA","011","Rwanda","CHN","China",2021,"Gross Exp.",2,113.598,25120,8,"Kg",25120
"S3","RWA","011","Rwanda","CHN","China",2021,"Gross Imp.",1,0.046,40,8,"Kg",40
"S3","RWA","011","Rwanda","CHN","China",2021,"Import",5,0.046,40,8,"Kg",40
"S3","RWA","011","Rwanda","CHN","China",2022,"Export",6,122.839,26035,8,"Kg",26035
"S3","RWA","011","Rwanda","CHN","China",2022,"Gross Exp.",2,122.839,26035,8,"Kg",26035
"S3","RWA","011","Rwanda","HKG","Hong Kong, China",2020,"Export",6,131.177,26000,8,"Kg",26000
"S3","RWA","011","Rwanda","HKG","Hong Kong, China",2020,"Gross Exp.",2,131.177,26000,8,"Kg",26000
"S3","RWA","011","Rwanda","KEN","Kenya",2020,"Gross Imp.",1,120.891,25579.28,8,"Kg",25579
"S3","RWA","011","Rwanda","KEN","Kenya",2020,"Import",5,120.891,25579.28,8,"Kg",25579
"S3","RWA","011","Rwanda","KEN","Kenya",2021,"Gross Imp.",1,62.048,7724,8,"Kg",7724
"S3","RWA","011","Rwanda","KEN","Kenya",2021,"Import",5,62.048,7724,8,"Kg",7724
"S3","RWA","011","Rwanda","KEN","Kenya",2022,"Gross Imp.",1,151.163,12658,8,"Kg",12658
"S3","RWA","011","Rwanda","KEN","Kenya",2022,"Import",5,151.163,12658,8,"Kg",12658
"S3","RWA","011","Rwanda","NLD","Netherlands",2021,"Gross Imp.",1,0.13,10,8,"Kg",10
"S3","RWA","011","Rwanda","NLD","Netherlands",2021,"Import",5,0.13,10,8,"Kg",10
"S3","RWA","011","Rwanda","NLD","Netherlands",2022,"Gross Imp.",1,1.715,232,8,"Kg",232
"S3","RWA","011","Rwanda","NLD","Netherlands",2022,"Import",5,1.715,232,8,"Kg",232
"S3","RWA","011","Rwanda","USA","United States",2022,"Gross Imp.",1,0.025,1,8,"Kg",1
"S3","RWA","011","Rwanda","USA","United States",2022,"Import",5,0.025,1,8,"Kg",1
"S3","RWA","011","Rwanda","WLD"," World",2020,"Export",6,140.944,27831,8,"Kg",27831
"S3","RWA","011","Rwanda","WLD"," World",2020,"Gross Exp.",2,141.664,27891,8,"Kg",27891
"S3","RWA","011","Rwanda","WLD"," World",2020,"Gross Imp.",1,121.836,26080.28,8,"Kg",26080
"S3","RWA","011","Rwanda","WLD"," World",2020,"Import",5,121.836,26080.28,8,"Kg",26080
"S3","RWA","011","Rwanda","WLD"," World",2020,"Re-Export",3,0.72,60,8,"Kg",60
"S3","RWA","011","Rwanda","WLD"," World",2021,"Export",6,119.769,28822,8,"Kg",28822
"S3","RWA","011","Rwanda","WLD"," World",2021,"Gross Exp.",2,123.32,29312,8,"Kg",29312
"S3","RWA","011","Rwanda","WLD"," World",2021,"Gross Imp.",1,62.238,7784,8,"Kg",7784
"S3","RWA","011","Rwanda","WLD"," World",2021,"Import",5,62.238,7784,8,"Kg",7784
"S3","RWA","011","Rwanda","WLD"," World",2021,"Re-Export",3,3.551,490,8,"Kg",490
"S3","RWA","011","Rwanda","WLD"," World",2022,"Export",6,122.838,26035,8,"Kg",26035
"S3","RWA","011","Rwanda","WLD"," World",2022,"Gross Exp.",2,139.886,27793.3,8,"Kg",27793
"S3","RWA","011","Rwanda","WLD"," World",2022,"Gross Imp.",1,169.114,15565.6,8,"Kg",15566
"S3","RWA","011","Rwanda","WLD"," World",2022,"Import",5,169.114,15565.6,8,"Kg",15566
"S3","RWA","011","Rwanda","WLD"," World",2022,"Re-Export",3,17.048,1758.3,8,"Kg",1758
"S3","RWA","011","Rwanda","ZAF","South Africa",2022,"Gross Imp.",1,15.401,1700,8,"Kg",1700
"S3","RWA","011","Rwanda","ZAF","South Africa",2022,"Import",5,15.401,1700,8,"Kg",1700
"S3","RWA","011","Rwanda","ZAR","Congo, Dem. Rep.",2020,"Export",6,9.767,1831,8,"Kg",1831
"S3","RWA","011","Rwanda","ZAR","Congo, Dem. Rep.",2020,"Gross Exp.",2,10.487,1891,8,"Kg",1891
"S3","RWA","011","Rwanda","ZAR","Congo, Dem. Rep.",2020,"Re-Export",3,0.72,60,8,"Kg",60
"S3","RWA","011","Rwanda","ZAR","Congo, Dem. Rep.",2021,"Export",6,6.171,3702,8,"Kg",3702
"S3","RWA","011","Rwanda","ZAR","Congo, Dem. Rep.",2021,"Gross Exp.",2,9.722,4192,8,"Kg",4192
"S3","RWA","011","Rwanda","ZAR","Congo, Dem. Rep.",2021,"Re-Export",3,3.551,490,8,"Kg",490
"S3","RWA","011","Rwanda","ZAR","Congo, Dem. Rep.",2022,"Export",6,0,0,8,"Kg",0
"S3","RWA","011","Rwanda","ZAR","Congo, Dem. Rep.",2022,"Gross Exp.",2,17.048,1758.3,8,"Kg",1758
"S3","RWA","011","Rwanda","ZAR","Congo, Dem. Rep.",2022,"Re-Export",3,17.048,1758.3,8,"Kg",1758
"S3","RWA","012","Rwanda","ARE","United Arab Emirates",2020,"Gross Imp.",1,62.619,29665,8,"Kg",29665
"S3","RWA","012","Rwanda","ARE","United Arab Emirates",2020,"Import",5,62.619,29665,8,"Kg",29665
"S3","RWA","012","Rwanda","ARE","United Arab Emirates",2022,"Gross Imp.",1,50.483,28010,8,"Kg",28010
"S3","RWA","012","Rwanda","ARE","United Arab Emirates",2022,"Import",5,50.483,28010,8,"Kg",28010
"S3","RWA","012","Rwanda","BEL","Belgium",2020,"Gross Imp.",1,0.829,67.2,8,"Kg",67
"S3","RWA","012","Rwanda","BEL","Belgium",2020,"Import",5,0.829,67.2,8,"Kg",67
"S3","RWA","012","Rwanda","BEL","Belgium",2022,"Gross Imp.",1,0.09,8,8,"Kg",8
"S3","RWA","012","Rwanda","BEL","Belgium",2022,"Import",5,0.09,8,8,"Kg",8
"S3","RWA","012","Rwanda","CHN","China",2020,"Gross Imp.",1,0.166,87.7,8,"Kg",88
"S3","RWA","012","Rwanda","CHN","China",2020,"Import",5,0.166,87.7,8,"Kg",88
"S3","RWA","012","Rwanda","CHN","China",2021,"Gross Imp.",1,162.472,194299.5,8,"Kg",194300
"S3","RWA","012","Rwanda","CHN","China",2021,"Import",5,162.472,194299.5,8,"Kg",194300
"S3","RWA","012","Rwanda","CHN","China",2022,"Gross Imp.",1,727.933,550972.55,8,"Kg",550973
"S3","RWA","012","Rwanda","CHN","China",2022,"Import",5,727.933,550972.55,8,"Kg",550973
"S3","RWA","012","Rwanda","COG","Congo, Rep.",2020,"Export",6,0.167,80,8,"Kg",80
"S3","RWA","012","Rwanda","COG","Congo, Rep.",2020,"Gross Exp.",2,0.167,80,8,"Kg",80
"S3","RWA","012","Rwanda","DEU","Germany",2020,"Gross Imp.",1,0.089,5.71,8,"Kg",6
"S3","RWA","012","Rwanda","DEU","Germany",2020,"Import",5,0.089,5.71,8,"Kg",6
"S3","RWA","012","Rwanda","GEO","Georgia",2021,"Gross Imp.",1,34.7,26520,8,"Kg",26520
"S3","RWA","012","Rwanda","GEO","Georgia",2021,"Import",5,34.7,26520,8,"Kg",26520
"S3","RWA","012","Rwanda","GEO","Georgia",2022,"Gross Imp.",1,338.04,276120,8,"Kg",276120
"S3","RWA","012","Rwanda","GEO","Georgia",2022,"Import",5,338.04,276120,8,"Kg",276120
"S3","RWA","012","Rwanda","HKG","Hong Kong, China",2022,"Export",6,25.137,8040,8,"Kg",8040
"S3","RWA","012","Rwanda","HKG","Hong Kong, China",2022,"Gross Exp.",2,25.137,8040,8,"Kg",8040
"S3","RWA","012","Rwanda","HKG","Hong Kong, China",2022,"Gross Imp.",1,0.059,43,8,"Kg",43
"S3","RWA","012","Rwanda","HKG","Hong Kong, China",2022,"Import",5,0.059,43,8,"Kg",43
"S3","RWA","012","Rwanda","KEN","Kenya",2020,"Gross Imp.",1,200.901,41060.28,8,"Kg",41060
"S3","RWA","012","Rwanda","KEN","Kenya",2020,"Import",5,200.901,41060.28,8,"Kg",41060
"S3","RWA","012","Rwanda","KEN","Kenya",2021,"Gross Imp.",1,206.191,54112.7,8,"Kg",54113
"S3","RWA","012","Rwanda","KEN","Kenya",2021,"Import",5,206.191,54112.7,8,"Kg",54113
"S3","RWA","012","Rwanda","KEN","Kenya",2022,"Gross Imp.",1,405.053,93634.3,8,"Kg",93634
"S3","RWA","012","Rwanda","KEN","Kenya",2022,"Import",5,405.053,93634.3,8,"Kg",93634
"S3","RWA","012","Rwanda","KOR","Korea, Rep.",2020,"Gross Imp.",1,119.059,103329,8,"Kg",103329
"S3","RWA","012","Rwanda","KOR","Korea, Rep.",2020,"Import",5,119.059,103329,8,"Kg",103329
"S3","RWA","012","Rwanda","NLD","Netherlands",2020,"Gross Imp.",1,0.052,10,8,"Kg",10
"S3","RWA","012","Rwanda","NLD","Netherlands",2020,"Import",5,0.052,10,8,"Kg",10
"S3","RWA","012","Rwanda","NLD","Netherlands",2021,"Gross Imp.",1,32.696,27669,8,"Kg",27669
"S3","RWA","012","Rwanda","NLD","Netherlands",2021,"Import",5,32.696,27669,8,"Kg",27669
"S3","RWA","012","Rwanda","NLD","Netherlands",2022,"Gross Imp.",1,128.812,103633,8,"Kg",103633
"S3","RWA","012","Rwanda","NLD","Netherlands",2022,"Import",5,128.812,103633,8,"Kg",103633
"S3","RWA","012","Rwanda","POL","Poland",2021,"Gross Imp.",1,144.056,105240,8,"Kg",105240
"S3","RWA","012","Rwanda","POL","Poland",2021,"Import",5,144.056,105240,8,"Kg",105240
"S3","RWA","012","Rwanda","POL","Poland",2022,"Gross Imp.",1,115.339,78860,8,"Kg",78860
"S3","RWA","012","Rwanda","POL","Poland",2022,"Import",5,115.339,78860,8,"Kg",78860
"S3","RWA","012","Rwanda","TZA","Tanzania",2020,"Gross Imp.",1,1.676,11000,8,"Kg",11000
"S3","RWA","012","Rwanda","TZA","Tanzania",2020,"Import",5,1.676,11000,8,"Kg",11000
"S3","RWA","012","Rwanda","UKR","Ukraine",2020,"Gross Imp.",1,31.75,27544,8,"Kg",27544
"S3","RWA","012","Rwanda","UKR","Ukraine",2020,"Import",5,31.75,27544,8,"Kg",27544
"S3","RWA","012","Rwanda","UKR","Ukraine",2021,"Gross Imp.",1,261.855,245666,8,"Kg",245666
"S3","RWA","012","Rwanda","UKR","Ukraine",2021,"Import",5,261.855,245666,8,"Kg",245666
"S3","RWA","012","Rwanda","USA","United States",2020,"Gross Imp.",1,64.298,86352,8,"Kg",86352
"S3","RWA","012","Rwanda","USA","United States",2020,"Import",5,64.298,86352,8,"Kg",86352
"S3","RWA","012","Rwanda","USA","United States",2021,"Export",6,0.01,25,8,"Kg",25
"S3","RWA","012","Rwanda","USA","United States",2021,"Gross Exp.",2,0.01,25,8,"Kg",25
"S3","RWA","012","Rwanda","USA","United States",2021,"Gross Imp.",1,1032.527,885218.8,8,"Kg",885219
"S3","RWA","012","Rwanda","USA","United States",2021,"Import",5,1032.527,885218.8,8,"Kg",885219
"S3","RWA","012","Rwanda","USA","United States",2022,"Gross Imp.",1,3915.597,2819402.4,8,"Kg",2819402
"S3","RWA","012","Rwanda","USA","United States",2022,"Import",5,3915.597,2819402.4,8,"Kg",2819402
"S3","RWA","012","Rwanda","WLD"," World",2020,"Export",6,316.371,351866,8,"Kg",351866
"S3","RWA","012","Rwanda","WLD"," World",2020,"Gross Exp.",2,596.936,547289,8,"Kg",547289
"S3","RWA","012","Rwanda","WLD"," World",2020,"Gross Imp.",1,482.768,299420.89,8,"Kg",299421
"S3","RWA","012","Rwanda","WLD"," World",2020,"Import",5,482.768,299420.89,8,"Kg",299421
"S3","RWA","012","Rwanda","WLD"," World",2020,"Re-Export",3,280.565,195423,8,"Kg",195423
"S3","RWA","012","Rwanda","WLD"," World",2021,"Export",6,153.414,330857,8,"Kg",330857
"S3","RWA","012","Rwanda","WLD"," World",2021,"Gross Exp.",2,1800.768,1793796.3,8,"Kg",1793796
"S3","RWA","012","Rwanda","WLD"," World",2021,"Gross Imp.",1,1874.498,1538726,8,"Kg",1538726
"S3","RWA","012","Rwanda","WLD"," World",2021,"Import",5,1874.498,1538726,8,"Kg",1538726
"S3","RWA","012","Rwanda","WLD"," World",2021,"Re-Export",3,1647.354,1462939.3,8,"Kg",1462939
"S3","RWA","012","Rwanda","WLD"," World",2022,"Export",6,25.982,8490,8,"Kg",8490
"S3","RWA","012","Rwanda","WLD"," World",2022,"Gross Exp.",2,3567.238,2502630.4,8,"Kg",2502630
"S3","RWA","012","Rwanda","WLD"," World",2022,"Gross Imp.",1,5682.879,3950788.25,8,"Kg",3950788
"S3","RWA","012","Rwanda","WLD"," World",2022,"Import",5,5682.879,3950788.25,8,"Kg",3950788
"S3","RWA","012","Rwanda","WLD"," World",2022,"Re-Export",3,3541.256,2494140.4,8,"Kg",2494140
"S3","RWA","012","Rwanda","ZAF","South Africa",2020,"Gross Imp.",1,1.33,300,8,"Kg",300
"S3","RWA","012","Rwanda","ZAF","South Africa",2020,"Import",5,1.33,300,8,"Kg",300
"S3","RWA","012","Rwanda","ZAF","South Africa",2022,"Gross Imp.",1,1.474,105,8,"Kg",105
"S3","RWA","012","Rwanda","ZAF","South Africa",2022,"Import",5,1.474,105,8,"Kg",105
"S3","RWA","012","Rwanda","ZAR","Congo, Dem. Rep.",2020,"Export",6,316.204,351786,8,"Kg",351786
"S3","RWA","012","Rwanda","ZAR","Congo, Dem. Rep.",2020,"Gross Exp.",2,596.769,547209,8,"Kg",547209
"S3","RWA","012","Rwanda","ZAR","Congo, Dem. Rep.",2020,"Re-Export",3,280.565,195423,8,"Kg",195423
"S3","RWA","012","Rwanda","ZAR","Congo, Dem. Rep.",2021,"Export",6,153.404,330832,8,"Kg",330832
"S3","RWA","012","Rwanda","ZAR","Congo, Dem. Rep.",2021,"Gross Exp.",2,1800.758,1793771.3,8,"Kg",1793771
"S3","RWA","012","Rwanda","ZAR","Congo, Dem. Rep.",2021,"Re-Export",3,1647.354,1462939.3,8,"Kg",1462939
"S3","RWA","012","Rwanda","ZAR","Congo, Dem. Rep.",2022,"Export",6,0.846,450,8,"Kg",450
"S3","RWA","012","Rwanda","ZAR","Congo, Dem. Rep.",2022,"Gross Exp.",2,3542.102,2494590.4,8,"Kg",2494590
"S3","RWA","012","Rwanda","ZAR","Congo, Dem. Rep.",2022,"Re-Export",3,3541.256,2494140.4,8,"Kg",2494140
"S3","RWA","016","Rwanda","BEL","Belgium",2020,"Gross Imp.",1,0.505,22.4,8,"Kg",22
"S3","RWA","016","Rwanda","BEL","Belgium",2020,"Import",5,0.505,22.4,8,"Kg",22
"S3","RWA","016","Rwanda","BEL","Belgium",2022,"Gross Imp.",1,0.574,41.48,8,"Kg",41
"S3","RWA","016","Rwanda","BEL","Belgium",2022,"Import",5,0.574,41.48,8,"Kg",41
"S3","RWA","016","Rwanda","CHN","China",2022,"Export",6,106.331,26400,8,"Kg",26400
"S3","RWA","016","Rwanda","CHN","China",2022,"Gross Exp.",2,106.331,26400,8,"Kg",26400
"S3","RWA","016","Rwanda","CHN","China",2022,"Gross Imp.",1,0.257,756,8,"Kg",756
"S3","RWA","016","Rwanda","CHN","China",2022,"Import",5,0.257,756,8,"Kg",756
"S3","RWA","016","Rwanda","DEU","Germany",2021,"Gross Imp.",1,0.144,12,8,"Kg",12
"S3","RWA","016","Rwanda","DEU","Germany",2021,"Import",5,0.144,12,8,"Kg",12
"S3","RWA","016","Rwanda","FRA","France",2022,"Gross Imp.",1,0.812,41.6,8,"Kg",42
"S3","RWA","016","Rwanda","FRA","France",2022,"Import",5,0.812,41.6,8,"Kg",42
"S3","RWA","016","Rwanda","HKG","Hong Kong, China",2022,"Export",6,84.69,18255,8,"Kg",18255
"S3","RWA","016","Rwanda","HKG","Hong Kong, China",2022,"Gross Exp.",2,84.69,18255,8,"Kg",18255
"S3","RWA","016","Rwanda","ITA","Italy",2022,"Gross Imp.",1,0.488,18.04,8,"Kg",18
"S3","RWA","016","Rwanda","ITA","Italy",2022,"Import",5,0.488,18.04,8,"Kg",18
"S3","RWA","016","Rwanda","KEN","Kenya",2020,"Gross Imp.",1,45.598,4252,8,"Kg",4252
"S3","RWA","016","Rwanda","KEN","Kenya",2020,"Import",5,45.598,4252,8,"Kg",4252
"S3","RWA","016","Rwanda","KEN","Kenya",2021,"Gross Imp.",1,90.115,8254,8,"Kg",8254
"S3","RWA","016","Rwanda","KEN","Kenya",2021,"Import",5,90.115,8254,8,"Kg",8254
"S3","RWA","016","Rwanda","KEN","Kenya",2022,"Gross Imp.",1,116.124,10907,8,"Kg",10907
"S3","RWA","016","Rwanda","KEN","Kenya",2022,"Import",5,116.124,10907,8,"Kg",10907
"S3","RWA","016","Rwanda","WLD"," World",2020,"Export",6,0,0,8,"Kg",0
"S3","RWA","016","Rwanda","WLD"," World",2020,"Gross Exp.",2,0.211,20,8,"Kg",20
"S3","RWA","016","Rwanda","WLD"," World",2020,"Gross Imp.",1,46.103,4274.4,8,"Kg",4274
"S3","RWA","016","Rwanda","WLD"," World",2020,"Import",5,46.103,4274.4,8,"Kg",4274
"S3","RWA","016","Rwanda","WLD"," World",2020,"Re-Export",3,0.211,20,8,"Kg",20
"S3","RWA","016","Rwanda","WLD"," World",2021,"Export",6,0,0,8,"Kg",0
"S3","RWA","016","Rwanda","WLD"," World",2021,"Gross Exp.",2,6.523,620,8,"Kg",620
"S3","RWA","016","Rwanda","WLD"," World",2021,"Gross Imp.",1,90.259,8266,8,"Kg",8266
"S3","RWA","016","Rwanda","WLD"," World",2021,"Import",5,90.259,8266,8,"Kg",8266
"S3","RWA","016","Rwanda","WLD"," World",2021,"Re-Export",3,6.523,620,8,"Kg",620
"S3","RWA","016","Rwanda","WLD"," World",2022,"Export",6,191.021,44655,8,"Kg",44655
"S3","RWA","016","Rwanda","WLD"," World",2022,"Gross Exp.",2,198.929,45400,8,"Kg",45400
"S3","RWA","016","Rwanda","WLD"," World",2022,"Gross Imp.",1,118.255,11764.12,8,"Kg",11764
"S3","RWA","016","Rwanda","WLD"," World",2022,"Import",5,118.255,11764.12,8,"Kg",11764
"S3","RWA","016","Rwanda","WLD"," World",2022,"Re-Export",3,7.908,745,8,"Kg",745
"S3","RWA","016","Rwanda","ZAR","Congo, Dem. Rep.",2020,"Export",6,0,0,8,"Kg",0
"S3","RWA","016","Rwanda","ZAR","Congo, Dem. Rep.",2020,"Gross Exp.",2,0.211,20,8,"Kg",20
"S3","RWA","016","Rwanda","ZAR","Congo, Dem. Rep.",2020,"Re-Export",3,0.211,20,8,"Kg",20
"S3","RWA","016","Rwanda","ZAR","Congo, Dem. Rep.",2021,"Export",6,0,0,8,"Kg",0
"S3","RWA","016","Rwanda","ZAR","Congo, Dem. Rep.",2021,"Gross Exp.",2,6.523,620,8,"Kg",620
"S3","RWA","016","Rwanda","ZAR","Congo, Dem. Rep.",2021,"Re-Export",3,6.523,620,8,"Kg",620
"S3","RWA","016","Rwanda","ZAR","Congo, Dem. Rep.",2022,"Export",6,0,0,8,"Kg",0
"S3","RWA","016","Rwanda","ZAR","Congo, Dem. Rep.",2022,"Gross Exp.",2,7.908,745,8,"Kg",745
"S3","RWA","016","Rwanda","ZAR","Congo, Dem. Rep.",2022,"Re-Export",3,7.908,745,8,"Kg",745
"S3","RWA","017","Rwanda","ARE","United Arab Emirates",2020,"Gross Imp.",1,9.091,4178,8,"Kg",4178
"S3","RWA","017","Rwanda","ARE","United Arab Emirates",2020,"Import",5,9.091,4178,8,"Kg",4178
"S3","RWA","017","Rwanda","ARE","United Arab Emirates",2021,"Gross Imp.",1,9.398,3988,8,"Kg",3988
"S3","RWA","017","Rwanda","ARE","United Arab Emirates",2021,"Import",5,9.398,3988,8,"Kg",3988
"S3","RWA","017","Rwanda","ARE","United Arab Emirates",2022,"Gross Imp.",1,12.327,4880.75,8,"Kg",4881
"S3","RWA","017","Rwanda","ARE","United Arab Emirates",2022,"Import",5,12.327,4880.75,8,"Kg",4881
"S3","RWA","017","Rwanda","AUT","Austria",2022,"Gross Imp.",1,0.165,48.48,8,"Kg",48
"S3","RWA","017","Rwanda","AUT","Austria",2022,"Import",5,0.165,48.48,8,"Kg",48
"S3","RWA","017","Rwanda","BEL","Belgium",2020,"Gross Imp.",1,28.993,13484.04,8,"Kg",13484
"S3","RWA","017","Rwanda","BEL","Belgium",2020,"Import",5,28.993,13484.04,8,"Kg",13484
"S3","RWA","017","Rwanda","BEL","Belgium",2021,"Gross Imp.",1,28.35,9775.72,8,"Kg",9776
"S3","RWA","017","Rwanda","BEL","Belgium",2021,"Import",5,28.35,9775.72,8,"Kg",9776
"S3","RWA","017","Rwanda","BEL","Belgium",2022,"Gross Imp.",1,33.375,13978.94,8,"Kg",13979
"S3","RWA","017","Rwanda","BEL","Belgium",2022,"Import",5,33.375,13978.94,8,"Kg",13979
"S3","RWA","017","Rwanda","BRA","Brazil",2020,"Gross Imp.",1,1.117,210,8,"Kg",210
"S3","RWA","017","Rwanda","BRA","Brazil",2020,"Import",5,1.117,210,8,"Kg",210
"S3","RWA","017","Rwanda","BRA","Brazil",2021,"Gross Imp.",1,674.741,59740.9,8,"Kg",59741
"S3","RWA","017","Rwanda","BRA","Brazil",2021,"Import",5,674.741,59740.9,8,"Kg",59741
"S3","RWA","017","Rwanda","BRA","Brazil",2022,"Gross Imp.",1,1018.493,159951.01,8,"Kg",159951
"S3","RWA","017","Rwanda","BRA","Brazil",2022,"Import",5,1018.493,159951.01,8,"Kg",159951
"S3","RWA","017","Rwanda","CAF","Central African Republic",2021,"Export",6,0.085,26,8,"Kg",26
"S3","RWA","017","Rwanda","CAF","Central African Republic",2021,"Gross Exp.",2,0.085,26,8,"Kg",26
"S3","RWA","017","Rwanda","CHN","China",2020,"Gross Imp.",1,1.292,730.66,8,"Kg",731
"S3","RWA","017","Rwanda","CHN","China",2020,"Import",5,1.292,730.66,8,"Kg",731
"S3","RWA","017","Rwanda","CHN","China",2021,"Gross Imp.",1,6.854,7787.5,8,"Kg",7788
"S3","RWA","017","Rwanda","CHN","China",2021,"Import",5,6.854,7787.5,8,"Kg",7788
"S3","RWA","017","Rwanda","CHN","China",2022,"Gross Imp.",1,9.39,7998.99,8,"Kg",7999
"S3","RWA","017","Rwanda","CHN","China",2022,"Import",5,9.39,7998.99,8,"Kg",7999
"S3","RWA","017","Rwanda","COG","Congo, Rep.",2020,"Export",6,0.457,250,8,"Kg",250
"S3","RWA","017","Rwanda","COG","Congo, Rep.",2020,"Gross Exp.",2,0.457,250,8,"Kg",250
"S3","RWA","017","Rwanda","CZE","Czech Republic",2021,"Gross Imp.",1,0.087,6,8,"Kg",6
"S3","RWA","017","Rwanda","CZE","Czech Republic",2021,"Import",5,0.087,6,8,"Kg",6
"S3","RWA","017","Rwanda","DEU","Germany",2020,"Gross Imp.",1,0.149,12.4,8,"Kg",12
"S3","RWA","017","Rwanda","DEU","Germany",2020,"Import",5,0.149,12.4,8,"Kg",12
"S3","RWA","017","Rwanda","DEU","Germany",2021,"Gross Imp.",1,1.207,268.8,8,"Kg",269
"S3","RWA","017","Rwanda","DEU","Germany",2021,"Import",5,1.207,268.8,8,"Kg",269
"S3","RWA","017","Rwanda","DEU","Germany",2022,"Gross Imp.",1,0.192,10,8,"Kg",10
"S3","RWA","017","Rwanda","DEU","Germany",2022,"Import",5,0.192,10,8,"Kg",10
"S3","RWA","017","Rwanda","DNK","Denmark",2020,"Gross Imp.",1,3.824,1064,8,"Kg",1064
"S3","RWA","017","Rwanda","DNK","Denmark",2020,"Import",5,3.824,1064,8,"Kg",1064
"S3","RWA","017","Rwanda","DNK","Denmark",2021,"Gross Imp.",1,7.201,1035.3,8,"Kg",1035
"S3","RWA","017","Rwanda","DNK","Denmark",2021,"Import",5,7.201,1035.3,8,"Kg",1035
"S3","RWA","017","Rwanda","DNK","Denmark",2022,"Gross Imp.",1,0.55,554.28,8,"Kg",554
"S3","RWA","017","Rwanda","DNK","Denmark",2022,"Import",5,0.55,554.28,8,"Kg",554
"S3","RWA","017","Rwanda","FRA","France",2021,"Gross Imp.",1,11.009,7997.18,8,"Kg",7997
"S3","RWA","017","Rwanda","FRA","France",2021,"Import",5,11.009,7997.18,8,"Kg",7997
"S3","RWA","017","Rwanda","FRA","France",2022,"Gross Imp.",1,3.422,1488.13,8,"Kg",1488
"S3","RWA","017","Rwanda","FRA","France",2022,"Import",5,3.422,1488.13,8,"Kg",1488
"S3","RWA","017","Rwanda","GBR","United Kingdom",2020,"Gross Imp.",1,0.435,123,8,"Kg",123
"S3","RWA","017","Rwanda","GBR","United Kingdom",2020,"Import",5,0.435,123,8,"Kg",123
"S3","RWA","017","Rwanda","HKG","Hong Kong, China",2020,"Gross Imp.",1,0.537,280.36,8,"Kg",280
"S3","RWA","017","Rwanda","HKG","Hong Kong, China",2020,"Import",5,0.537,280.36,8,"Kg",280
"S3","RWA","017","Rwanda","HKG","Hong Kong, China",2021,"Gross Imp.",1,1.914,898.06,8,"Kg",898
"S3","RWA","017","Rwanda","HKG","Hong Kong, China",2021,"Import",5,1.914,898.06,8,"Kg",898
"S3","RWA","017","Rwanda","HKG","Hong Kong, China",2022,"Gross Imp.",1,1.681,894.48,8,"Kg",894
"S3","RWA","017","Rwanda","HKG","Hong Kong, China",2022,"Import",5,1.681,894.48,8,"Kg",894
"S3","RWA","017","Rwanda","ITA","Italy",2020,"Gross Imp.",1,17.898,1480,8,"Kg",1480
"S3","RWA","017","Rwanda","ITA","Italy",2020,"Import",5,17.898,1480,8,"Kg",1480
"S3","RWA","017","Rwanda","ITA","Italy",2021,"Gross Imp.",1,26.504,2138.85,8,"Kg",2139
"S3","RWA","017","Rwanda","ITA","Italy",2021,"Import",5,26.504,2138.85,8,"Kg",2139
"S3","RWA","017","Rwanda","ITA","Italy",2022,"Gross Imp.",1,30.928,2766.9,8,"Kg",2767
"S3","RWA","017","Rwanda","ITA","Italy",2022,"Import",5,30.928,2766.9,8,"Kg",2767
"S3","RWA","017","Rwanda","KEN","Kenya",2020,"Gross Imp.",1,152.749,27414.54,8,"Kg",27415
"S3","RWA","017","Rwanda","KEN","Kenya",2020,"Import",5,152.749,27414.54,8,"Kg",27415
"S3","RWA","017","Rwanda","KEN","Kenya",2021,"Gross Imp.",1,208.988,38868.5,8,"Kg",38869
"S3","RWA","017","Rwanda","KEN","Kenya",2021,"Import",5,208.988,38868.5,8,"Kg",38869
"S3","RWA","017","Rwanda","KEN","Kenya",2022,"Gross Imp.",1,249.762,46278.68,8,"Kg",46279
"S3","RWA","017","Rwanda","KEN","Kenya",2022,"Import",5,249.762,46278.68,8,"Kg",46279
"S3","RWA","017","Rwanda","KOR","Korea, Rep.",2022,"Gross Imp.",1,1.362,402,8,"Kg",402
"S3","RWA","017","Rwanda","KOR","Korea, Rep.",2022,"Import",5,1.362,402,8,"Kg",402
"S3","RWA","017","Rwanda","NLD","Netherlands",2021,"Gross Imp.",1,6.992,1681.4,8,"Kg",1681
"S3","RWA","017","Rwanda","NLD","Netherlands",2021,"Import",5,6.992,1681.4,8,"Kg",1681
"S3","RWA","017","Rwanda","NLD","Netherlands",2022,"Gross Imp.",1,5,2040.6,8,"Kg",2041
"S3","RWA","017","Rwanda","NLD","Netherlands",2022,"Import",5,5,2040.6,8,"Kg",2041
"S3","RWA","017","Rwanda","POL","Poland",2022,"Gross Imp.",1,88.204,53360,8,"Kg",53360
"S3","RWA","017","Rwanda","POL","Poland",2022,"Import",5,88.204,53360,8,"Kg",53360
"S3","RWA","017","Rwanda","TUR","Turkey",2020,"Gross Imp.",1,0.351,38.71,8,"Kg",39
"S3","RWA","017","Rwanda","TUR","Turkey",2020,"Import",5,0.351,38.71,8,"Kg",39
"S3","RWA","017","Rwanda","TUR","Turkey",2021,"Gross Imp.",1,0.583,155.9,8,"Kg",156
"S3","RWA","017","Rwanda","TUR","Turkey",2021,"Import",5,0.583,155.9,8,"Kg",156
"S3","RWA","017","Rwanda","TUR","Turkey",2022,"Gross Imp.",1,0.155,20,8,"Kg",20
"S3","RWA","017","Rwanda","TUR","Turkey",2022,"Import",5,0.155,20,8,"Kg",20
"S3","RWA","017","Rwanda","USA","United States",2021,"Gross Imp.",1,0.302,49,8,"Kg",49
"S3","RWA","017","Rwanda","USA","United States",2021,"Import",5,0.302,49,8,"Kg",49
"S3","RWA","017","Rwanda","USA","United States",2022,"Gross Imp.",1,0.016,2,8,"Kg",2
"S3","RWA","017","Rwanda","USA","United States",2022,"Import",5,0.016,2,8,"Kg",2
"S3","RWA","017","Rwanda","WLD"," World",2020,"Export",6,0.747,370,8,"Kg",370
"S3","RWA","017","Rwanda","WLD"," World",2020,"Gross Exp.",2,1.189,1240,8,"Kg",1240
"S3","RWA","017","Rwanda","WLD"," World",2020,"Gross Imp.",1,219.874,49562.51,8,"Kg",49563
"S3","RWA","017","Rwanda","WLD"," World",2020,"Import",5,219.874,49562.51,8,"Kg",49563
"S3","RWA","017","Rwanda","WLD"," World",2020,"Re-Export",3,0.442,870,8,"Kg",870
"S3","RWA","017","Rwanda","WLD"," World",2021,"Export",6,0.413,86,8,"Kg",86
"S3","RWA","017","Rwanda","WLD"," World",2021,"Gross Exp.",2,28.294,10458.75,8,"Kg",10459
"S3","RWA","017","Rwanda","WLD"," World",2021,"Gross Imp.",1,984.129,134391.11,8,"Kg",134391
"S3","RWA","017","Rwanda","WLD"," World",2021,"Import",5,984.129,134391.11,8,"Kg",134391
"S3","RWA","017","Rwanda","WLD"," World",2021,"Re-Export",3,27.881,10372.75,8,"Kg",10373
"S3","RWA","017","Rwanda","WLD"," World",2022,"Export",6,3.586,25000,8,"Kg",25000
"S3","RWA","017","Rwanda","WLD"," World",2022,"Gross Exp.",2,31.29,55493.75,8,"Kg",55494
"S3","RWA","017","Rwanda","WLD"," World",2022,"Gross Imp.",1,1458.58,295060.74,8,"Kg",295061
"S3","RWA","017","Rwanda","WLD"," World",2022,"Import",5,1458.58,295060.74,8,"Kg",295061
"S3","RWA","017","Rwanda","WLD"," World",2022,"Re-Export",3,27.704,30493.75,8,"Kg",30494
"S3","RWA","017","Rwanda","ZAF","South Africa",2020,"Gross Imp.",1,3.438,546.8,8,"Kg",547
"S3","RWA","017","Rwanda","ZAF","South Africa",2020,"Import",5,3.438,546.8,8,"Kg",547
"S3","RWA","017","Rwanda","ZAF","South Africa",2022,"Gross Imp.",1,3.264,300,8,"Kg",300
"S3","RWA","017","Rwanda","ZAF","South Africa",2022,"Import",5,3.264,300,8,"Kg",300
"S3","RWA","017","Rwanda","ZAR","Congo, Dem. Rep.",2020,"Export",6,0.29,120,8,"Kg",120
"S3","RWA","017","Rwanda","ZAR","Congo, Dem. Rep.",2020,"Gross Exp.",2,0.732,990,8,"Kg",990
"S3","RWA","017","Rwanda","ZAR","Congo, Dem. Rep.",2020,"Re-Export",3,0.442,870,8,"Kg",870
"S3","RWA","017","Rwanda","ZAR","Congo, Dem. Rep.",2021,"Export",6,0.328,60,8,"Kg",60
"S3","RWA","017","Rwanda","ZAR","Congo, Dem. Rep.",2021,"Gross Exp.",2,28.209,10432.75,8,"Kg",10433
"S3","RWA","017","Rwanda","ZAR","Congo, Dem. Rep.",2021,"Re-Export",3,27.881,10372.75,8,"Kg",10373
"S3","RWA","017","Rwanda","ZAR","Congo, Dem. Rep.",2022,"Export",6,3.586,25000,8,"Kg",25000
"S3","RWA","017","Rwanda","ZAR","Congo, Dem. Rep.",2022,"Gross Exp.",2,31.29,55493.75,8,"Kg",55494
"S3","RWA","017","Rwanda","ZAR","Congo, Dem. Rep.",2022,"Gross Imp.",1,0.293,85.5,8,"Kg",86
"S3","RWA","017","Rwanda","ZAR","Congo, Dem. Rep.",2022,"Import",5,0.293,85.5,8,"Kg",86
"S3","RWA","017","Rwanda","ZAR","Congo, Dem. Rep.",2022,"Re-Export",3,27.704,30493.75,8,"Kg",30494
"S3","RWA","022","Rwanda","ALB","Albania",2022,"Gross Imp.",1,0.653,329,8,"Kg",329
"S3","RWA","022","Rwanda","ALB","Albania",2022,"Import",5,0.653,329,8,"Kg",329
"S3","RWA","022","Rwanda","AND","Andorra",2022,"Gross Imp.",1,0.019,170,8,"Kg",170
"S3","RWA","022","Rwanda","AND","Andorra",2022,"Import",5,0.019,170,8,"Kg",170
"S3","RWA","022","Rwanda","ARE","United Arab Emirates",2020,"Gross Imp.",1,288.235,168707.26,8,"Kg",168707
"S3","RWA","022","Rwanda","ARE","United Arab Emirates",2020,"Import",5,288.235,168707.26,8,"Kg",168707
"S3","RWA","022","Rwanda","ARE","United Arab Emirates",2021,"Export",6,0,0,8,"Kg",0
"S3","RWA","022","Rwanda","ARE","United Arab Emirates",2021,"Gross Exp.",2,4.082,455,8,"Kg",455
"S3","RWA","022","Rwanda","ARE","United Arab Emirates",2021,"Gross Imp.",1,650.573,206563.9,8,"Kg",206564
"S3","RWA","022","Rwanda","ARE","United Arab Emirates",2021,"Import",5,650.573,206563.9,8,"Kg",206564
"S3","RWA","022","Rwanda","ARE","United Arab Emirates",2021,"Re-Export",3,4.082,455,8,"Kg",455
"S3","RWA","022","Rwanda","ARE","United Arab Emirates",2022,"Export",6,0,0,8,"Kg",0
"S3","RWA","022","Rwanda","ARE","United Arab Emirates",2022,"Gross Exp.",2,0.494,900,8,"Kg",900
"S3","RWA","022","Rwanda","ARE","United Arab Emirates",2022,"Gross Imp.",1,1704.298,434886.84,8,"Kg",434887
"S3","RWA","022","Rwanda","ARE","United Arab Emirates",2022,"Import",5,1704.298,434886.84,8,"Kg",434887
"S3","RWA","022","Rwanda","ARE","United Arab Emirates",2022,"Re-Export",3,0.494,900,8,"Kg",900
"S3","RWA","022","Rwanda","BDI","Burundi",2020,"Export",6,4.695,6000,8,"Kg",6000
"S3","RWA","022","Rwanda","BDI","Burundi",2020,"Gross Exp.",2,4.695,6000,8,"Kg",6000
"S3","RWA","022","Rwanda","BDI","Burundi",2022,"Export",6,20.038,28200,8,"Kg",28200
"S3","RWA","022","Rwanda","BDI","Burundi",2022,"Gross Exp.",2,146.354,46257.2,8,"Kg",46257
"S3","RWA","022","Rwanda","BDI","Burundi",2022,"Re-Export",3,126.316,18057.2,8,"Kg",18057
"S3","RWA","022","Rwanda","BEL","Belgium",2020,"Gross Imp.",1,4819.031,1761850.71,8,"Kg",1761851
"S3","RWA","022","Rwanda","BEL","Belgium",2020,"Import",5,4819.031,1761850.71,8,"Kg",1761851
"S3","RWA","022","Rwanda","BEL","Belgium",2021,"Gross Imp.",1,4676.947,1641866.01,8,"Kg",1641866
"S3","RWA","022","Rwanda","BEL","Belgium",2021,"Import",5,4676.947,1641866.01,8,"Kg",1641866
"S3","RWA","022","Rwanda","BEL","Belgium",2022,"Gross Imp.",1,10195.478,2485675.53,8,"Kg",2485676
"S3","RWA","022","Rwanda","BEL","Belgium",2022,"Import",5,10195.478,2485675.53,8,"Kg",2485676
"S3","RWA","022","Rwanda","CAF","Central African Republic",2021,"Export",6,21.631,25894,8,"Kg",25894
"S3","RWA","022","Rwanda","CAF","Central African Republic",2021,"Gross Exp.",2,21.631,25894,8,"Kg",25894
"S3","RWA","022","Rwanda","CAN","Canada",2022,"Gross Imp.",1,0.02,14,8,"Kg",14
"S3","RWA","022","Rwanda","CAN","Canada",2022,"Import",5,0.02,14,8,"Kg",14
"S3","RWA","022","Rwanda","CHL","Chile",2022,"Gross Imp.",1,0.24,38.4,8,"Kg",38
"S3","RWA","022","Rwanda","CHL","Chile",2022,"Import",5,0.24,38.4,8,"Kg",38
"S3","RWA","022","Rwanda","CHN","China",2020,"Gross Imp.",1,13.727,11963.42,8,"Kg",11963
"S3","RWA","022","Rwanda","CHN","China",2020,"Import",5,13.727,11963.42,8,"Kg",11963
"S3","RWA","022","Rwanda","CHN","China",2021,"Gross Imp.",1,6.746,8057,8,"Kg",8057
"S3","RWA","022","Rwanda","CHN","China",2021,"Import",5,6.746,8057,8,"Kg",8057
"S3","RWA","022","Rwanda","CHN","China",2022,"Gross Imp.",1,30.049,24713.8,8,"Kg",24714
"S3","RWA","022","Rwanda","CHN","China",2022,"Import",5,30.049,24713.8,8,"Kg",24714
"S3","RWA","022","Rwanda","COG","Congo, Rep.",2020,"Export",6,0.362,367,8,"Kg",367
"S3","RWA","022","Rwanda","COG","Congo, Rep.",2020,"Gross Exp.",2,0.362,367,8,"Kg",367
"S3","RWA","022","Rwanda","DEU","Germany",2020,"Gross Imp.",1,1.685,251.2,8,"Kg",251
"S3","RWA","022","Rwanda","DEU","Germany",2020,"Import",5,1.685,251.2,8,"Kg",251
"S3","RWA","022","Rwanda","DEU","Germany",2021,"Gross Imp.",1,814.069,270412.7,8,"Kg",270413
"S3","RWA","022","Rwanda","DEU","Germany",2021,"Import",5,814.069,270412.7,8,"Kg",270413
"S3","RWA","022","Rwanda","DEU","Germany",2022,"Gross Imp.",1,991.941,241919.32,8,"Kg",241919
"S3","RWA","022","Rwanda","DEU","Germany",2022,"Import",5,991.941,241919.32,8,"Kg",241919
"S3","RWA","022","Rwanda","DNK","Denmark",2020,"Gross Imp.",1,28.658,6703.38,8,"Kg",6703
"S3","RWA","022","Rwanda","DNK","Denmark",2020,"Import",5,28.658,6703.38,8,"Kg",6703
"S3","RWA","022","Rwanda","DNK","Denmark",2021,"Gross Imp.",1,66.298,11843.74,8,"Kg",11844
"S3","RWA","022","Rwanda","DNK","Denmark",2021,"Import",5,66.298,11843.74,8,"Kg",11844
"S3","RWA","022","Rwanda","DNK","Denmark",2022,"Gross Imp.",1,15.97,3344,8,"Kg",3344
"S3","RWA","022","Rwanda","DNK","Denmark",2022,"Import",5,15.97,3344,8,"Kg",3344
"S3","RWA","022","Rwanda","EGY","Egypt, Arab Rep.",2020,"Gross Imp.",1,51.825,16256,8,"Kg",16256
"S3","RWA","022","Rwanda","EGY","Egypt, Arab Rep.",2020,"Import",5,51.825,16256,8,"Kg",16256
"S3","RWA","022","Rwanda","EGY","Egypt, Arab Rep.",2021,"Gross Imp.",1,50.776,16390.06,8,"Kg",16390
"S3","RWA","022","Rwanda","EGY","Egypt, Arab Rep.",2021,"Import",5,50.776,16390.06,8,"Kg",16390
"S3","RWA","022","Rwanda","EGY","Egypt, Arab Rep.",2022,"Gross Imp.",1,30.916,22459,8,"Kg",22459
"S3","RWA","022","Rwanda","EGY","Egypt, Arab Rep.",2022,"Import",5,30.916,22459,8,"Kg",22459
"S3","RWA","022","Rwanda","ESP","Spain",2020,"Gross Imp.",1,2.434,1332.8,8,"Kg",1333
"S3","RWA","022","Rwanda","ESP","Spain",2020,"Import",5,2.434,1332.8,8,"Kg",1333
"S3","RWA","022","Rwanda","ESP","Spain",2022,"Gross Imp.",1,1.975,1357,8,"Kg",1357
"S3","RWA","022","Rwanda","ESP","Spain",2022,"Import",5,1.975,1357,8,"Kg",1357
"S3","RWA","022","Rwanda","FRA","France",2020,"Gross Imp.",1,458.556,153891,8,"Kg",153891
"S3","RWA","022","Rwanda","FRA","France",2020,"Import",5,458.556,153891,8,"Kg",153891
"S3","RWA","022","Rwanda","FRA","France",2021,"Gross Imp.",1,25.548,25291.03,8,"Kg",25291
"S3","RWA","022","Rwanda","FRA","France",2021,"Import",5,25.548,25291.03,8,"Kg",25291
"S3","RWA","022","Rwanda","FRA","France",2022,"Gross Imp.",1,38.565,3851.18,8,"Kg",3851
"S3","RWA","022","Rwanda","FRA","France",2022,"Import",5,38.565,3851.18,8,"Kg",3851
"S3","RWA","022","Rwanda","GAB","Gabon",2021,"Export",6,3.919,6180,8,"Kg",6180
"S3","RWA","022","Rwanda","GAB","Gabon",2021,"Gross Exp.",2,3.919,6180,8,"Kg",6180
"S3","RWA","022","Rwanda","GBR","United Kingdom",2020,"Gross Imp.",1,6.862,598,8,"Kg",598
"S3","RWA","022","Rwanda","GBR","United Kingdom",2020,"Import",5,6.862,598,8,"Kg",598
"S3","RWA","022","Rwanda","GBR","United Kingdom",2021,"Gross Imp.",1,996.567,305608.35,8,"Kg",305608
"S3","RWA","022","Rwanda","GBR","United Kingdom",2021,"Import",5,996.567,305608.35,8,"Kg",305608
"S3","RWA","022","Rwanda","GBR","United Kingdom",2022,"Gross Imp.",1,291.716,79885,8,"Kg",79885
"S3","RWA","022","Rwanda","GBR","United Kingdom",2022,"Import",5,291.716,79885,8,"Kg",79885
"S3","RWA","022","Rwanda","GHA","Ghana",2021,"Export",6,0.001,35,8,"Kg",35
"S3","RWA","022","Rwanda","GHA","Ghana",2021,"Gross Exp.",2,0.001,35,8,"Kg",35
"S3","RWA","022","Rwanda","GRC","Greece",2020,"Gross Imp.",1,0.662,2098.4,8,"Kg",2098
"S3","RWA","022","Rwanda","GRC","Greece",2020,"Import",5,0.662,2098.4,8,"Kg",2098
"S3","RWA","022","Rwanda","GRC","Greece",2022,"Gross Imp.",1,0.151,19.4,8,"Kg",19
"S3","RWA","022","Rwanda","GRC","Greece",2022,"Import",5,0.151,19.4,8,"Kg",19
"S3","RWA","022","Rwanda","HKG","Hong Kong, China",2020,"Gross Imp.",1,0.224,425.99,8,"Kg",426
"S3","RWA","022","Rwanda","HKG","Hong Kong, China",2020,"Import",5,0.224,425.99,8,"Kg",426
"S3","RWA","022","Rwanda","HKG","Hong Kong, China",2021,"Gross Imp.",1,1.014,1674.9,8,"Kg",1675
"S3","RWA","022","Rwanda","HKG","Hong Kong, China",2021,"Import",5,1.014,1674.9,8,"Kg",1675
"S3","RWA","022","Rwanda","HKG","Hong Kong, China",2022,"Gross Imp.",1,0.91,1553.33,8,"Kg",1553
"S3","RWA","022","Rwanda","HKG","Hong Kong, China",2022,"Import",5,0.91,1553.33,8,"Kg",1553
"S3","RWA","022","Rwanda","HUN","Hungary",2022,"Gross Imp.",1,0.173,10.44,8,"Kg",10
"S3","RWA","022","Rwanda","HUN","Hungary",2022,"Import",5,0.173,10.44,8,"Kg",10
"S3","RWA","022","Rwanda","IDN","Indonesia",2022,"Gross Imp.",1,0.036,6,8,"Kg",6
"S3","RWA","022","Rwanda","IDN","Indonesia",2022,"Import",5,0.036,6,8,"Kg",6
"S3","RWA","022","Rwanda","IND","India",2021,"Gross Imp.",1,26.636,22812.9,8,"Kg",22813
"S3","RWA","022","Rwanda","IND","India",2021,"Import",5,26.636,22812.9,8,"Kg",22813
"S3","RWA","022","Rwanda","IND","India",2022,"Gross Imp.",1,0.2,324,8,"Kg",324
"S3","RWA","022","Rwanda","IND","India",2022,"Import",5,0.2,324,8,"Kg",324
"S3","RWA","022","Rwanda","IRL","Ireland",2021,"Gross Imp.",1,13.957,3973.42,8,"Kg",3973
"S3","RWA","022","Rwanda","IRL","Ireland",2021,"Import",5,13.957,3973.42,8,"Kg",3973
"S3","RWA","022","Rwanda","ITA","Italy",2022,"Gross Imp.",1,1.012,435,8,"Kg",435
"S3","RWA","022","Rwanda","ITA","Italy",2022,"Import",5,1.012,435,8,"Kg",435
"S3","RWA","022","Rwanda","KEN","Kenya",2020,"Export",6,308.893,616200,8,"Kg",616200
"S3","RWA","022","Rwanda","KEN","Kenya",2020,"Gross Exp.",2,308.893,616200,8,"Kg",616200
"S3","RWA","022","Rwanda","KEN","Kenya",2020,"Gross Imp.",1,71.529,21379.2,8,"Kg",21379
"S3","RWA","022","Rwanda","KEN","Kenya",2020,"Import",5,71.529,21379.2,8,"Kg",21379
"S3","RWA","022","Rwanda","KEN","Kenya",2021,"Export",6,286.767,601896,8,"Kg",601896
"S3","RWA","022","Rwanda","KEN","Kenya",2021,"Gross Exp.",2,286.767,601896,8,"Kg",601896
"S3","RWA","022","Rwanda","KEN","Kenya",2021,"Gross Imp.",1,79.223,30246.6,8,"Kg",30247
"S3","RWA","022","Rwanda","KEN","Kenya",2021,"Import",5,79.223,30246.6,8,"Kg",30247
"S3","RWA","022","Rwanda","KEN","Kenya",2022,"Export",6,317.93,779750,8,"Kg",779750
"S3","RWA","022","Rwanda","KEN","Kenya",2022,"Gross Exp.",2,317.93,779750,8,"Kg",779750
"S3","RWA","022","Rwanda","KEN","Kenya",2022,"Gross Imp.",1,120.782,34960.73,8,"Kg",34961
"S3","RWA","022","Rwanda","KEN","Kenya",2022,"Import",5,120.782,34960.73,8,"Kg",34961
"S3","RWA","022","Rwanda","KOR","Korea, Rep.",2022,"Gross Imp.",1,0.023,10,8,"Kg",10
"S3","RWA","022","Rwanda","KOR","Korea, Rep.",2022,"Import",5,0.023,10,8,"Kg",10
"S3","RWA","022","Rwanda","LBN","Lebanon",2022,"Gross Imp.",1,15.742,46190,8,"Kg",46190
"S3","RWA","022","Rwanda","LBN","Lebanon",2022,"Import",5,15.742,46190,8,"Kg",46190
"S3","RWA","022","Rwanda","LUX","Luxembourg",2022,"Gross Imp.",1,0.082,10,8,"Kg",10
"S3","RWA","022","Rwanda","LUX","Luxembourg",2022,"Import",5,0.082,10,8,"Kg",10
"S3","RWA","022","Rwanda","MAC","Macao",2022,"Gross Imp.",1,0.005,1,8,"Kg",1
"S3","RWA","022","Rwanda","MAC","Macao",2022,"Import",5,0.005,1,8,"Kg",1
"S3","RWA","022","Rwanda","MAR","Morocco",2022,"Gross Imp.",1,0.319,321,8,"Kg",321
"S3","RWA","022","Rwanda","MAR","Morocco",2022,"Import",5,0.319,321,8,"Kg",321
"S3","RWA","022","Rwanda","MKD","North Macedonia",2022,"Gross Imp.",1,0.4,178,8,"Kg",178
"S3","RWA","022","Rwanda","MKD","North Macedonia",2022,"Import",5,0.4,178,8,"Kg",178
"S3","RWA","022","Rwanda","MLI","Mali",2022,"Gross Imp.",1,0.029,5,8,"Kg",5
"S3","RWA","022","Rwanda","MLI","Mali",2022,"Import",5,0.029,5,8,"Kg",5
"S3","RWA","022","Rwanda","MYS","Malaysia",2020,"Gross Imp.",1,0.077,100,8,"Kg",100
"S3","RWA","022","Rwanda","MYS","Malaysia",2020,"Import",5,0.077,100,8,"Kg",100
"S3","RWA","022","Rwanda","MYS","Malaysia",2022,"Gross Imp.",1,1.374,818,8,"Kg",818
"S3","RWA","022","Rwanda","MYS","Malaysia",2022,"Import",5,1.374,818,8,"Kg",818
"S3","RWA","022","Rwanda","NAM","Namibia",2022,"Gross Imp.",1,103.676,25567.8,8,"Kg",25568
"S3","RWA","022","Rwanda","NAM","Namibia",2022,"Import",5,103.676,25567.8,8,"Kg",25568
"S3","RWA","022","Rwanda","NER","Niger",2021,"Gross Imp.",1,0.959,200,8,"Kg",200
"S3","RWA","022","Rwanda","NER","Niger",2021,"Import",5,0.959,200,8,"Kg",200
"S3","RWA","022","Rwanda","NLD","Netherlands",2020,"Gross Imp.",1,4648.469,1611520.4,8,"Kg",1611520
"S3","RWA","022","Rwanda","NLD","Netherlands",2020,"Import",5,4648.469,1611520.4,8,"Kg",1611520
"S3","RWA","022","Rwanda","NLD","Netherlands",2021,"Gross Imp.",1,3827.319,1176699.25,8,"Kg",1176699
"S3","RWA","022","Rwanda","NLD","Netherlands",2021,"Import",5,3827.319,1176699.25,8,"Kg",1176699
"S3","RWA","022","Rwanda","NLD","Netherlands",2022,"Gross Imp.",1,3359.862,749236.86,8,"Kg",749237
"S3","RWA","022","Rwanda","NLD","Netherlands",2022,"Import",5,3359.862,749236.86,8,"Kg",749237
"S3","RWA","022","Rwanda","NZL","New Zealand",2020,"Gross Imp.",1,519.655,137489.2,8,"Kg",137489
"S3","RWA","022","Rwanda","NZL","New Zealand",2020,"Import",5,519.655,137489.2,8,"Kg",137489
"S3","RWA","022","Rwanda","NZL","New Zealand",2021,"Gross Imp.",1,888.589,226032.9,8,"Kg",226033
"S3","RWA","022","Rwanda","NZL","New Zealand",2021,"Import",5,888.589,226032.9,8,"Kg",226033
"S3","RWA","022","Rwanda","NZL","New Zealand",2022,"Gross Imp.",1,734.099,136708.4,8,"Kg",136708
"S3","RWA","022","Rwanda","NZL","New Zealand",2022,"Import",5,734.099,136708.4,8,"Kg",136708
"S3","RWA","022","Rwanda","OMN","Oman",2020,"Gross Imp.",1,383.484,99258.5,8,"Kg",99259
"S3","RWA","022","Rwanda","OMN","Oman",2020,"Import",5,383.484,99258.5,8,"Kg",99259
"S3","RWA","022","Rwanda","OMN","Oman",2021,"Gross Imp.",1,101.32,24581.5,8,"Kg",24582
"S3","RWA","022","Rwanda","OMN","Oman",2021,"Import",5,101.32,24581.5,8,"Kg",24582
"S3","RWA","022","Rwanda","OMN","Oman",2022,"Gross Imp.",1,0.477,117.5,8,"Kg",118
"S3","RWA","022","Rwanda","OMN","Oman",2022,"Import",5,0.477,117.5,8,"Kg",118
"S3","RWA","022","Rwanda","PAK","Pakistan",2022,"Gross Imp.",1,0.04,10,8,"Kg",10
"S3","RWA","022","Rwanda","PAK","Pakistan",2022,"Import",5,0.04,10,8,"Kg",10
"S3","RWA","022","Rwanda","POL","Poland",2021,"Gross Imp.",1,63.358,50800,8,"Kg",50800
"S3","RWA","022","Rwanda","POL","Poland",2021,"Import",5,63.358,50800,8,"Kg",50800
"S3","RWA","022","Rwanda","POL","Poland",2022,"Gross Imp.",1,0.282,17.34,8,"Kg",17
"S3","RWA","022","Rwanda","POL","Poland",2022,"Import",5,0.282,17.34,8,"Kg",17
"S3","RWA","022","Rwanda","PRT","Portugal",2020,"Gross Imp.",1,0.891,88,8,"Kg",88
"S3","RWA","022","Rwanda","PRT","Portugal",2020,"Import",5,0.891,88,8,"Kg",88
"S3","RWA","022","Rwanda","SAU","Saudi Arabia",2022,"Gross Imp.",1,0.005,10,8,"Kg",10
"S3","RWA","022","Rwanda","SAU","Saudi Arabia",2022,"Import",5,0.005,10,8,"Kg",10
"S3","RWA","022","Rwanda","SGP","Singapore",2020,"Gross Imp.",1,73.94,46387,8,"Kg",46387
"S3","RWA","022","Rwanda","SGP","Singapore",2020,"Import",5,73.94,46387,8,"Kg",46387
"S3","RWA","022","Rwanda","SGP","Singapore",2021,"Gross Imp.",1,283.412,51763.5,8,"Kg",51764
"S3","RWA","022","Rwanda","SGP","Singapore",2021,"Import",5,283.412,51763.5,8,"Kg",51764
"S3","RWA","022","Rwanda","SGP","Singapore",2022,"Gross Imp.",1,497.278,98967.8,8,"Kg",98968
"S3","RWA","022","Rwanda","SGP","Singapore",2022,"Import",5,497.278,98967.8,8,"Kg",98968
"S3","RWA","022","Rwanda","SOM","Somalia",2020,"Export",6,83.104,92000,8,"Kg",92000
"S3","RWA","022","Rwanda","SOM","Somalia",2020,"Gross Exp.",2,83.104,92000,8,"Kg",92000
"S3","RWA","022","Rwanda","SOM","Somalia",2021,"Export",6,256.308,75024,8,"Kg",75024
"S3","RWA","022","Rwanda","SOM","Somalia",2021,"Gross Exp.",2,256.308,75024,8,"Kg",75024
"S3","RWA","022","Rwanda","SOM","Somalia",2022,"Export",6,143.712,150076,8,"Kg",150076
"S3","RWA","022","Rwanda","SOM","Somalia",2022,"Gross Exp.",2,494.145,224188,8,"Kg",224188
"S3","RWA","022","Rwanda","SOM","Somalia",2022,"Re-Export",3,350.433,74112,8,"Kg",74112
"S3","RWA","022","Rwanda","SSD","South Sudan",2020,"Export",6,149.96,176032,8,"Kg",176032
"S3","RWA","022","Rwanda","SSD","South Sudan",2020,"Gross Exp.",2,149.96,176032,8,"Kg",176032
"S3","RWA","022","Rwanda","SSD","South Sudan",2021,"Export",6,167.312,200008,8,"Kg",200008
"S3","RWA","022","Rwanda","SSD","South Sudan",2021,"Gross Exp.",2,167.312,200008,8,"Kg",200008
"S3","RWA","022","Rwanda","SSD","South Sudan",2022,"Export",6,769.784,960300,8,"Kg",960300
"S3","RWA","022","Rwanda","SSD","South Sudan",2022,"Gross Exp.",2,769.784,960300,8,"Kg",960300
"S3","RWA","022","Rwanda","THA","Thailand",2021,"Gross Imp.",1,10.726,36590.2,8,"Kg",36590
"S3","RWA","022","Rwanda","THA","Thailand",2021,"Import",5,10.726,36590.2,8,"Kg",36590
"S3","RWA","022","Rwanda","THA","Thailand",2022,"Gross Imp.",1,0.374,192,8,"Kg",192
"S3","RWA","022","Rwanda","THA","Thailand",2022,"Import",5,0.374,192,8,"Kg",192
"S3","RWA","022","Rwanda","TUR","Turkey",2021,"Gross Imp.",1,835.091,253000,8,"Kg",253000
"S3","RWA","022","Rwanda","TUR","Turkey",2021,"Import",5,835.091,253000,8,"Kg",253000
"S3","RWA","022","Rwanda","TUR","Turkey",2022,"Gross Imp.",1,3686.268,957438,8,"Kg",957438
"S3","RWA","022","Rwanda","TUR","Turkey",2022,"Import",5,3686.268,957438,8,"Kg",957438
"S3","RWA","022","Rwanda","TZA","Tanzania",2020,"Export",6,16.94,25680,8,"Kg",25680
"S3","RWA","022","Rwanda","TZA","Tanzania",2020,"Gross Exp.",2,16.94,25680,8,"Kg",25680
"S3","RWA","022","Rwanda","TZA","Tanzania",2020,"Gross Imp.",1,140.939,74915.24,8,"Kg",74915
"S3","RWA","022","Rwanda","TZA","Tanzania",2020,"Import",5,140.939,74915.24,8,"Kg",74915
"S3","RWA","022","Rwanda","TZA","Tanzania",2021,"Export",6,29.255,26160,8,"Kg",26160
"S3","RWA","022","Rwanda","TZA","Tanzania",2021,"Gross Exp.",2,29.255,26160,8,"Kg",26160
"S3","RWA","022","Rwanda","TZA","Tanzania",2021,"Gross Imp.",1,35.883,11934,8,"Kg",11934
"S3","RWA","022","Rwanda","TZA","Tanzania",2021,"Import",5,35.883,11934,8,"Kg",11934
"S3","RWA","022","Rwanda","TZA","Tanzania",2022,"Export",6,18.328,28020,8,"Kg",28020
"S3","RWA","073","Rwanda","PHL","Philippines",2020,"Gross Imp.",1,6.258,8360,8,"Kg",8360
"S3","RWA","073","Rwanda","PHL","Philippines",2020,"Import",5,6.258,8360,8,"Kg",8360
"S3","RWA","073","Rwanda","PHL","Philippines",2021,"Gross Imp.",1,1.235,1650,8,"Kg",1650
"S3","RWA","073","Rwanda","PHL","Philippines",2021,"Import",5,1.235,1650,8,"Kg",1650
"S3","RWA","073","Rwanda","PHL","Philippines",2022,"Gross Imp.",1,4.009,6380,8,"Kg",6380
"S3","RWA","073","Rwanda","PHL","Philippines",2022,"Import",5,4.009,6380,8,"Kg",6380
"S3","RWA","073","Rwanda","POL","Poland",2020,"Gross Imp.",1,94.534,26770.84,8,"Kg",26771
"S3","RWA","073","Rwanda","POL","Poland",2020,"Import",5,94.534,26770.84,8,"Kg",26771
"S3","RWA","073","Rwanda","POL","Poland",2021,"Gross Imp.",1,35.462,9616.21,8,"Kg",9616
"S3","RWA","073","Rwanda","POL","Poland",2021,"Import",5,35.462,9616.21,8,"Kg",9616
"S3","RWA","073","Rwanda","POL","Poland",2022,"Gross Imp.",1,53.742,13965.28,8,"Kg",13965
"S3","RWA","073","Rwanda","POL","Poland",2022,"Import",5,53.742,13965.28,8,"Kg",13965
"S3","RWA","073","Rwanda","PRT","Portugal",2020,"Gross Imp.",1,15.782,3006.5,8,"Kg",3007
"S3","RWA","073","Rwanda","PRT","Portugal",2020,"Import",5,15.782,3006.5,8,"Kg",3007
"S3","RWA","073","Rwanda","PRT","Portugal",2021,"Gross Imp.",1,0.333,20,8,"Kg",20
"S3","RWA","073","Rwanda","PRT","Portugal",2021,"Import",5,0.333,20,8,"Kg",20
"S3","RWA","073","Rwanda","SSD","South Sudan",2021,"Export",6,0,0,8,"Kg",0
"S3","RWA","073","Rwanda","SSD","South Sudan",2021,"Gross Exp.",2,7.87,2952,8,"Kg",2952
"S3","RWA","073","Rwanda","SSD","South Sudan",2021,"Re-Export",3,7.87,2952,8,"Kg",2952
"S3","RWA","073","Rwanda","TCA","Turks and Caicos Isl.",2021,"Gross Imp.",1,1.587,358,8,"Kg",358
"S3","RWA","073","Rwanda","TCA","Turks and Caicos Isl.",2021,"Import",5,1.587,358,8,"Kg",358
"S3","RWA","073","Rwanda","TCA","Turks and Caicos Isl.",2022,"Gross Imp.",1,0.355,145.5,8,"Kg",146
"S3","RWA","073","Rwanda","TCA","Turks and Caicos Isl.",2022,"Import",5,0.355,145.5,8,"Kg",146
"S3","RWA","073","Rwanda","THA","Thailand",2020,"Gross Imp.",1,0.201,90,8,"Kg",90
"S3","RWA","073","Rwanda","THA","Thailand",2020,"Import",5,0.201,90,8,"Kg",90
"S3","RWA","073","Rwanda","THA","Thailand",2022,"Gross Imp.",1,0.019,2,8,"Kg",2
"S3","RWA","073","Rwanda","THA","Thailand",2022,"Import",5,0.019,2,8,"Kg",2
"S3","RWA","073","Rwanda","TKL","Tokelau",2022,"Gross Imp.",1,0.162,25,8,"Kg",25
"S3","RWA","073","Rwanda","TKL","Tokelau",2022,"Import",5,0.162,25,8,"Kg",25
"S3","RWA","073","Rwanda","TUR","Turkey",2020,"Gross Imp.",1,148.756,94203.46,8,"Kg",94203
"S3","RWA","073","Rwanda","TUR","Turkey",2020,"Import",5,148.756,94203.46,8,"Kg",94203
"S3","RWA","073","Rwanda","TUR","Turkey",2021,"Gross Imp.",1,231.902,146836.84,8,"Kg",146837
"S3","RWA","073","Rwanda","TUR","Turkey",2021,"Import",5,231.902,146836.84,8,"Kg",146837
"S3","RWA","073","Rwanda","TUR","Turkey",2022,"Gross Imp.",1,379.255,205332.69,8,"Kg",205333
"S3","RWA","073","Rwanda","TUR","Turkey",2022,"Import",5,379.255,205332.69,8,"Kg",205333
"S3","RWA","073","Rwanda","TZA","Tanzania",2020,"Gross Imp.",1,0.085,5,8,"Kg",5
"S3","RWA","073","Rwanda","TZA","Tanzania",2020,"Import",5,0.085,5,8,"Kg",5
"S3","RWA","073","Rwanda","UGA","Uganda",2022,"Gross Imp.",1,0.19,112,8,"Kg",112
"S3","RWA","073","Rwanda","UGA","Uganda",2022,"Import",5,0.19,112,8,"Kg",112
"S3","RWA","073","Rwanda","USA","United States",2020,"Export",6,0,0,8,"Kg",0
"S3","RWA","073","Rwanda","USA","United States",2020,"Gross Exp.",2,5.692,240,8,"Kg",240
"S3","RWA","073","Rwanda","USA","United States",2020,"Gross Imp.",1,9.516,325,8,"Kg",325
"S3","RWA","073","Rwanda","USA","United States",2020,"Import",5,9.516,325,8,"Kg",325
"S3","RWA","073","Rwanda","USA","United States",2020,"Re-Export",3,5.692,240,8,"Kg",240
"S3","RWA","073","Rwanda","USA","United States",2021,"Gross Imp.",1,7.665,2405,8,"Kg",2405
"S3","RWA","073","Rwanda","USA","United States",2021,"Import",5,7.665,2405,8,"Kg",2405
"S3","RWA","073","Rwanda","USA","United States",2022,"Gross Imp.",1,25.924,6604.88,8,"Kg",6605
"S3","RWA","073","Rwanda","USA","United States",2022,"Import",5,25.924,6604.88,8,"Kg",6605
"S3","RWA","073","Rwanda","WLD"," World",2020,"Export",6,0.252,100,8,"Kg",100
"S3","RWA","073","Rwanda","WLD"," World",2020,"Gross Exp.",2,87.843,27008.2,8,"Kg",27008
"S3","RWA","073","Rwanda","WLD"," World",2020,"Gross Imp.",1,964.602,340970.51,8,"Kg",340971
"S3","RWA","073","Rwanda","WLD"," World",2020,"Import",5,964.602,340970.51,8,"Kg",340971
"S3","RWA","073","Rwanda","WLD"," World",2020,"Re-Export",3,87.591,26908.2,8,"Kg",26908
"S3","RWA","073","Rwanda","WLD"," World",2021,"Export",6,0,0,8,"Kg",0
"S3","RWA","073","Rwanda","WLD"," World",2021,"Gross Exp.",2,140.934,45056.68,8,"Kg",45057
"S3","RWA","073","Rwanda","WLD"," World",2021,"Gross Imp.",1,1030.726,368745.58,8,"Kg",368746
"S3","RWA","073","Rwanda","WLD"," World",2021,"Import",5,1030.726,368745.58,8,"Kg",368746
"S3","RWA","073","Rwanda","WLD"," World",2021,"Re-Export",3,140.934,45056.68,8,"Kg",45057
"S3","RWA","073","Rwanda","WLD"," World",2022,"Export",6,0.708,205.9,8,"Kg",206
"S3","RWA","073","Rwanda","WLD"," World",2022,"Gross Exp.",2,228.707,71305.84,8,"Kg",71306
"S3","RWA","073","Rwanda","WLD"," World",2022,"Gross Imp.",1,2178.082,699278.215,8,"Kg",699278
"S3","RWA","073","Rwanda","WLD"," World",2022,"Import",5,2178.082,699278.215,8,"Kg",699278
"S3","RWA","073","Rwanda","WLD"," World",2022,"Re-Export",3,227.999,71099.94,8,"Kg",71100
"S3","RWA","073","Rwanda","ZAF","South Africa",2020,"Gross Imp.",1,53.705,7881.46,8,"Kg",7881
"S3","RWA","073","Rwanda","ZAF","South Africa",2020,"Import",5,53.705,7881.46,8,"Kg",7881
"S3","RWA","073","Rwanda","ZAF","South Africa",2021,"Gross Imp.",1,36.14,8026.73,8,"Kg",8027
"S3","RWA","073","Rwanda","ZAF","South Africa",2021,"Import",5,36.14,8026.73,8,"Kg",8027
"S3","RWA","073","Rwanda","ZAF","South Africa",2022,"Gross Imp.",1,93.449,19318.545,8,"Kg",19319
"S3","RWA","073","Rwanda","ZAF","South Africa",2022,"Import",5,93.449,19318.545,8,"Kg",19319
"S3","RWA","073","Rwanda","ZAR","Congo, Dem. Rep.",2020,"Export",6,0,0,8,"Kg",0
"S3","RWA","073","Rwanda","ZAR","Congo, Dem. Rep.",2020,"Gross Exp.",2,23.65,20588.2,8,"Kg",20588
"S3","RWA","073","Rwanda","ZAR","Congo, Dem. Rep.",2020,"Re-Export",3,23.65,20588.2,8,"Kg",20588
"S3","RWA","073","Rwanda","ZAR","Congo, Dem. Rep.",2021,"Export",6,0,0,8,"Kg",0
"S3","RWA","073","Rwanda","ZAR","Congo, Dem. Rep.",2021,"Gross Exp.",2,37.761,32965.68,8,"Kg",32966
"S3","RWA","073","Rwanda","ZAR","Congo, Dem. Rep.",2021,"Gross Imp.",1,0.136,12,8,"Kg",12
"S3","RWA","073","Rwanda","ZAR","Congo, Dem. Rep.",2021,"Import",5,0.136,12,8,"Kg",12
"S3","RWA","073","Rwanda","ZAR","Congo, Dem. Rep.",2021,"Re-Export",3,37.761,32965.68,8,"Kg",32966
"S3","RWA","073","Rwanda","ZAR","Congo, Dem. Rep.",2022,"Export",6,0.707,205.9,8,"Kg",206
"S3","RWA","073","Rwanda","ZAR","Congo, Dem. Rep.",2022,"Gross Exp.",2,79.059,50912.84,8,"Kg",50913
"S3","RWA","073","Rwanda","ZAR","Congo, Dem. Rep.",2022,"Gross Imp.",1,0.734,345,8,"Kg",345
"S3","RWA","073","Rwanda","ZAR","Congo, Dem. Rep.",2022,"Import",5,0.734,345,8,"Kg",345
"S3","RWA","073","Rwanda","ZAR","Congo, Dem. Rep.",2022,"Re-Export",3,78.352,50706.94,8,"Kg",50707
"S3","RWA","073","Rwanda","ZMB","Zambia",2021,"Gross Imp.",1,3.443,2000,8,"Kg",2000
"S3","RWA","073","Rwanda","ZMB","Zambia",2021,"Import",5,3.443,2000,8,"Kg",2000
"S3","RWA","073","Rwanda","ZMB","Zambia",2022,"Export",6,0,0,8,"Kg",0
"S3","RWA","073","Rwanda","ZMB","Zambia",2022,"Gross Exp.",2,8.787,4198,8,"Kg",4198
"S3","RWA","073","Rwanda","ZMB","Zambia",2022,"Re-Export",3,8.787,4198,8,"Kg",4198
"S3","RWA","074","Rwanda","AFG","Afghanistan",2020,"Export",6,190.98,63356,8,"Kg",63356
"S3","RWA","074","Rwanda","AFG","Afghanistan",2020,"Gross Exp.",2,190.98,63356,8,"Kg",63356
"S3","RWA","074","Rwanda","AFG","Afghanistan",2021,"Export",6,399.042,145498.6,8,"Kg",145499
"S3","RWA","074","Rwanda","AFG","Afghanistan",2021,"Gross Exp.",2,399.042,145498.6,8,"Kg",145499
"S3","RWA","074","Rwanda","AFG","Afghanistan",2022,"Export",6,140.39,48123,8,"Kg",48123
"S3","RWA","074","Rwanda","AFG","Afghanistan",2022,"Gross Exp.",2,140.39,48123,8,"Kg",48123
"S3","RWA","074","Rwanda","ARE","United Arab Emirates",2020,"Export",6,1803.237,622130,8,"Kg",622130
"S3","RWA","074","Rwanda","ARE","United Arab Emirates",2020,"Gross Exp.",2,1803.237,622130,8,"Kg",622130
"S3","RWA","074","Rwanda","ARE","United Arab Emirates",2020,"Gross Imp.",1,44.412,12010,8,"Kg",12010
"S3","RWA","074","Rwanda","ARE","United Arab Emirates",2020,"Import",5,44.412,12010,8,"Kg",12010
"S3","RWA","074","Rwanda","ARE","United Arab Emirates",2021,"Export",6,2199.334,753687,8,"Kg",753687
"S3","RWA","074","Rwanda","ARE","United Arab Emirates",2021,"Gross Exp.",2,2199.334,753687,8,"Kg",753687
"S3","RWA","074","Rwanda","ARE","United Arab Emirates",2021,"Gross Imp.",1,108.286,17768,8,"Kg",17768
"S3","RWA","074","Rwanda","ARE","United Arab Emirates",2021,"Import",5,108.286,17768,8,"Kg",17768
"S3","RWA","074","Rwanda","ARE","United Arab Emirates",2022,"Export",6,3529.005,1208066.9,8,"Kg",1208067
"S3","RWA","074","Rwanda","ARE","United Arab Emirates",2022,"Gross Exp.",2,3529.074,1208146.9,8,"Kg",1208147
"S3","RWA","074","Rwanda","ARE","United Arab Emirates",2022,"Gross Imp.",1,21.795,8054.11,8,"Kg",8054
"S3","RWA","074","Rwanda","ARE","United Arab Emirates",2022,"Import",5,21.795,8054.11,8,"Kg",8054
"S3","RWA","074","Rwanda","ARE","United Arab Emirates",2022,"Re-Export",3,0.069,80,8,"Kg",80
"S3","RWA","074","Rwanda","AUS","Australia",2020,"Export",6,42.24,16000,8,"Kg",16000
"S3","RWA","074","Rwanda","AUS","Australia",2020,"Gross Exp.",2,42.24,16000,8,"Kg",16000
"S3","RWA","074","Rwanda","AUS","Australia",2021,"Export",6,125.571,41707,8,"Kg",41707
"S3","RWA","074","Rwanda","AUS","Australia",2021,"Gross Exp.",2,125.571,41707,8,"Kg",41707
"S3","RWA","074","Rwanda","AUS","Australia",2022,"Export",6,182.432,42400,8,"Kg",42400
"S3","RWA","074","Rwanda","AUS","Australia",2022,"Gross Exp.",2,182.432,42400,8,"Kg",42400
"S3","RWA","074","Rwanda","AZE","Azerbaijan",2020,"Export",6,49.224,17382,8,"Kg",17382
"S3","RWA","074","Rwanda","AZE","Azerbaijan",2020,"Gross Exp.",2,49.224,17382,8,"Kg",17382
"S3","RWA","074","Rwanda","AZE","Azerbaijan",2021,"Export",6,329.01,114091.6,8,"Kg",114092
"S3","RWA","074","Rwanda","AZE","Azerbaijan",2021,"Gross Exp.",2,329.01,114091.6,8,"Kg",114092
"S3","RWA","074","Rwanda","AZE","Azerbaijan",2022,"Export",6,703.452,240091,8,"Kg",240091
"S3","RWA","074","Rwanda","AZE","Azerbaijan",2022,"Gross Exp.",2,703.452,240091,8,"Kg",240091
"S3","RWA","074","Rwanda","BDI","Burundi",2022,"Gross Imp.",1,6.397,13582.65,8,"Kg",13583
"S3","RWA","074","Rwanda","BDI","Burundi",2022,"Import",5,6.397,13582.65,8,"Kg",13583
"S3","RWA","074","Rwanda","BEL","Belgium",2020,"Export",6,3.383,741,8,"Kg",741
"S3","RWA","074","Rwanda","BEL","Belgium",2020,"Gross Exp.",2,3.383,741,8,"Kg",741
"S3","RWA","074","Rwanda","BEL","Belgium",2020,"Gross Imp.",1,2.781,1696.55,8,"Kg",1697
"S3","RWA","074","Rwanda","BEL","Belgium",2020,"Import",5,2.781,1696.55,8,"Kg",1697
"S3","RWA","074","Rwanda","BEL","Belgium",2021,"Export",6,0.504,100,8,"Kg",100
"S3","RWA","074","Rwanda","BEL","Belgium",2021,"Gross Exp.",2,0.504,100,8,"Kg",100
"S3","RWA","074","Rwanda","BEL","Belgium",2021,"Gross Imp.",1,10.409,1678.71,8,"Kg",1679
"S3","RWA","074","Rwanda","BEL","Belgium",2021,"Import",5,10.409,1678.71,8,"Kg",1679
"S3","RWA","074","Rwanda","BEL","Belgium",2022,"Export",6,437.376,76800,8,"Kg",76800
"S3","RWA","074","Rwanda","BEL","Belgium",2022,"Gross Exp.",2,437.376,76800,8,"Kg",76800
"S3","RWA","074","Rwanda","BEL","Belgium",2022,"Gross Imp.",1,2.602,727.2,8,"Kg",727
"S3","RWA","074","Rwanda","BEL","Belgium",2022,"Import",5,2.602,727.2,8,"Kg",727
"S3","RWA","074","Rwanda","BEN","Benin",2020,"Export",6,0.703,50.7,8,"Kg",51
"S3","RWA","074","Rwanda","BEN","Benin",2020,"Gross Exp.",2,0.703,50.7,8,"Kg",51
"S3","RWA","074","Rwanda","BGD","Bangladesh",2020,"Export",6,13.582,5184,8,"Kg",5184
"S3","RWA","074","Rwanda","BGD","Bangladesh",2020,"Gross Exp.",2,13.582,5184,8,"Kg",5184
"S3","RWA","074","Rwanda","BGD","Bangladesh",2021,"Export",6,10.137,3576,8,"Kg",3576
"S3","RWA","074","Rwanda","BGD","Bangladesh",2021,"Gross Exp.",2,10.137,3576,8,"Kg",3576
"S3","RWA","074","Rwanda","BGD","Bangladesh",2022,"Export",6,21.582,7348,8,"Kg",7348
"S3","RWA","074","Rwanda","BGD","Bangladesh",2022,"Gross Exp.",2,21.582,7348,8,"Kg",7348
"S3","RWA","074","Rwanda","BGR","Bulgaria",2020,"Export",6,3.052,1156,8,"Kg",1156
"S3","RWA","074","Rwanda","BGR","Bulgaria",2020,"Gross Exp.",2,3.052,1156,8,"Kg",1156
"S3","RWA","074","Rwanda","BGR","Bulgaria",2021,"Export",6,8.713,2796,8,"Kg",2796
"S3","RWA","074","Rwanda","BGR","Bulgaria",2021,"Gross Exp.",2,8.713,2796,8,"Kg",2796
"S3","RWA","074","Rwanda","BGR","Bulgaria",2022,"Export",6,4.383,1496,8,"Kg",1496
"S3","RWA","074","Rwanda","BGR","Bulgaria",2022,"Gross Exp.",2,4.383,1496,8,"Kg",1496
"S3","RWA","074","Rwanda","BRA","Brazil",2020,"Gross Imp.",1,1.55,467,8,"Kg",467
"S3","RWA","074","Rwanda","BRA","Brazil",2020,"Import",5,1.55,467,8,"Kg",467
"S3","RWA","074","Rwanda","BRA","Brazil",2021,"Gross Imp.",1,2.39,560,8,"Kg",560
"S3","RWA","074","Rwanda","BRA","Brazil",2021,"Import",5,2.39,560,8,"Kg",560
"S3","RWA","074","Rwanda","BRA","Brazil",2022,"Gross Imp.",1,2.088,687,8,"Kg",687
"S3","RWA","074","Rwanda","BRA","Brazil",2022,"Import",5,2.088,687,8,"Kg",687
"S3","RWA","074","Rwanda","CAN","Canada",2020,"Export",6,1.343,490,8,"Kg",490
"S3","RWA","074","Rwanda","CAN","Canada",2020,"Gross Exp.",2,1.343,490,8,"Kg",490
"S3","RWA","074","Rwanda","CAN","Canada",2021,"Export",6,310.596,112929.6,8,"Kg",112930
"S3","RWA","074","Rwanda","CAN","Canada",2021,"Gross Exp.",2,310.596,112929.6,8,"Kg",112930
"S3","RWA","074","Rwanda","CAN","Canada",2022,"Export",6,77.332,24186,8,"Kg",24186
"S3","RWA","074","Rwanda","CAN","Canada",2022,"Gross Exp.",2,77.332,24186,8,"Kg",24186
"S3","RWA","074","Rwanda","CAN","Canada",2022,"Gross Imp.",1,0.081,12.5,8,"Kg",13
"S3","RWA","074","Rwanda","CAN","Canada",2022,"Import",5,0.081,12.5,8,"Kg",13
"S3","RWA","074","Rwanda","CHE","Switzerland",2020,"Export",6,15.473,5752,8,"Kg",5752
"S3","RWA","074","Rwanda","CHE","Switzerland",2020,"Gross Exp.",2,15.473,5752,8,"Kg",5752
"S3","RWA","074","Rwanda","CHE","Switzerland",2021,"Export",6,300.375,109307.6,8,"Kg",109308
"S3","RWA","074","Rwanda","CHE","Switzerland",2021,"Gross Exp.",2,300.375,109307.6,8,"Kg",109308
"S3","RWA","074","Rwanda","CHE","Switzerland",2022,"Export",6,65.993,22752,8,"Kg",22752
"S3","RWA","074","Rwanda","CHE","Switzerland",2022,"Gross Exp.",2,65.993,22752,8,"Kg",22752
"S3","RWA","074","Rwanda","CHE","Switzerland",2022,"Gross Imp.",1,0.018,1,8,"Kg",1
"S3","RWA","074","Rwanda","CHE","Switzerland",2022,"Import",5,0.018,1,8,"Kg",1
"S3","RWA","074","Rwanda","CHN","China",2020,"Export",6,418.746,160144,8,"Kg",160144
"S3","RWA","074","Rwanda","CHN","China",2020,"Gross Exp.",2,418.746,160144,8,"Kg",160144
"S3","RWA","074","Rwanda","CHN","China",2020,"Gross Imp.",1,11.055,12290.1,8,"Kg",12290
"S3","RWA","074","Rwanda","CHN","China",2020,"Import",5,11.055,12290.1,8,"Kg",12290
"S3","RWA","074","Rwanda","CHN","China",2021,"Export",6,4608.91,1660887,8,"Kg",1660887
"S3","RWA","074","Rwanda","CHN","China",2021,"Gross Exp.",2,4608.91,1660887,8,"Kg",1660887
"S3","RWA","074","Rwanda","CHN","China",2021,"Gross Imp.",1,11.411,7779.77,8,"Kg",7780
"S3","RWA","074","Rwanda","CHN","China",2021,"Import",5,11.411,7779.77,8,"Kg",7780
"S3","RWA","074","Rwanda","CHN","China",2022,"Export",6,355.537,96735,8,"Kg",96735
"S3","RWA","074","Rwanda","CHN","China",2022,"Gross Exp.",2,355.537,96735,8,"Kg",96735
"S3","RWA","074","Rwanda","CHN","China",2022,"Gross Imp.",1,8.407,8496.05,8,"Kg",8496
"S3","RWA","074","Rwanda","CHN","China",2022,"Import",5,8.407,8496.05,8,"Kg",8496
"S3","RWA","074","Rwanda","COG","Congo, Rep.",2020,"Export",6,0.271,65,8,"Kg",65
"S3","RWA","074","Rwanda","COG","Congo, Rep.",2020,"Gross Exp.",2,0.271,65,8,"Kg",65
"S3","RWA","074","Rwanda","DEU","Germany",2020,"Export",6,1103.049,394758,8,"Kg",394758
"S3","RWA","074","Rwanda","DEU","Germany",2020,"Gross Exp.",2,1103.049,394758,8,"Kg",394758
"S3","RWA","074","Rwanda","DEU","Germany",2020,"Gross Imp.",1,0.699,95,8,"Kg",95
"S3","RWA","074","Rwanda","DEU","Germany",2020,"Import",5,0.699,95,8,"Kg",95
"S3","RWA","074","Rwanda","DEU","Germany",2021,"Export",6,2591.806,849035.6,8,"Kg",849036
"S3","RWA","074","Rwanda","DEU","Germany",2021,"Gross Exp.",2,2591.806,849035.6,8,"Kg",849036
"S3","RWA","074","Rwanda","DEU","Germany",2021,"Gross Imp.",1,1.497,131,8,"Kg",131
"S3","RWA","074","Rwanda","DEU","Germany",2021,"Import",5,1.497,131,8,"Kg",131
"S3","RWA","074","Rwanda","DEU","Germany",2022,"Export",6,1516.131,511852,8,"Kg",511852
"S3","RWA","074","Rwanda","DEU","Germany",2022,"Gross Exp.",2,1516.131,511852,8,"Kg",511852
"S3","RWA","074","Rwanda","DEU","Germany",2022,"Gross Imp.",1,1.557,123.6,8,"Kg",124
"S3","RWA","074","Rwanda","DEU","Germany",2022,"Import",5,1.557,123.6,8,"Kg",124
"S3","RWA","074","Rwanda","DNK","Denmark",2020,"Gross Imp.",1,0.732,96,8,"Kg",96
"S3","RWA","074","Rwanda","DNK","Denmark",2020,"Import",5,0.732,96,8,"Kg",96
"S3","RWA","074","Rwanda","DNK","Denmark",2021,"Gross Imp.",1,1.989,336,8,"Kg",336
"S3","RWA","074","Rwanda","DNK","Denmark",2021,"Import",5,1.989,336,8,"Kg",336
"S3","RWA","074","Rwanda","DNK","Denmark",2022,"Gross Imp.",1,0.971,199.09,8,"Kg",199
"S3","RWA","074","Rwanda","DNK","Denmark",2022,"Import",5,0.971,199.09,8,"Kg",199
"S3","RWA","074","Rwanda","EGY","Egypt, Arab Rep.",2020,"Export",6,10146.701,3629143,8,"Kg",3629143
"S3","RWA","074","Rwanda","EGY","Egypt, Arab Rep.",2020,"Gross Exp.",2,10146.701,3629143,8,"Kg",3629143
"S3","RWA","074","Rwanda","EGY","Egypt, Arab Rep.",2021,"Export",6,11350.173,4845274,8,"Kg",4845274
"S3","RWA","074","Rwanda","EGY","Egypt, Arab Rep.",2021,"Gross Exp.",2,11350.173,4845274,8,"Kg",4845274
"S3","RWA","074","Rwanda","EGY","Egypt, Arab Rep.",2022,"Export",6,13948.008,4741231,8,"Kg",4741231
"S3","RWA","074","Rwanda","EGY","Egypt, Arab Rep.",2022,"Gross Exp.",2,13948.008,4741231,8,"Kg",4741231
"S3","RWA","074","Rwanda","ERI","Eritrea",2020,"Export",6,7.371,2792,8,"Kg",2792
"S3","RWA","074","Rwanda","ERI","Eritrea",2020,"Gross Exp.",2,7.371,2792,8,"Kg",2792
"S3","RWA","074","Rwanda","ERI","Eritrea",2021,"Export",6,325.083,115577.6,8,"Kg",115578
"S3","RWA","074","Rwanda","ERI","Eritrea",2021,"Gross Exp.",2,325.083,115577.6,8,"Kg",115578
"S3","RWA","074","Rwanda","ERI","Eritrea",2022,"Export",6,23.874,7652,8,"Kg",7652
"S3","RWA","074","Rwanda","ERI","Eritrea",2022,"Gross Exp.",2,23.874,7652,8,"Kg",7652
"S3","RWA","074","Rwanda","ESP","Spain",2022,"Export",6,1.413,218,8,"Kg",218
"S3","RWA","074","Rwanda","ESP","Spain",2022,"Gross Exp.",2,1.413,218,8,"Kg",218
"S3","RWA","074","Rwanda","FRA","France",2020,"Gross Imp.",1,0.112,6,8,"Kg",6
"S3","RWA","074","Rwanda","FRA","France",2020,"Import",5,0.112,6,8,"Kg",6
"S3","RWA","074","Rwanda","FRA","France",2021,"Export",6,164.734,43316,8,"Kg",43316
"S3","RWA","074","Rwanda","FRA","France",2021,"Gross Exp.",2,164.734,43316,8,"Kg",43316
"S3","RWA","074","Rwanda","FRA","France",2021,"Gross Imp.",1,0.936,90.14,8,"Kg",90
"S3","RWA","074","Rwanda","FRA","France",2021,"Import",5,0.936,90.14,8,"Kg",90
"S3","RWA","074","Rwanda","FRA","France",2022,"Export",6,14.976,4800,8,"Kg",4800
"S3","RWA","074","Rwanda","FRA","France",2022,"Gross Exp.",2,14.976,4800,8,"Kg",4800
"S3","RWA","074","Rwanda","FRA","France",2022,"Gross Imp.",1,1.523,163.94,8,"Kg",164
"S3","RWA","074","Rwanda","FRA","France",2022,"Import",5,1.523,163.94,8,"Kg",164
"S3","RWA","074","Rwanda","GBR","United Kingdom",2020,"Export",6,15058.951,5468223,8,"Kg",5468223
"S3","RWA","074","Rwanda","GBR","United Kingdom",2020,"Gross Exp.",2,15058.951,5468223,8,"Kg",5468223
"S3","RWA","074","Rwanda","GBR","United Kingdom",2020,"Gross Imp.",1,1.512,491,8,"Kg",491
"S3","RWA","074","Rwanda","GBR","United Kingdom",2020,"Import",5,1.512,491,8,"Kg",491
"S3","RWA","074","Rwanda","GBR","United Kingdom",2021,"Export",6,13083.214,4615475,8,"Kg",4615475
"S3","RWA","074","Rwanda","GBR","United Kingdom",2021,"Gross Exp.",2,13083.214,4615475,8,"Kg",4615475
"S3","RWA","074","Rwanda","GBR","United Kingdom",2021,"Gross Imp.",1,0.022,6,8,"Kg",6
"S3","RWA","074","Rwanda","GBR","United Kingdom",2021,"Import",5,0.022,6,8,"Kg",6
"S3","RWA","074","Rwanda","GBR","United Kingdom",2022,"Export",6,16514.112,5021303,8,"Kg",5021303
"S3","RWA","074","Rwanda","GBR","United Kingdom",2022,"Gross Exp.",2,16514.112,5021303,8,"Kg",5021303
"S3","RWA","074","Rwanda","GBR","United Kingdom",2022,"Gross Imp.",1,1.207,321,8,"Kg",321
"S3","RWA","074","Rwanda","GBR","United Kingdom",2022,"Import",5,1.207,321,8,"Kg",321
"S3","RWA","074","Rwanda","GHA","Ghana",2020,"Gross Imp.",1,0.043,9,8,"Kg",9
"S3","RWA","074","Rwanda","GHA","Ghana",2020,"Import",5,0.043,9,8,"Kg",9
"S3","RWA","074","Rwanda","GHA","Ghana",2022,"Export",6,2.162,270,8,"Kg",270
"S3","RWA","074","Rwanda","GHA","Ghana",2022,"Gross Exp.",2,2.162,270,8,"Kg",270
"S3","RWA","074","Rwanda","HKG","Hong Kong, China",2020,"Gross Imp.",1,1.203,466.89,8,"Kg",467
"S3","RWA","074","Rwanda","HKG","Hong Kong, China",2020,"Import",5,1.203,466.89,8,"Kg",467
"S3","RWA","074","Rwanda","HKG","Hong Kong, China",2021,"Gross Imp.",1,0.189,89.25,8,"Kg",89
"S3","RWA","074","Rwanda","HKG","Hong Kong, China",2021,"Import",5,0.189,89.25,8,"Kg",89
"S3","RWA","074","Rwanda","HKG","Hong Kong, China",2022,"Gross Imp.",1,0.977,1547.74,8,"Kg",1548
"S3","RWA","074","Rwanda","HKG","Hong Kong, China",2022,"Import",5,0.977,1547.74,8,"Kg",1548
"S3","RWA","074","Rwanda","HUN","Hungary",2022,"Gross Imp.",1,0.024,3,8,"Kg",3
"S3","RWA","074","Rwanda","HUN","Hungary",2022,"Import",5,0.024,3,8,"Kg",3
"S3","RWA","074","Rwanda","IDN","Indonesia",2020,"Export",6,113.567,43512,8,"Kg",43512
"S3","RWA","074","Rwanda","IDN","Indonesia",2020,"Gross Exp.",2,113.567,43512,8,"Kg",43512
"S3","RWA","074","Rwanda","IDN","Indonesia",2021,"Export",6,65.826,24380,8,"Kg",24380
"S3","RWA","074","Rwanda","IDN","Indonesia",2021,"Gross Exp.",2,65.826,24380,8,"Kg",24380
"S3","RWA","074","Rwanda","IND","India",2020,"Export",6,1259.731,479336,8,"Kg",479336
"S3","RWA","074","Rwanda","IND","India",2020,"Gross Exp.",2,1259.731,479336,8,"Kg",479336
"S3","RWA","074","Rwanda","IND","India",2020,"Gross Imp.",1,1.298,152.4,8,"Kg",152
"S3","RWA","074","Rwanda","IND","India",2020,"Import",5,1.298,152.4,8,"Kg",152
"S3","RWA","074","Rwanda","IND","India",2021,"Export",6,1127.639,418413.6,8,"Kg",418414
"S3","RWA","074","Rwanda","IND","India",2021,"Gross Exp.",2,1127.639,418413.6,8,"Kg",418414
"S3","RWA","074","Rwanda","IND","India",2021,"Gross Imp.",1,2.781,458.14,8,"Kg",458
"S3","RWA","074","Rwanda","IND","India",2021,"Import",5,2.781,458.14,8,"Kg",458
"S3","RWA","074","Rwanda","IND","India",2022,"Export",6,1468.006,502959,8,"Kg",502959
"S3","RWA","074","Rwanda","IND","India",2022,"Gross Exp.",2,1468.006,502959,8,"Kg",502959
"S3","RWA","074","Rwanda","IND","India",2022,"Gross Imp.",1,1.364,343.75,8,"Kg",344
"S3","RWA","074","Rwanda","IND","India",2022,"Import",5,1.364,343.75,8,"Kg",344
"S3","RWA","074","Rwanda","IRL","Ireland",2020,"Export",6,4081.505,1447144,8,"Kg",1447144
"S3","RWA","074","Rwanda","IRL","Ireland",2020,"Gross Exp.",2,4081.505,1447144,8,"Kg",1447144
"S3","RWA","074","Rwanda","IRL","Ireland",2021,"Export",6,5156.455,1854322,8,"Kg",1854322
"S3","RWA","074","Rwanda","IRL","Ireland",2021,"Gross Exp.",2,5156.455,1854322,8,"Kg",1854322
"S3","RWA","074","Rwanda","IRL","Ireland",2022,"Export",6,6233.43,2128557,8,"Kg",2128557
"S3","RWA","074","Rwanda","IRL","Ireland",2022,"Gross Exp.",2,6233.43,2128557,8,"Kg",2128557
"S3","RWA","074","Rwanda","IRN","Iran, Islamic Rep.",2020,"Export",6,157.811,52738,8,"Kg",52738
"S3","RWA","074","Rwanda","IRN","Iran, Islamic Rep.",2020,"Gross Exp.",2,157.811,52738,8,"Kg",52738
"S3","RWA","074","Rwanda","IRN","Iran, Islamic Rep.",2021,"Export",6,317.231,118057.6,8,"Kg",118058
"S3","RWA","074","Rwanda","IRN","Iran, Islamic Rep.",2021,"Gross Exp.",2,317.231,118057.6,8,"Kg",118058
"S3","RWA","074","Rwanda","IRN","Iran, Islamic Rep.",2022,"Export",6,832.384,286916,8,"Kg",286916
"S3","RWA","074","Rwanda","IRN","Iran, Islamic Rep.",2022,"Gross Exp.",2,832.384,286916,8,"Kg",286916
"S3","RWA","074","Rwanda","ITA","Italy",2020,"Export",6,0.301,43,8,"Kg",43
"S3","RWA","074","Rwanda","ITA","Italy",2020,"Gross Exp.",2,0.301,43,8,"Kg",43
"S3","RWA","074","Rwanda","ITA","Italy",2020,"Gross Imp.",1,0.302,36,8,"Kg",36
"S3","RWA","074","Rwanda","ITA","Italy",2020,"Import",5,0.302,36,8,"Kg",36
"S3","RWA","074","Rwanda","ITA","Italy",2021,"Gross Imp.",1,0.458,54,8,"Kg",54
"S3","RWA","074","Rwanda","ITA","Italy",2021,"Import",5,0.458,54,8,"Kg",54
"S3","RWA","074","Rwanda","ITA","Italy",2022,"Export",6,30.7,10000,8,"Kg",10000
"S3","RWA","074","Rwanda","ITA","Italy",2022,"Gross Exp.",2,30.7,10000,8,"Kg",10000
"S3","RWA","074","Rwanda","ITA","Italy",2022,"Gross Imp.",1,0.029,6,8,"Kg",6
"S3","RWA","074","Rwanda","ITA","Italy",2022,"Import",5,0.029,6,8,"Kg",6
"S3","RWA","074","Rwanda","JOR","Jordan",2020,"Export",6,403.412,155505,8,"Kg",155505
"S3","RWA","074","Rwanda","JOR","Jordan",2020,"Gross Exp.",2,403.412,155505,8,"Kg",155505
"S3","RWA","074","Rwanda","JPN","Japan",2021,"Gross Imp.",1,0.004,0.6,8,"Kg",1
"S3","RWA","074","Rwanda","JPN","Japan",2021,"Import",5,0.004,0.6,8,"Kg",1
"S3","RWA","074","Rwanda","JPN","Japan",2022,"Export",6,66.18,22434,8,"Kg",22434
"S3","RWA","074","Rwanda","JPN","Japan",2022,"Gross Exp.",2,66.18,22434,8,"Kg",22434
"S3","RWA","074","Rwanda","KAZ","Kazakhstan",2020,"Export",6,6992.127,2501728,8,"Kg",2501728
"S3","RWA","074","Rwanda","KAZ","Kazakhstan",2020,"Gross Exp.",2,6992.127,2501728,8,"Kg",2501728
"S3","RWA","074","Rwanda","KAZ","Kazakhstan",2021,"Export",6,9010.084,3220241,8,"Kg",3220241
"S3","RWA","074","Rwanda","KAZ","Kazakhstan",2021,"Gross Exp.",2,9010.084,3220241,8,"Kg",3220241
"S3","RWA","074","Rwanda","KAZ","Kazakhstan",2022,"Export",6,4982.412,1697382.6,8,"Kg",1697383
"S3","RWA","074","Rwanda","KAZ","Kazakhstan",2022,"Gross Exp.",2,4982.412,1697382.6,8,"Kg",1697383
"S3","RWA","074","Rwanda","KEN","Kenya",2020,"Export",6,16602.391,5641657,8,"Kg",5641657
"S3","RWA","074","Rwanda","KEN","Kenya",2020,"Gross Exp.",2,16602.391,5641657,8,"Kg",5641657
"S3","RWA","074","Rwanda","KEN","Kenya",2020,"Gross Imp.",1,36.675,1430,8,"Kg",1430
"S3","RWA","074","Rwanda","KEN","Kenya",2020,"Import",5,36.675,1430,8,"Kg",1430
"S3","RWA","074","Rwanda","KEN","Kenya",2021,"Export",6,154.226,52150,8,"Kg",52150
"S3","RWA","074","Rwanda","KEN","Kenya",2021,"Gross Exp.",2,154.226,52150,8,"Kg",52150
"S3","RWA","074","Rwanda","KEN","Kenya",2021,"Gross Imp.",1,36.692,2331.5,8,"Kg",2332
"S3","RWA","074","Rwanda","KEN","Kenya",2021,"Import",5,36.692,2331.5,8,"Kg",2332
"S3","RWA","074","Rwanda","KEN","Kenya",2022,"Gross Imp.",1,84.244,5189.2,8,"Kg",5189
"S3","RWA","074","Rwanda","KEN","Kenya",2022,"Import",5,84.244,5189.2,8,"Kg",5189
"S3","RWA","074","Rwanda","KGZ","Kyrgyz Republic",2020,"Export",6,132.225,49652,8,"Kg",49652
"S3","RWA","074","Rwanda","KGZ","Kyrgyz Republic",2020,"Gross Exp.",2,132.225,49652,8,"Kg",49652
"S3","RWA","074","Rwanda","KGZ","Kyrgyz Republic",2021,"Export",6,89.811,32122,8,"Kg",32122
"S3","RWA","074","Rwanda","KGZ","Kyrgyz Republic",2021,"Gross Exp.",2,89.811,32122,8,"Kg",32122
"S3","RWA","074","Rwanda","KGZ","Kyrgyz Republic",2022,"Export",6,90.403,31726,8,"Kg",31726
"S3","RWA","074","Rwanda","KGZ","Kyrgyz Republic",2022,"Gross Exp.",2,90.403,31726,8,"Kg",31726
"S3","RWA","074","Rwanda","KOR","Korea, Rep.",2020,"Gross Imp.",1,0.015,55,8,"Kg",55
"S3","RWA","074","Rwanda","KOR","Korea, Rep.",2020,"Import",5,0.015,55,8,"Kg",55
"S3","RWA","074","Rwanda","KOR","Korea, Rep.",2021,"Gross Imp.",1,0.257,2,8,"Kg",2
"S3","RWA","074","Rwanda","KOR","Korea, Rep.",2021,"Import",5,0.257,2,8,"Kg",2
"S3","RWA","074","Rwanda","KOR","Korea, Rep.",2022,"Gross Imp.",1,0.345,180,8,"Kg",180
"S3","RWA","074","Rwanda","KOR","Korea, Rep.",2022,"Import",5,0.345,180,8,"Kg",180
"S3","RWA","074","Rwanda","LBR","Liberia",2020,"Export",6,0.045,40,8,"Kg",40
"S3","RWA","074","Rwanda","LBR","Liberia",2020,"Gross Exp.",2,0.045,40,8,"Kg",40
"S3","RWA","074","Rwanda","LKA","Sri Lanka",2020,"Export",6,77.306,26858,8,"Kg",26858
"S3","RWA","074","Rwanda","LKA","Sri Lanka",2020,"Gross Exp.",2,77.306,26858,8,"Kg",26858
"S3","RWA","074","Rwanda","LKA","Sri Lanka",2021,"Export",6,308.496,118324.6,8,"Kg",118325
"S3","RWA","074","Rwanda","LKA","Sri Lanka",2021,"Gross Exp.",2,308.496,118324.6,8,"Kg",118325
"S3","RWA","074","Rwanda","LKA","Sri Lanka",2022,"Export",6,27.84,9786,8,"Kg",9786
"S3","RWA","074","Rwanda","LKA","Sri Lanka",2022,"Gross Exp.",2,27.84,9786,8,"Kg",9786
"S3","RWA","074","Rwanda","MAC","Macao",2021,"Export",6,26.335,8468,8,"Kg",8468
"S3","RWA","074","Rwanda","MAC","Macao",2021,"Gross Exp.",2,26.335,8468,8,"Kg",8468
"S3","RWA","074","Rwanda","MAR","Morocco",2021,"Export",6,68.547,24442,8,"Kg",24442
"S3","RWA","074","Rwanda","MAR","Morocco",2021,"Gross Exp.",2,68.547,24442,8,"Kg",24442
"S3","RWA","074","Rwanda","MAR","Morocco",2022,"Export",6,11.603,3960,8,"Kg",3960
"S3","RWA","074","Rwanda","MAR","Morocco",2022,"Gross Exp.",2,11.603,3960,8,"Kg",3960
"S3","RWA","074","Rwanda","MAR","Morocco",2022,"Gross Imp.",1,22.706,5046,8,"Kg",5046
"S3","RWA","074","Rwanda","MAR","Morocco",2022,"Import",5,22.706,5046,8,"Kg",5046
"S3","RWA","074","Rwanda","MMR","Myanmar",2020,"Export",6,773.403,279759,8,"Kg",279759
"S3","RWA","074","Rwanda","MMR","Myanmar",2020,"Gross Exp.",2,773.403,279759,8,"Kg",279759
"S3","RWA","074","Rwanda","MMR","Myanmar",2021,"Export",6,697.817,251749.6,8,"Kg",251750
"S3","RWA","074","Rwanda","MMR","Myanmar",2021,"Gross Exp.",2,697.817,251749.6,8,"Kg",251750
"S3","RWA","074","Rwanda","MMR","Myanmar",2022,"Export",6,960.916,328677,8,"Kg",328677
"S3","RWA","074","Rwanda","MMR","Myanmar",2022,"Gross Exp.",2,960.916,328677,8,"Kg",328677
"S3","RWA","074","Rwanda","MUS","Mauritius",2022,"Export",6,3.6,600,8,"Kg",600
"S3","RWA","074","Rwanda","MUS","Mauritius",2022,"Gross Exp.",2,3.6,600,8,"Kg",600
"S3","RWA","074","Rwanda","MYS","Malaysia",2020,"Export",6,329.737,121476,8,"Kg",121476
"S3","RWA","074","Rwanda","MYS","Malaysia",2020,"Gross Exp.",2,329.737,121476,8,"Kg",121476
"S3","RWA","074","Rwanda","MYS","Malaysia",2021,"Export",6,967.891,235258,8,"Kg",235258
"S3","RWA","074","Rwanda","MYS","Malaysia",2021,"Gross Exp.",2,967.891,235258,8,"Kg",235258
"S3","RWA","074","Rwanda","MYS","Malaysia",2021,"Gross Imp.",1,0.09,272,8,"Kg",272
"S3","RWA","074","Rwanda","MYS","Malaysia",2021,"Import",5,0.09,272,8,"Kg",272
"S3","RWA","074","Rwanda","MYS","Malaysia",2022,"Export",6,96.152,32667,8,"Kg",32667
"S3","RWA","074","Rwanda","MYS","Malaysia",2022,"Gross Exp.",2,96.152,32667,8,"Kg",32667
"S3","RWA","074","Rwanda","NER","Niger",2022,"Gross Imp.",1,0.007,2,8,"Kg",2
"S3","RWA","074","Rwanda","NER","Niger",2022,"Import",5,0.007,2,8,"Kg",2
"S3","RWA","074","Rwanda","NGA","Nigeria",2020,"Export",6,23.749,8996,8,"Kg",8996
"S3","RWA","074","Rwanda","NGA","Nigeria",2020,"Gross Exp.",2,23.749,8996,8,"Kg",8996
"S3","RWA","074","Rwanda","NGA","Nigeria",2021,"Export",6,77.069,26768,8,"Kg",26768
"S3","RWA","074","Rwanda","NGA","Nigeria",2021,"Gross Exp.",2,77.069,26768,8,"Kg",26768
"S3","RWA","074","Rwanda","NGA","Nigeria",2022,"Export",6,87.001,29492,8,"Kg",29492
"S3","RWA","074","Rwanda","NGA","Nigeria",2022,"Gross Exp.",2,87.001,29492,8,"Kg",29492
"S3","RWA","074","Rwanda","NLD","Netherlands",2020,"Export",6,436.137,148683,8,"Kg",148683
"S3","RWA","074","Rwanda","NLD","Netherlands",2020,"Gross Exp.",2,436.137,148683,8,"Kg",148683
"S3","RWA","074","Rwanda","NLD","Netherlands",2020,"Gross Imp.",1,0.443,76,8,"Kg",76
"S3","RWA","074","Rwanda","NLD","Netherlands",2020,"Import",5,0.443,76,8,"Kg",76
"S3","RWA","074","Rwanda","NLD","Netherlands",2021,"Export",6,1502.067,554683,8,"Kg",554683
"S3","RWA","074","Rwanda","NLD","Netherlands",2021,"Gross Exp.",2,1502.067,554683,8,"Kg",554683
"S3","RWA","074","Rwanda","NLD","Netherlands",2021,"Gross Imp.",1,0.427,149,8,"Kg",149
"S3","RWA","074","Rwanda","NLD","Netherlands",2021,"Import",5,0.427,149,8,"Kg",149
"S3","RWA","074","Rwanda","NLD","Netherlands",2022,"Export",6,570.215,193816,8,"Kg",193816
"S3","RWA","074","Rwanda","NLD","Netherlands",2022,"Gross Exp.",2,570.215,193816,8,"Kg",193816
"S3","RWA","074","Rwanda","NLD","Netherlands",2022,"Gross Imp.",1,0.878,194.8,8,"Kg",195
"S3","RWA","074","Rwanda","NLD","Netherlands",2022,"Import",5,0.878,194.8,8,"Kg",195
"S3","RWA","074","Rwanda","NOR","Norway",2022,"Export",6,0.129,60,8,"Kg",60
"S3","RWA","074","Rwanda","NOR","Norway",2022,"Gross Exp.",2,0.129,60,8,"Kg",60
"S3","RWA","074","Rwanda","NZL","New Zealand",2022,"Export",6,430.655,53520,8,"Kg",53520
"S3","RWA","074","Rwanda","NZL","New Zealand",2022,"Gross Exp.",2,430.655,53520,8,"Kg",53520
"S3","RWA","074","Rwanda","OMN","Oman",2020,"Export",6,63.62,24220,8,"Kg",24220
"S3","RWA","074","Rwanda","OMN","Oman",2020,"Gross Exp.",2,63.62,24220,8,"Kg",24220
"S3","RWA","074","Rwanda","OMN","Oman",2020,"Gross Imp.",1,0.559,64,8,"Kg",64
"S3","RWA","074","Rwanda","OMN","Oman",2020,"Import",5,0.559,64,8,"Kg",64
"S3","RWA","074","Rwanda","OMN","Oman",2021,"Export",6,7.098,2600,8,"Kg",2600
"S3","RWA","074","Rwanda","OMN","Oman",2021,"Gross Exp.",2,7.098,2600,8,"Kg",2600
"S3","RWA","074","Rwanda","OMN","Oman",2022,"Export",6,54.302,19188,8,"Kg",19188
"S3","RWA","074","Rwanda","OMN","Oman",2022,"Gross Exp.",2,54.302,19188,8,"Kg",19188
"S3","RWA","074","Rwanda","PAK","Pakistan",2020,"Export",6,32713.933,11560897,8,"Kg",11560897
"S3","RWA","074","Rwanda","PAK","Pakistan",2020,"Gross Exp.",2,32713.933,11560897,8,"Kg",11560897
"S3","RWA","074","Rwanda","PAK","Pakistan",2020,"Gross Imp.",1,0.429,95,8,"Kg",95
"S3","RWA","074","Rwanda","PAK","Pakistan",2020,"Import",5,0.429,95,8,"Kg",95
"S3","RWA","074","Rwanda","PAK","Pakistan",2021,"Export",6,37076.209,14567762,8,"Kg",14567762
"S3","RWA","074","Rwanda","PAK","Pakistan",2021,"Gross Exp.",2,37076.209,14567762,8,"Kg",14567762
"S3","RWA","074","Rwanda","PAK","Pakistan",2021,"Gross Imp.",1,0.791,62,8,"Kg",62
"S3","RWA","074","Rwanda","PAK","Pakistan",2021,"Import",5,0.791,62,8,"Kg",62
"S3","RWA","074","Rwanda","PAK","Pakistan",2022,"Export",6,35560.057,12095939,8,"Kg",12095939
"S3","RWA","074","Rwanda","PAK","Pakistan",2022,"Gross Exp.",2,35560.057,12095939,8,"Kg",12095939
"S3","RWA","074","Rwanda","PAK","Pakistan",2022,"Gross Imp.",1,0.484,82,8,"Kg",82
"S3","RWA","074","Rwanda","PAK","Pakistan",2022,"Import",5,0.484,82,8,"Kg",82
"S3","RWA","074","Rwanda","POL","Poland",2020,"Export",6,29.136,10906,8,"Kg",10906
"S3","RWA","074","Rwanda","POL","Poland",2020,"Gross Exp.",2,29.136,10906,8,"Kg",10906
"S3","RWA","074","Rwanda","POL","Poland",2021,"Export",6,71.631,25500,8,"Kg",25500
"S3","RWA","074","Rwanda","POL","Poland",2021,"Gross Exp.",2,71.631,25500,8,"Kg",25500
"S3","RWA","074","Rwanda","POL","Poland",2021,"Gross Imp.",1,0.374,11.42,8,"Kg",11
"S3","RWA","074","Rwanda","POL","Poland",2021,"Import",5,0.374,11.42,8,"Kg",11
"S3","RWA","074","Rwanda","POL","Poland",2022,"Export",6,71.402,24152,8,"Kg",24152
"S3","RWA","074","Rwanda","POL","Poland",2022,"Gross Exp.",2,71.402,24152,8,"Kg",24152
"S3","RWA","074","Rwanda","POL","Poland",2022,"Gross Imp.",1,0.442,16.68,8,"Kg",17
"S3","RWA","074","Rwanda","POL","Poland",2022,"Import",5,0.442,16.68,8,"Kg",17
"S3","RWA","074","Rwanda","PRT","Portugal",2020,"Gross Imp.",1,0.143,48,8,"Kg",48
"S3","RWA","074","Rwanda","PRT","Portugal",2020,"Import",5,0.143,48,8,"Kg",48
"S3","RWA","074","Rwanda","RUS","Russian Federation",2020,"Export",6,3630.617,1285292,8,"Kg",1285292
"S3","RWA","074","Rwanda","RUS","Russian Federation",2020,"Gross Exp.",2,3630.617,1285292,8,"Kg",1285292
"S3","RWA","074","Rwanda","RUS","Russian Federation",2021,"Export",6,3860.686,1338025.6,8,"Kg",1338026
"S3","RWA","074","Rwanda","RUS","Russian Federation",2021,"Gross Exp.",2,3860.686,1338025.6,8,"Kg",1338026
"S3","RWA","074","Rwanda","RUS","Russian Federation",2022,"Export",6,2829.057,956559,8,"Kg",956559
"S3","RWA","074","Rwanda","RUS","Russian Federation",2022,"Gross Exp.",2,2829.057,956559,8,"Kg",956559
"S3","RWA","074","Rwanda","SAU","Saudi Arabia",2020,"Export",6,475.465,177378,8,"Kg",177378
"S3","RWA","074","Rwanda","SAU","Saudi Arabia",2020,"Gross Exp.",2,475.465,177378,8,"Kg",177378
"S3","RWA","074","Rwanda","SAU","Saudi Arabia",2021,"Export",6,603.434,184035.6,8,"Kg",184036
"S3","RWA","074","Rwanda","SAU","Saudi Arabia",2021,"Gross Exp.",2,603.434,184035.6,8,"Kg",184036
"S3","RWA","074","Rwanda","SAU","Saudi Arabia",2022,"Export",6,348.636,117481,8,"Kg",117481
"S3","RWA","074","Rwanda","SAU","Saudi Arabia",2022,"Gross Exp.",2,348.636,117481,8,"Kg",117481
"S3","RWA","074","Rwanda","SGP","Singapore",2022,"Export",6,114.286,19200,8,"Kg",19200
"S3","RWA","074","Rwanda","SGP","Singapore",2022,"Gross Exp.",2,114.286,19200,8,"Kg",19200
"S3","RWA","074","Rwanda","SOM","Somalia",2020,"Export",6,45.92,16886,8,"Kg",16886
"S3","RWA","074","Rwanda","SOM","Somalia",2020,"Gross Exp.",2,45.92,16886,8,"Kg",16886
"S3","RWA","074","Rwanda","SOM","Somalia",2021,"Export",6,227.81,84061.6,8,"Kg",84062
"S3","RWA","074","Rwanda","SOM","Somalia",2021,"Gross Exp.",2,227.81,84061.6,8,"Kg",84062
"S3","RWA","074","Rwanda","SOM","Somalia",2022,"Export",6,84.811,29410,8,"Kg",29410
"S3","RWA","074","Rwanda","SOM","Somalia",2022,"Gross Exp.",2,84.811,29410,8,"Kg",29410
"S3","RWA","074","Rwanda","SSD","South Sudan",2022,"Export",6,294.733,45420,8,"Kg",45420
"S3","RWA","074","Rwanda","SSD","South Sudan",2022,"Gross Exp.",2,294.733,45420,8,"Kg",45420
"S3","RWA","074","Rwanda","SUD","Sudan",2020,"Export",6,4570.038,1611197,8,"Kg",1611197
"S3","RWA","074","Rwanda","SUD","Sudan",2020,"Gross Exp.",2,4570.038,1611197,8,"Kg",1611197
"S3","RWA","074","Rwanda","SUD","Sudan",2021,"Export",6,3007.625,1088299,8,"Kg",1088299
"S3","RWA","074","Rwanda","SUD","Sudan",2021,"Gross Exp.",2,3007.625,1088299,8,"Kg",1088299
"S3","RWA","074","Rwanda","SUD","Sudan",2022,"Export",6,5543.82,1906714,8,"Kg",1906714
"S3","RWA","074","Rwanda","SUD","Sudan",2022,"Gross Exp.",2,5543.82,1906714,8,"Kg",1906714
"S3","RWA","074","Rwanda","SUR","Suriname",2022,"Gross Imp.",1,0.151,12,8,"Kg",12
"S3","RWA","074","Rwanda","SUR","Suriname",2022,"Import",5,0.151,12,8,"Kg",12
"S3","RWA","074","Rwanda","SWE","Sweden",2020,"Export",6,48.134,17440,8,"Kg",17440
"S3","RWA","074","Rwanda","SWE","Sweden",2020,"Gross Exp.",2,48.134,17440,8,"Kg",17440
"S3","RWA","074","Rwanda","SWE","Sweden",2021,"Export",6,78.55,22941,8,"Kg",22941
"S3","RWA","074","Rwanda","SWE","Sweden",2021,"Gross Exp.",2,78.55,22941,8,"Kg",22941
"S3","RWA","074","Rwanda","TCD","Chad",2020,"Export",6,3.369,1276,8,"Kg",1276
"S3","RWA","074","Rwanda","TCD","Chad",2020,"Gross Exp.",2,3.369,1276,8,"Kg",1276
"S3","RWA","074","Rwanda","TCD","Chad",2021,"Export",6,6.181,2396,8,"Kg",2396
"S3","RWA","074","Rwanda","TCD","Chad",2021,"Gross Exp.",2,6.181,2396,8,"Kg",2396
"S3","RWA","074","Rwanda","THA","Thailand",2021,"Gross Imp.",1,0.037,200,8,"Kg",200
"S3","RWA","074","Rwanda","THA","Thailand",2021,"Import",5,0.037,200,8,"Kg",200
"S3","RWA","074","Rwanda","THA","Thailand",2022,"Gross Imp.",1,0.137,100,8,"Kg",100
"S3","RWA","074","Rwanda","THA","Thailand",2022,"Import",5,0.137,100,8,"Kg",100
"S3","RWA","074","Rwanda","TJK","Tajikistan",2021,"Export",6,216.932,80605.6,8,"Kg",80606
"S3","RWA","074","Rwanda","TJK","Tajikistan",2021,"Gross Exp.",2,216.932,80605.6,8,"Kg",80606
"S3","RWA","074","Rwanda","TUR","Turkey",2020,"Export",6,937.012,335129,8,"Kg",335129
"S3","RWA","074","Rwanda","TUR","Turkey",2020,"Gross Exp.",2,937.012,335129,8,"Kg",335129
"S3","RWA","074","Rwanda","TUR","Turkey",2021,"Export",6,215.367,77164,8,"Kg",77164
"S3","RWA","074","Rwanda","TUR","Turkey",2021,"Gross Exp.",2,215.367,77164,8,"Kg",77164
"S3","RWA","074","Rwanda","TUR","Turkey",2021,"Gross Imp.",1,0.194,20,8,"Kg",20
"S3","RWA","074","Rwanda","TUR","Turkey",2021,"Import",5,0.194,20,8,"Kg",20
"S3","RWA","074","Rwanda","TUR","Turkey",2022,"Export",6,884.14,305151,8,"Kg",305151
"S3","RWA","074","Rwanda","TUR","Turkey",2022,"Gross Exp.",2,884.14,305151,8,"Kg",305151
"S3","RWA","074","Rwanda","TUR","Turkey",2022,"Gross Imp.",1,0.689,207.2,8,"Kg",207
"S3","RWA","074","Rwanda","TUR","Turkey",2022,"Import",5,0.689,207.2,8,"Kg",207
"S3","RWA","074","Rwanda","TZA","Tanzania",2020,"Export",6,0.101,74,8,"Kg",74
"S3","RWA","074","Rwanda","TZA","Tanzania",2020,"Gross Exp.",2,0.101,74,8,"Kg",74
"S3","RWA","074","Rwanda","TZA","Tanzania",2020,"Gross Imp.",1,347.215,292926,8,"Kg",292926
"S3","RWA","074","Rwanda","TZA","Tanzania",2020,"Import",5,347.215,292926,8,"Kg",292926
"S3","RWA","074","Rwanda","TZA","Tanzania",2021,"Export",6,3.481,800,8,"Kg",800
"S3","RWA","074","Rwanda","TZA","Tanzania",2021,"Gross Exp.",2,3.481,800,8,"Kg",800
"S3","RWA","074","Rwanda","TZA","Tanzania",2021,"Gross Imp.",1,110.84,88199.3,8,"Kg",88199
"S3","RWA","074","Rwanda","TZA","Tanzania",2021,"Import",5,110.84,88199.3,8,"Kg",88199
"S3","RWA","074","Rwanda","TZA","Tanzania",2022,"Export",6,4.043,810,8,"Kg",810
"S3","RWA","074","Rwanda","TZA","Tanzania",2022,"Gross Exp.",2,4.043,810,8,"Kg",810
"S3","RWA","074","Rwanda","TZA","Tanzania",2022,"Gross Imp.",1,58.854,57298,8,"Kg",57298
"S3","RWA","074","Rwanda","TZA","Tanzania",2022,"Import",5,58.854,57298,8,"Kg",57298
"S3","RWA","074","Rwanda","UGA","Uganda",2022,"Gross Imp.",1,105.049,46734,8,"Kg",46734
"S3","RWA","074","Rwanda","UGA","Uganda",2022,"Import",5,105.049,46734,8,"Kg",46734
"S3","RWA","074","Rwanda","UKR","Ukraine",2020,"Export",6,64.193,24264,8,"Kg",24264
"S3","RWA","074","Rwanda","UKR","Ukraine",2020,"Gross Exp.",2,64.193,24264,8,"Kg",24264
"S3","RWA","074","Rwanda","UKR","Ukraine",2021,"Export",6,317.282,116330.6,8,"Kg",116331
"S3","RWA","074","Rwanda","UKR","Ukraine",2021,"Gross Exp.",2,317.282,116330.6,8,"Kg",116331
"S3","RWA","074","Rwanda","UKR","Ukraine",2022,"Export",6,35.206,12568,8,"Kg",12568
"S3","RWA","074","Rwanda","UKR","Ukraine",2022,"Gross Exp.",2,35.206,12568,8,"Kg",12568
"S3","RWA","074","Rwanda","USA","United States",2020,"Export",6,854.041,302353,8,"Kg",302353
"S3","RWA","074","Rwanda","USA","United States",2020,"Gross Exp.",2,854.041,302353,8,"Kg",302353
"S3","RWA","074","Rwanda","USA","United States",2020,"Gross Imp.",1,0.005,0.6,8,"Kg",1
"S3","RWA","074","Rwanda","USA","United States",2020,"Import",5,0.005,0.6,8,"Kg",1
"S3","RWA","074","Rwanda","USA","United States",2021,"Export",6,1998.888,518568.6,8,"Kg",518569
"S3","RWA","074","Rwanda","USA","United States",2021,"Gross Exp.",2,1998.888,518568.6,8,"Kg",518569
"S3","RWA","074","Rwanda","USA","United States",2022,"Export",6,1511.948,301830,8,"Kg",301830
"S3","RWA","074","Rwanda","USA","United States",2022,"Gross Exp.",2,1511.948,301830,8,"Kg",301830
"S3","RWA","074","Rwanda","USA","United States",2022,"Gross Imp.",1,0.015,1.1,8,"Kg",1
"S3","RWA","074","Rwanda","USA","United States",2022,"Import",5,0.015,1.1,8,"Kg",1
"S3","RWA","074","Rwanda","UZB","Uzbekistan",2020,"Export",6,683.313,251284,8,"Kg",251284
"S3","RWA","074","Rwanda","UZB","Uzbekistan",2020,"Gross Exp.",2,683.313,251284,8,"Kg",251284
"S3","RWA","074","Rwanda","UZB","Uzbekistan",2021,"Export",6,681.64,256221.6,8,"Kg",256222
"S3","RWA","074","Rwanda","UZB","Uzbekistan",2021,"Gross Exp.",2,681.64,256221.6,8,"Kg",256222
"S3","RWA","074","Rwanda","UZB","Uzbekistan",2022,"Export",6,272.703,94228,8,"Kg",94228
"S3","RWA","074","Rwanda","UZB","Uzbekistan",2022,"Gross Exp.",2,272.703,94228,8,"Kg",94228
"S3","RWA","074","Rwanda","VNM","Vietnam",2022,"Gross Imp.",1,0.023,3.76,8,"Kg",4
"S3","RWA","074","Rwanda","VNM","Vietnam",2022,"Import",5,0.023,3.76,8,"Kg",4
"S3","RWA","074","Rwanda","WLD"," World",2020,"Export",6,104549.33,37032270.7,8,"Kg",37032271
"S3","RWA","074","Rwanda","WLD"," World",2020,"Gross Exp.",2,104554.013,37036456.5,8,"Kg",37036457
"S3","RWA","022","Rwanda","TZA","Tanzania",2022,"Gross Exp.",2,18.328,28020,8,"Kg",28020
"S3","RWA","022","Rwanda","TZA","Tanzania",2022,"Gross Imp.",1,100.017,27945.5,8,"Kg",27946
"S3","RWA","022","Rwanda","TZA","Tanzania",2022,"Import",5,100.017,27945.5,8,"Kg",27946
"S3","RWA","022","Rwanda","UGA","Uganda",2021,"Gross Imp.",1,2.538,3695,8,"Kg",3695
"S3","RWA","022","Rwanda","UGA","Uganda",2021,"Import",5,2.538,3695,8,"Kg",3695
"S3","RWA","022","Rwanda","UGA","Uganda",2022,"Export",6,0.086,150,8,"Kg",150
"S3","RWA","022","Rwanda","UGA","Uganda",2022,"Gross Exp.",2,0.086,150,8,"Kg",150
"S3","RWA","022","Rwanda","UGA","Uganda",2022,"Gross Imp.",1,1026.985,960178,8,"Kg",960178
"S3","RWA","022","Rwanda","UGA","Uganda",2022,"Import",5,1026.985,960178,8,"Kg",960178
"S3","RWA","022","Rwanda","USA","United States",2021,"Gross Imp.",1,7.607,612,8,"Kg",612
"S3","RWA","022","Rwanda","USA","United States",2021,"Import",5,7.607,612,8,"Kg",612
"S3","RWA","022","Rwanda","USA","United States",2022,"Gross Imp.",1,0.032,45,8,"Kg",45
"S3","RWA","022","Rwanda","USA","United States",2022,"Import",5,0.032,45,8,"Kg",45
"S3","RWA","022","Rwanda","WLD"," World",2020,"Export",6,1529.591,2342867,8,"Kg",2342867
"S3","RWA","022","Rwanda","WLD"," World",2020,"Gross Exp.",2,3178,2931375.49,8,"Kg",2931375
"S3","RWA","022","Rwanda","WLD"," World",2020,"Gross Imp.",1,11524.65,4121952.3,8,"Kg",4121952
"S3","RWA","022","Rwanda","WLD"," World",2020,"Import",5,11524.65,4121952.3,8,"Kg",4121952
"S3","RWA","022","Rwanda","WLD"," World",2020,"Re-Export",3,1648.409,588508.49,8,"Kg",588508
"S3","RWA","022","Rwanda","WLD"," World",2021,"Export",6,1888.974,2421713,8,"Kg",2421713
"S3","RWA","022","Rwanda","WLD"," World",2021,"Gross Exp.",2,4534.061,3298765.813,8,"Kg",3298766
"S3","RWA","022","Rwanda","WLD"," World",2021,"Gross Imp.",1,13484.091,4389641.84,8,"Kg",4389642
"S3","RWA","022","Rwanda","WLD"," World",2021,"Import",5,13484.091,4389641.84,8,"Kg",4389642
"S3","RWA","022","Rwanda","WLD"," World",2021,"Re-Export",3,2645.087,877052.813,8,"Kg",877053
"S3","RWA","022","Rwanda","WLD"," World",2022,"Export",6,2098.777,2939449,8,"Kg",2939449
"S3","RWA","022","Rwanda","WLD"," World",2022,"Gross Exp.",2,5180.281,3806416.9,8,"Kg",3806417
"S3","RWA","022","Rwanda","WLD"," World",2022,"Gross Imp.",1,22976.209,6354956.53,8,"Kg",6354957
"S3","RWA","022","Rwanda","WLD"," World",2022,"Import",5,22976.209,6354956.53,8,"Kg",6354957
"S3","RWA","022","Rwanda","WLD"," World",2022,"Re-Export",3,3081.504,866967.9,8,"Kg",866968
"S3","RWA","022","Rwanda","ZAF","South Africa",2020,"Gross Imp.",1,0.522,126,8,"Kg",126
"S3","RWA","022","Rwanda","ZAF","South Africa",2020,"Import",5,0.522,126,8,"Kg",126
"S3","RWA","022","Rwanda","ZAF","South Africa",2021,"Export",6,0,0,8,"Kg",0
"S3","RWA","022","Rwanda","ZAF","South Africa",2021,"Gross Exp.",2,21.407,25427,8,"Kg",25427
"S3","RWA","022","Rwanda","ZAF","South Africa",2021,"Gross Imp.",1,15.66,8009.88,8,"Kg",8010
"S3","RWA","022","Rwanda","ZAF","South Africa",2021,"Import",5,15.66,8009.88,8,"Kg",8010
"S3","RWA","022","Rwanda","ZAF","South Africa",2021,"Re-Export",3,21.407,25427,8,"Kg",25427
"S3","RWA","022","Rwanda","ZAF","South Africa",2022,"Gross Imp.",1,10.023,11631.86,8,"Kg",11632
"S3","RWA","022","Rwanda","ZAF","South Africa",2022,"Import",5,10.023,11631.86,8,"Kg",11632
"S3","RWA","022","Rwanda","ZAR","Congo, Dem. Rep.",2020,"Export",6,965.636,1426588,8,"Kg",1426588
"S3","RWA","022","Rwanda","ZAR","Congo, Dem. Rep.",2020,"Gross Exp.",2,2614.045,2015096.49,8,"Kg",2015096
"S3","RWA","022","Rwanda","ZAR","Congo, Dem. Rep.",2020,"Gross Imp.",1,13.246,6610.6,8,"Kg",6611
"S3","RWA","022","Rwanda","ZAR","Congo, Dem. Rep.",2020,"Import",5,13.246,6610.6,8,"Kg",6611
"S3","RWA","022","Rwanda","ZAR","Congo, Dem. Rep.",2020,"Re-Export",3,1648.409,588508.49,8,"Kg",588508
"S3","RWA","022","Rwanda","ZAR","Congo, Dem. Rep.",2021,"Export",6,1123.782,1486516,8,"Kg",1486516
"S3","RWA","022","Rwanda","ZAR","Congo, Dem. Rep.",2021,"Gross Exp.",2,3730.313,2335001.813,8,"Kg",2335002
"S3","RWA","022","Rwanda","ZAR","Congo, Dem. Rep.",2021,"Gross Imp.",1,1.838,743,8,"Kg",743
"S3","RWA","022","Rwanda","ZAR","Congo, Dem. Rep.",2021,"Import",5,1.838,743,8,"Kg",743
"S3","RWA","022","Rwanda","ZAR","Congo, Dem. Rep.",2021,"Re-Export",3,2606.531,848485.813,8,"Kg",848486
"S3","RWA","022","Rwanda","ZAR","Congo, Dem. Rep.",2022,"Export",6,828.898,992953,8,"Kg",992953
"S3","RWA","022","Rwanda","ZAR","Congo, Dem. Rep.",2022,"Gross Exp.",2,3411.658,1762321.7,8,"Kg",1762322
"S3","RWA","022","Rwanda","ZAR","Congo, Dem. Rep.",2022,"Gross Imp.",1,13.713,3405.5,8,"Kg",3406
"S3","RWA","022","Rwanda","ZAR","Congo, Dem. Rep.",2022,"Import",5,13.713,3405.5,8,"Kg",3406
"S3","RWA","022","Rwanda","ZAR","Congo, Dem. Rep.",2022,"Re-Export",3,2582.76,769368.7,8,"Kg",769369
"S3","RWA","022","Rwanda","ZMB","Zambia",2021,"Export",6,0,0,8,"Kg",0
"S3","RWA","022","Rwanda","ZMB","Zambia",2021,"Gross Exp.",2,13.067,2685,8,"Kg",2685
"S3","RWA","022","Rwanda","ZMB","Zambia",2021,"Gross Imp.",1,1.437,240,8,"Kg",240
"S3","RWA","022","Rwanda","ZMB","Zambia",2021,"Import",5,1.437,240,8,"Kg",240
"S3","RWA","022","Rwanda","ZMB","Zambia",2021,"Re-Export",3,13.067,2685,8,"Kg",2685
"S3","RWA","022","Rwanda","ZMB","Zambia",2022,"Export",6,0,0,8,"Kg",0
"S3","RWA","022","Rwanda","ZMB","Zambia",2022,"Gross Exp.",2,21.502,4530,8,"Kg",4530
"S3","RWA","022","Rwanda","ZMB","Zambia",2022,"Re-Export",3,21.502,4530,8,"Kg",4530
"S3","RWA","023","Rwanda","ARE","United Arab Emirates",2020,"Gross Imp.",1,1.588,519,8,"Kg",519
"S3","RWA","023","Rwanda","ARE","United Arab Emirates",2020,"Import",5,1.588,519,8,"Kg",519
"S3","RWA","023","Rwanda","ARE","United Arab Emirates",2021,"Gross Imp.",1,2.661,491,8,"Kg",491
"S3","RWA","023","Rwanda","ARE","United Arab Emirates",2021,"Import",5,2.661,491,8,"Kg",491
"S3","RWA","023","Rwanda","ARE","United Arab Emirates",2022,"Gross Imp.",1,9.666,3661,8,"Kg",3661
"S3","RWA","023","Rwanda","ARE","United Arab Emirates",2022,"Import",5,9.666,3661,8,"Kg",3661
"S3","RWA","023","Rwanda","BEL","Belgium",2020,"Gross Imp.",1,5.769,1267,8,"Kg",1267
"S3","RWA","023","Rwanda","BEL","Belgium",2020,"Import",5,5.769,1267,8,"Kg",1267
"S3","RWA","023","Rwanda","BEL","Belgium",2021,"Gross Imp.",1,3.856,1339,8,"Kg",1339
"S3","RWA","023","Rwanda","BEL","Belgium",2021,"Import",5,3.856,1339,8,"Kg",1339
"S3","RWA","023","Rwanda","BEL","Belgium",2022,"Gross Imp.",1,15.37,1759,8,"Kg",1759
"S3","RWA","023","Rwanda","BEL","Belgium",2022,"Import",5,15.37,1759,8,"Kg",1759
"S3","RWA","023","Rwanda","CHN","China",2020,"Gross Imp.",1,0.037,5,8,"Kg",5
"S3","RWA","023","Rwanda","CHN","China",2020,"Import",5,0.037,5,8,"Kg",5
"S3","RWA","023","Rwanda","CHN","China",2021,"Gross Imp.",1,0.004,17,8,"Kg",17
"S3","RWA","023","Rwanda","CHN","China",2021,"Import",5,0.004,17,8,"Kg",17
"S3","RWA","023","Rwanda","DEU","Germany",2021,"Gross Imp.",1,3.203,387.2,8,"Kg",387
"S3","RWA","023","Rwanda","DEU","Germany",2021,"Import",5,3.203,387.2,8,"Kg",387
"S3","RWA","023","Rwanda","DNK","Denmark",2020,"Gross Imp.",1,1.575,300,8,"Kg",300
"S3","RWA","023","Rwanda","DNK","Denmark",2020,"Import",5,1.575,300,8,"Kg",300
"S3","RWA","023","Rwanda","DNK","Denmark",2021,"Gross Imp.",1,14.899,3514.63,8,"Kg",3515
"S3","RWA","023","Rwanda","DNK","Denmark",2021,"Import",5,14.899,3514.63,8,"Kg",3515
"S3","RWA","023","Rwanda","DNK","Denmark",2022,"Gross Imp.",1,4.98,731,8,"Kg",731
"S3","RWA","023","Rwanda","DNK","Denmark",2022,"Import",5,4.98,731,8,"Kg",731
"S3","RWA","023","Rwanda","EGY","Egypt, Arab Rep.",2020,"Export",6,42.414,17550,8,"Kg",17550
"S3","RWA","023","Rwanda","EGY","Egypt, Arab Rep.",2020,"Gross Exp.",2,42.414,17550,8,"Kg",17550
"S3","RWA","023","Rwanda","FRA","France",2020,"Gross Imp.",1,4.17,626.9,8,"Kg",627
"S3","RWA","023","Rwanda","FRA","France",2020,"Import",5,4.17,626.9,8,"Kg",627
"S3","RWA","023","Rwanda","FRA","France",2021,"Gross Imp.",1,20.581,1830,8,"Kg",1830
"S3","RWA","023","Rwanda","FRA","France",2021,"Import",5,20.581,1830,8,"Kg",1830
"S3","RWA","023","Rwanda","FRA","France",2022,"Gross Imp.",1,92.981,6949,8,"Kg",6949
"S3","RWA","023","Rwanda","FRA","France",2022,"Import",5,92.981,6949,8,"Kg",6949
"S3","RWA","023","Rwanda","GHA","Ghana",2020,"Gross Imp.",1,0.356,50,8,"Kg",50
"S3","RWA","023","Rwanda","GHA","Ghana",2020,"Import",5,0.356,50,8,"Kg",50
"S3","RWA","023","Rwanda","GRC","Greece",2022,"Gross Imp.",1,0.813,48,8,"Kg",48
"S3","RWA","023","Rwanda","GRC","Greece",2022,"Import",5,0.813,48,8,"Kg",48
"S3","RWA","023","Rwanda","IND","India",2021,"Gross Imp.",1,2.102,681,8,"Kg",681
"S3","RWA","023","Rwanda","IND","India",2021,"Import",5,2.102,681,8,"Kg",681
"S3","RWA","023","Rwanda","ITA","Italy",2021,"Gross Imp.",1,0.395,32,8,"Kg",32
"S3","RWA","023","Rwanda","ITA","Italy",2021,"Import",5,0.395,32,8,"Kg",32
"S3","RWA","023","Rwanda","KEN","Kenya",2020,"Gross Imp.",1,28.443,3184.5,8,"Kg",3185
"S3","RWA","023","Rwanda","KEN","Kenya",2020,"Import",5,28.443,3184.5,8,"Kg",3185
"S3","RWA","023","Rwanda","KEN","Kenya",2021,"Export",6,21.329,7605,8,"Kg",7605
"S3","RWA","023","Rwanda","KEN","Kenya",2021,"Gross Exp.",2,21.329,7605,8,"Kg",7605
"S3","RWA","023","Rwanda","KEN","Kenya",2021,"Gross Imp.",1,51.942,6556,8,"Kg",6556
"S3","RWA","023","Rwanda","KEN","Kenya",2021,"Import",5,51.942,6556,8,"Kg",6556
"S3","RWA","023","Rwanda","KEN","Kenya",2022,"Export",6,14.272,5670.762,8,"Kg",5671
"S3","RWA","023","Rwanda","KEN","Kenya",2022,"Gross Exp.",2,14.272,5670.762,8,"Kg",5671
"S3","RWA","023","Rwanda","KEN","Kenya",2022,"Gross Imp.",1,6.236,730,8,"Kg",730
"S3","RWA","023","Rwanda","KEN","Kenya",2022,"Import",5,6.236,730,8,"Kg",730
"S3","RWA","023","Rwanda","MLI","Mali",2021,"Gross Imp.",1,1.534,322,8,"Kg",322
"S3","RWA","023","Rwanda","MLI","Mali",2021,"Import",5,1.534,322,8,"Kg",322
"S3","RWA","023","Rwanda","NLD","Netherlands",2020,"Gross Imp.",1,9.932,1922,8,"Kg",1922
"S3","RWA","023","Rwanda","NLD","Netherlands",2020,"Import",5,9.932,1922,8,"Kg",1922
"S3","RWA","023","Rwanda","NLD","Netherlands",2021,"Gross Imp.",1,3.196,450,8,"Kg",450
"S3","RWA","023","Rwanda","NLD","Netherlands",2021,"Import",5,3.196,450,8,"Kg",450
"S3","RWA","023","Rwanda","NLD","Netherlands",2022,"Gross Imp.",1,2.797,728,8,"Kg",728
"S3","RWA","023","Rwanda","NLD","Netherlands",2022,"Import",5,2.797,728,8,"Kg",728
"S3","RWA","023","Rwanda","ROM","Romania",2022,"Gross Imp.",1,0.112,90,8,"Kg",90
"S3","RWA","023","Rwanda","ROM","Romania",2022,"Import",5,0.112,90,8,"Kg",90
"S3","RWA","023","Rwanda","SAU","Saudi Arabia",2022,"Gross Imp.",1,0.515,150,8,"Kg",150
"S3","RWA","023","Rwanda","SAU","Saudi Arabia",2022,"Import",5,0.515,150,8,"Kg",150
"S3","RWA","023","Rwanda","UGA","Uganda",2022,"Export",6,1.795,1280,8,"Kg",1280
"S3","RWA","023","Rwanda","UGA","Uganda",2022,"Gross Exp.",2,1.795,1280,8,"Kg",1280
"S3","RWA","023","Rwanda","UGA","Uganda",2022,"Gross Imp.",1,31.03,5015,8,"Kg",5015
"S3","RWA","023","Rwanda","UGA","Uganda",2022,"Import",5,31.03,5015,8,"Kg",5015
"S3","RWA","023","Rwanda","WLD"," World",2020,"Export",6,42.414,17550,8,"Kg",17550
"S3","RWA","023","Rwanda","WLD"," World",2020,"Gross Exp.",2,42.414,17550,8,"Kg",17550
"S3","RWA","023","Rwanda","WLD"," World",2020,"Gross Imp.",1,51.869,7874.4,8,"Kg",7874
"S3","RWA","023","Rwanda","WLD"," World",2020,"Import",5,51.869,7874.4,8,"Kg",7874
"S3","RWA","023","Rwanda","WLD"," World",2021,"Export",6,29.552,9873,8,"Kg",9873
"S3","RWA","023","Rwanda","WLD"," World",2021,"Gross Exp.",2,29.737,10233,8,"Kg",10233
"S3","RWA","023","Rwanda","WLD"," World",2021,"Gross Imp.",1,111.554,16513.83,8,"Kg",16514
"S3","RWA","023","Rwanda","WLD"," World",2021,"Import",5,111.554,16513.83,8,"Kg",16514
"S3","RWA","023","Rwanda","WLD"," World",2021,"Re-Export",3,0.185,360,8,"Kg",360
"S3","RWA","023","Rwanda","WLD"," World",2022,"Export",6,16.067,6950.762,8,"Kg",6951
"S3","RWA","023","Rwanda","WLD"," World",2022,"Gross Exp.",2,16.493,7470.762,8,"Kg",7471
"S3","RWA","023","Rwanda","WLD"," World",2022,"Gross Imp.",1,191.302,22526.6,8,"Kg",22527
"S3","RWA","023","Rwanda","WLD"," World",2022,"Import",5,191.302,22526.6,8,"Kg",22527
"S3","RWA","023","Rwanda","WLD"," World",2022,"Re-Export",3,0.426,520,8,"Kg",520
"S3","RWA","023","Rwanda","ZAF","South Africa",2021,"Gross Imp.",1,7.181,894,8,"Kg",894
"S3","RWA","023","Rwanda","ZAF","South Africa",2021,"Import",5,7.181,894,8,"Kg",894
"S3","RWA","023","Rwanda","ZAF","South Africa",2022,"Gross Imp.",1,26.802,2665.6,8,"Kg",2666
"S3","RWA","023","Rwanda","ZAF","South Africa",2022,"Import",5,26.802,2665.6,8,"Kg",2666
"S3","RWA","023","Rwanda","ZAR","Congo, Dem. Rep.",2021,"Export",6,8.223,2268,8,"Kg",2268
"S3","RWA","023","Rwanda","ZAR","Congo, Dem. Rep.",2021,"Gross Exp.",2,8.408,2628,8,"Kg",2628
"S3","RWA","023","Rwanda","ZAR","Congo, Dem. Rep.",2021,"Re-Export",3,0.185,360,8,"Kg",360
"S3","RWA","023","Rwanda","ZAR","Congo, Dem. Rep.",2022,"Export",6,0,0,8,"Kg",0
"S3","RWA","023","Rwanda","ZAR","Congo, Dem. Rep.",2022,"Gross Exp.",2,0.426,520,8,"Kg",520
"S3","RWA","023","Rwanda","ZAR","Congo, Dem. Rep.",2022,"Re-Export",3,0.426,520,8,"Kg",520
"S3","RWA","024","Rwanda","ARE","United Arab Emirates",2020,"Gross Imp.",1,11.795,4959,8,"Kg",4959
"S3","RWA","024","Rwanda","ARE","United Arab Emirates",2020,"Import",5,11.795,4959,8,"Kg",4959
"S3","RWA","024","Rwanda","ARE","United Arab Emirates",2021,"Gross Imp.",1,11.239,4551,8,"Kg",4551
"S3","RWA","024","Rwanda","ARE","United Arab Emirates",2021,"Import",5,11.239,4551,8,"Kg",4551
"S3","RWA","024","Rwanda","ARE","United Arab Emirates",2022,"Gross Imp.",1,4.249,4479,8,"Kg",4479
"S3","RWA","024","Rwanda","ARE","United Arab Emirates",2022,"Import",5,4.249,4479,8,"Kg",4479
"S3","RWA","024","Rwanda","BDI","Burundi",2022,"Export",6,1.106,1050,8,"Kg",1050
"S3","RWA","024","Rwanda","BDI","Burundi",2022,"Gross Exp.",2,1.106,1050,8,"Kg",1050
"S3","RWA","024","Rwanda","BEL","Belgium",2020,"Gross Imp.",1,38.489,8301.9,8,"Kg",8302
"S3","RWA","024","Rwanda","BEL","Belgium",2020,"Import",5,38.489,8301.9,8,"Kg",8302
"S3","RWA","024","Rwanda","BEL","Belgium",2021,"Gross Imp.",1,41.387,8647.82,8,"Kg",8648
"S3","RWA","024","Rwanda","BEL","Belgium",2021,"Import",5,41.387,8647.82,8,"Kg",8648
"S3","RWA","024","Rwanda","BEL","Belgium",2022,"Gross Imp.",1,45.52,8235.35,8,"Kg",8235
"S3","RWA","024","Rwanda","BEL","Belgium",2022,"Import",5,45.52,8235.35,8,"Kg",8235
"S3","RWA","024","Rwanda","CAF","Central African Republic",2021,"Export",6,0.001,1,8,"Kg",1
"S3","RWA","024","Rwanda","CAF","Central African Republic",2021,"Gross Exp.",2,0.001,1,8,"Kg",1
"S3","RWA","024","Rwanda","CAN","Canada",2022,"Gross Imp.",1,0.003,1,8,"Kg",1
"S3","RWA","024","Rwanda","CAN","Canada",2022,"Import",5,0.003,1,8,"Kg",1
"S3","RWA","024","Rwanda","CHE","Switzerland",2021,"Gross Imp.",1,0.807,35.28,8,"Kg",35
"S3","RWA","024","Rwanda","CHE","Switzerland",2021,"Import",5,0.807,35.28,8,"Kg",35
"S3","RWA","024","Rwanda","CHE","Switzerland",2022,"Gross Imp.",1,0.221,11.76,8,"Kg",12
"S3","RWA","024","Rwanda","CHE","Switzerland",2022,"Import",5,0.221,11.76,8,"Kg",12
"S3","RWA","024","Rwanda","CHN","China",2022,"Gross Imp.",1,0.106,160,8,"Kg",160
"S3","RWA","024","Rwanda","CHN","China",2022,"Import",5,0.106,160,8,"Kg",160
"S3","RWA","024","Rwanda","COG","Congo, Rep.",2020,"Export",6,0.348,165,8,"Kg",165
"S3","RWA","024","Rwanda","COG","Congo, Rep.",2020,"Gross Exp.",2,0.348,165,8,"Kg",165
"S3","RWA","024","Rwanda","CYP","Cyprus",2021,"Gross Imp.",1,0.155,8.7,8,"Kg",9
"S3","RWA","024","Rwanda","CYP","Cyprus",2021,"Import",5,0.155,8.7,8,"Kg",9
"S3","RWA","024","Rwanda","DEU","Germany",2020,"Gross Imp.",1,4.142,407.07,8,"Kg",407
"S3","RWA","024","Rwanda","DEU","Germany",2020,"Import",5,4.142,407.07,8,"Kg",407
"S3","RWA","024","Rwanda","DEU","Germany",2021,"Gross Imp.",1,6.177,420.28,8,"Kg",420
"S3","RWA","024","Rwanda","DEU","Germany",2021,"Import",5,6.177,420.28,8,"Kg",420
"S3","RWA","024","Rwanda","DEU","Germany",2022,"Gross Imp.",1,9.431,1207.56,8,"Kg",1208
"S3","RWA","024","Rwanda","DEU","Germany",2022,"Import",5,9.431,1207.56,8,"Kg",1208
"S3","RWA","024","Rwanda","DNK","Denmark",2020,"Gross Imp.",1,17.527,2930.5,8,"Kg",2931
"S3","RWA","024","Rwanda","DNK","Denmark",2020,"Import",5,17.527,2930.5,8,"Kg",2931
"S3","RWA","024","Rwanda","DNK","Denmark",2021,"Gross Imp.",1,38.8,6207.3,8,"Kg",6207
"S3","RWA","024","Rwanda","DNK","Denmark",2021,"Import",5,38.8,6207.3,8,"Kg",6207
"S3","RWA","024","Rwanda","DNK","Denmark",2022,"Gross Imp.",1,23.119,6882.4,8,"Kg",6882
"S3","RWA","024","Rwanda","DNK","Denmark",2022,"Import",5,23.119,6882.4,8,"Kg",6882
"S3","RWA","024","Rwanda","EGY","Egypt, Arab Rep.",2022,"Gross Imp.",1,17.809,2077.75,8,"Kg",2078
"S3","RWA","024","Rwanda","EGY","Egypt, Arab Rep.",2022,"Import",5,17.809,2077.75,8,"Kg",2078
"S3","RWA","024","Rwanda","FRA","France",2020,"Gross Imp.",1,13.028,1319.9,8,"Kg",1320
"S3","RWA","024","Rwanda","FRA","France",2020,"Import",5,13.028,1319.9,8,"Kg",1320
"S3","RWA","024","Rwanda","FRA","France",2021,"Gross Imp.",1,12.702,866.98,8,"Kg",867
"S3","RWA","024","Rwanda","FRA","France",2021,"Import",5,12.702,866.98,8,"Kg",867
"S3","RWA","024","Rwanda","FRA","France",2022,"Gross Imp.",1,47.27,3159.24,8,"Kg",3159
"S3","RWA","024","Rwanda","FRA","France",2022,"Import",5,47.27,3159.24,8,"Kg",3159
"S3","RWA","024","Rwanda","GBR","United Kingdom",2021,"Gross Imp.",1,1.385,81.6,8,"Kg",82
"S3","RWA","024","Rwanda","GBR","United Kingdom",2021,"Import",5,1.385,81.6,8,"Kg",82
"S3","RWA","024","Rwanda","GBR","United Kingdom",2022,"Gross Imp.",1,4.193,698,8,"Kg",698
"S3","RWA","024","Rwanda","GBR","United Kingdom",2022,"Import",5,4.193,698,8,"Kg",698
"S3","RWA","024","Rwanda","GRC","Greece",2020,"Gross Imp.",1,1.136,73.92,8,"Kg",74
"S3","RWA","024","Rwanda","GRC","Greece",2020,"Import",5,1.136,73.92,8,"Kg",74
"S3","RWA","024","Rwanda","GRC","Greece",2021,"Gross Imp.",1,2.205,144.68,8,"Kg",145
"S3","RWA","024","Rwanda","GRC","Greece",2021,"Import",5,2.205,144.68,8,"Kg",145
"S3","RWA","024","Rwanda","GRC","Greece",2022,"Gross Imp.",1,0.493,40,8,"Kg",40
"S3","RWA","024","Rwanda","GRC","Greece",2022,"Import",5,0.493,40,8,"Kg",40
"S3","RWA","024","Rwanda","IRL","Ireland",2021,"Gross Imp.",1,0.164,14,8,"Kg",14
"S3","RWA","024","Rwanda","IRL","Ireland",2021,"Import",5,0.164,14,8,"Kg",14
"S3","RWA","024","Rwanda","IRL","Ireland",2022,"Gross Imp.",1,0.354,24.4,8,"Kg",24
"S3","RWA","024","Rwanda","IRL","Ireland",2022,"Import",5,0.354,24.4,8,"Kg",24
"S3","RWA","024","Rwanda","ITA","Italy",2020,"Gross Imp.",1,6.492,569.5,8,"Kg",570
"S3","RWA","024","Rwanda","ITA","Italy",2020,"Import",5,6.492,569.5,8,"Kg",570
"S3","RWA","024","Rwanda","ITA","Italy",2021,"Gross Imp.",1,22.755,1401.89,8,"Kg",1402
"S3","RWA","024","Rwanda","ITA","Italy",2021,"Import",5,22.755,1401.89,8,"Kg",1402
"S3","RWA","024","Rwanda","ITA","Italy",2022,"Gross Imp.",1,35.673,3204.85,8,"Kg",3205
"S3","RWA","024","Rwanda","ITA","Italy",2022,"Import",5,35.673,3204.85,8,"Kg",3205
"S3","RWA","024","Rwanda","KEN","Kenya",2020,"Export",6,32.554,32440,8,"Kg",32440
"S3","RWA","024","Rwanda","KEN","Kenya",2020,"Gross Exp.",2,32.554,32440,8,"Kg",32440
"S3","RWA","024","Rwanda","KEN","Kenya",2020,"Gross Imp.",1,42.836,3162.08,8,"Kg",3162
"S3","RWA","024","Rwanda","KEN","Kenya",2020,"Import",5,42.836,3162.08,8,"Kg",3162
"S3","RWA","024","Rwanda","KEN","Kenya",2021,"Gross Imp.",1,49.635,3495.96,8,"Kg",3496
"S3","RWA","024","Rwanda","KEN","Kenya",2021,"Import",5,49.635,3495.96,8,"Kg",3496
"S3","RWA","024","Rwanda","KEN","Kenya",2022,"Export",6,0.903,1070,8,"Kg",1070
"S3","RWA","024","Rwanda","KEN","Kenya",2022,"Gross Exp.",2,0.903,1070,8,"Kg",1070
"S3","RWA","024","Rwanda","KEN","Kenya",2022,"Gross Imp.",1,47.84,2940.53,8,"Kg",2941
"S3","RWA","024","Rwanda","KEN","Kenya",2022,"Import",5,47.84,2940.53,8,"Kg",2941
"S3","RWA","024","Rwanda","NLD","Netherlands",2020,"Gross Imp.",1,38.159,8292.88,8,"Kg",8293
"S3","RWA","024","Rwanda","NLD","Netherlands",2020,"Import",5,38.159,8292.88,8,"Kg",8293
"S3","RWA","024","Rwanda","NLD","Netherlands",2021,"Gross Imp.",1,38.321,7287.06,8,"Kg",7287
"S3","RWA","024","Rwanda","NLD","Netherlands",2021,"Import",5,38.321,7287.06,8,"Kg",7287
"S3","RWA","024","Rwanda","NLD","Netherlands",2022,"Gross Imp.",1,29.616,7307.62,8,"Kg",7308
"S3","RWA","024","Rwanda","NLD","Netherlands",2022,"Import",5,29.616,7307.62,8,"Kg",7308
"S3","RWA","024","Rwanda","SSD","South Sudan",2020,"Export",6,5.193,5040,8,"Kg",5040
"S3","RWA","024","Rwanda","SSD","South Sudan",2020,"Gross Exp.",2,5.193,5040,8,"Kg",5040
"S3","RWA","024","Rwanda","SSD","South Sudan",2021,"Export",6,69.176,68410,8,"Kg",68410
"S3","RWA","024","Rwanda","SSD","South Sudan",2021,"Gross Exp.",2,69.176,68410,8,"Kg",68410
"S3","RWA","024","Rwanda","SSD","South Sudan",2022,"Export",6,79.637,81918,8,"Kg",81918
"S3","RWA","024","Rwanda","SSD","South Sudan",2022,"Gross Exp.",2,79.637,81918,8,"Kg",81918
"S3","RWA","024","Rwanda","SUD","Sudan",2020,"Gross Imp.",1,1.953,520,8,"Kg",520
"S3","RWA","024","Rwanda","SUD","Sudan",2020,"Import",5,1.953,520,8,"Kg",520
"S3","RWA","024","Rwanda","SVK","Slovak Republic",2021,"Gross Imp.",1,2.184,116.48,8,"Kg",116
"S3","RWA","024","Rwanda","SVK","Slovak Republic",2021,"Import",5,2.184,116.48,8,"Kg",116
"S3","RWA","024","Rwanda","TUR","Turkey",2020,"Gross Imp.",1,0.033,3.85,8,"Kg",4
"S3","RWA","024","Rwanda","TUR","Turkey",2020,"Import",5,0.033,3.85,8,"Kg",4
"S3","RWA","024","Rwanda","TZA","Tanzania",2020,"Export",6,39.814,36226,8,"Kg",36226
"S3","RWA","024","Rwanda","TZA","Tanzania",2020,"Gross Exp.",2,39.814,36226,8,"Kg",36226
"S3","RWA","024","Rwanda","TZA","Tanzania",2020,"Gross Imp.",1,1.475,325,8,"Kg",325
"S3","RWA","024","Rwanda","TZA","Tanzania",2020,"Import",5,1.475,325,8,"Kg",325
"S3","RWA","024","Rwanda","TZA","Tanzania",2021,"Export",6,17.127,21600,8,"Kg",21600
"S3","RWA","024","Rwanda","TZA","Tanzania",2021,"Gross Exp.",2,17.127,21600,8,"Kg",21600
"S3","RWA","024","Rwanda","TZA","Tanzania",2022,"Export",6,22.072,24565,8,"Kg",24565
"S3","RWA","024","Rwanda","TZA","Tanzania",2022,"Gross Exp.",2,22.072,24565,8,"Kg",24565
"S3","RWA","024","Rwanda","UGA","Uganda",2020,"Export",6,2.759,760,8,"Kg",760
"S3","RWA","024","Rwanda","UGA","Uganda",2020,"Gross Exp.",2,2.759,760,8,"Kg",760
"S3","RWA","024","Rwanda","USA","United States",2021,"Gross Imp.",1,0.024,2,8,"Kg",2
"S3","RWA","024","Rwanda","USA","United States",2021,"Import",5,0.024,2,8,"Kg",2
"S3","RWA","024","Rwanda","USA","United States",2022,"Gross Imp.",1,1.161,72,8,"Kg",72
"S3","RWA","024","Rwanda","USA","United States",2022,"Import",5,1.161,72,8,"Kg",72
"S3","RWA","024","Rwanda","WLD"," World",2020,"Export",6,80.669,74631,8,"Kg",74631
"S3","RWA","024","Rwanda","WLD"," World",2020,"Gross Exp.",2,84.524,75499.45,8,"Kg",75499
"S3","RWA","024","Rwanda","WLD"," World",2020,"Gross Imp.",1,177.841,31000.6,8,"Kg",31001
"S3","RWA","024","Rwanda","WLD"," World",2020,"Import",5,177.841,31000.6,8,"Kg",31001
"S3","RWA","024","Rwanda","WLD"," World",2020,"Re-Export",3,3.855,868.45,8,"Kg",868
"S3","RWA","024","Rwanda","WLD"," World",2021,"Export",6,86.304,90011,8,"Kg",90011
"S3","RWA","024","Rwanda","WLD"," World",2021,"Gross Exp.",2,93.742,90961.36,8,"Kg",90961
"S3","RWA","024","Rwanda","WLD"," World",2021,"Gross Imp.",1,250.156,36258.04,8,"Kg",36258
"S3","RWA","024","Rwanda","WLD"," World",2021,"Import",5,250.156,36258.04,8,"Kg",36258
"S3","RWA","024","Rwanda","WLD"," World",2021,"Re-Export",3,7.438,950.36,8,"Kg",950
"S3","RWA","024","Rwanda","WLD"," World",2022,"Export",6,103.718,108603,8,"Kg",108603
"S3","RWA","024","Rwanda","WLD"," World",2022,"Gross Exp.",2,110.7,109929.15,8,"Kg",109929
"S3","RWA","024","Rwanda","WLD"," World",2022,"Gross Imp.",1,297.292,44682.88,8,"Kg",44683
"S3","RWA","024","Rwanda","WLD"," World",2022,"Import",5,297.292,44682.88,8,"Kg",44683
"S3","RWA","024","Rwanda","WLD"," World",2022,"Re-Export",3,6.982,1326.15,8,"Kg",1326
"S3","RWA","024","Rwanda","ZAF","South Africa",2020,"Gross Imp.",1,0.776,135,8,"Kg",135
"S3","RWA","024","Rwanda","ZAF","South Africa",2020,"Import",5,0.776,135,8,"Kg",135
"S3","RWA","024","Rwanda","ZAF","South Africa",2021,"Gross Imp.",1,22.09,2955.01,8,"Kg",2955
"S3","RWA","024","Rwanda","ZAF","South Africa",2021,"Import",5,22.09,2955.01,8,"Kg",2955
"S3","RWA","024","Rwanda","ZAF","South Africa",2022,"Gross Imp.",1,30.235,4181.42,8,"Kg",4181
"S3","RWA","024","Rwanda","ZAF","South Africa",2022,"Import",5,30.235,4181.42,8,"Kg",4181
"S3","RWA","024","Rwanda","ZAR","Congo, Dem. Rep.",2020,"Export",6,0,0,8,"Kg",0
"S3","RWA","024","Rwanda","ZAR","Congo, Dem. Rep.",2020,"Gross Exp.",2,3.855,868.45,8,"Kg",868
"S3","RWA","024","Rwanda","ZAR","Congo, Dem. Rep.",2020,"Re-Export",3,3.855,868.45,8,"Kg",868
"S3","RWA","024","Rwanda","ZAR","Congo, Dem. Rep.",2021,"Export",6,0,0,8,"Kg",0
"S3","RWA","024","Rwanda","ZAR","Congo, Dem. Rep.",2021,"Gross Exp.",2,7.438,950.36,8,"Kg",950
"S3","RWA","024","Rwanda","ZAR","Congo, Dem. Rep.",2021,"Gross Imp.",1,0.126,22,8,"Kg",22
"S3","RWA","024","Rwanda","ZAR","Congo, Dem. Rep.",2021,"Import",5,0.126,22,8,"Kg",22
"S3","RWA","024","Rwanda","ZAR","Congo, Dem. Rep.",2021,"Re-Export",3,7.438,950.36,8,"Kg",950
"S3","RWA","024","Rwanda","ZAR","Congo, Dem. Rep.",2022,"Export",6,0,0,8,"Kg",0
"S3","RWA","024","Rwanda","ZAR","Congo, Dem. Rep.",2022,"Gross Exp.",2,6.982,1326.15,8,"Kg",1326
"S3","RWA","024","Rwanda","ZAR","Congo, Dem. Rep.",2022,"Re-Export",3,6.982,1326.15,8,"Kg",1326
"S3","RWA","034","Rwanda","ARE","United Arab Emirates",2020,"Gross Imp.",1,4.677,4450,8,"Kg",4450
"S3","RWA","034","Rwanda","ARE","United Arab Emirates",2020,"Import",5,4.677,4450,8,"Kg",4450
"S3","RWA","034","Rwanda","ARE","United Arab Emirates",2021,"Gross Imp.",1,1.788,2124,8,"Kg",2124
"S3","RWA","034","Rwanda","ARE","United Arab Emirates",2021,"Import",5,1.788,2124,8,"Kg",2124
"S3","RWA","034","Rwanda","ARE","United Arab Emirates",2022,"Gross Imp.",1,1.292,510,8,"Kg",510
"S3","RWA","034","Rwanda","ARE","United Arab Emirates",2022,"Import",5,1.292,510,8,"Kg",510
"S3","RWA","034","Rwanda","BEL","Belgium",2020,"Gross Imp.",1,4.091,1063.8,8,"Kg",1064
"S3","RWA","034","Rwanda","BEL","Belgium",2020,"Import",5,4.091,1063.8,8,"Kg",1064
"S3","RWA","034","Rwanda","BEL","Belgium",2021,"Gross Imp.",1,2.868,376.6,8,"Kg",377
"S3","RWA","034","Rwanda","BEL","Belgium",2021,"Import",5,2.868,376.6,8,"Kg",377
"S3","RWA","034","Rwanda","BEL","Belgium",2022,"Gross Imp.",1,0.507,56,8,"Kg",56
"S3","RWA","034","Rwanda","BEL","Belgium",2022,"Import",5,0.507,56,8,"Kg",56
"S3","RWA","034","Rwanda","BRA","Brazil",2020,"Gross Imp.",1,18.249,17854,8,"Kg",17854
"S3","RWA","034","Rwanda","BRA","Brazil",2020,"Import",5,18.249,17854,8,"Kg",17854
"S3","RWA","034","Rwanda","BRA","Brazil",2021,"Gross Imp.",1,6.242,17670,8,"Kg",17670
"S3","RWA","034","Rwanda","BRA","Brazil",2021,"Import",5,6.242,17670,8,"Kg",17670
"S3","RWA","034","Rwanda","CAF","Central African Republic",2021,"Export",6,0,0,8,"Kg",0
"S3","RWA","034","Rwanda","CAF","Central African Republic",2021,"Gross Exp.",2,2.381,3151.2,8,"Kg",3151
"S3","RWA","034","Rwanda","CAF","Central African Republic",2021,"Re-Export",3,2.381,3151.2,8,"Kg",3151
"S3","RWA","034","Rwanda","CAN","Canada",2020,"Export",6,759.572,447184.554,8,"Kg",447185
"S3","RWA","034","Rwanda","CAN","Canada",2020,"Gross Exp.",2,759.572,447184.554,8,"Kg",447185
"S3","RWA","034","Rwanda","CAN","Canada",2022,"Gross Imp.",1,33.676,25599,8,"Kg",25599
"S3","RWA","034","Rwanda","CAN","Canada",2022,"Import",5,33.676,25599,8,"Kg",25599
"S3","RWA","034","Rwanda","CHE","Switzerland",2020,"Gross Imp.",1,24.089,25725,8,"Kg",25725
"S3","RWA","034","Rwanda","CHE","Switzerland",2020,"Import",5,24.089,25725,8,"Kg",25725
"S3","RWA","034","Rwanda","CHN","China",2020,"Gross Imp.",1,15200.323,18084849.2,8,"Kg",18084849
"S3","RWA","034","Rwanda","CHN","China",2020,"Import",5,15200.323,18084849.2,8,"Kg",18084849
"S3","RWA","034","Rwanda","CHN","China",2021,"Gross Imp.",1,20441.875,19126536.6,8,"Kg",19126537
"S3","RWA","034","Rwanda","CHN","China",2021,"Import",5,20441.875,19126536.6,8,"Kg",19126537
"S3","RWA","034","Rwanda","CHN","China",2022,"Gross Imp.",1,43213.943,36066282.5,8,"Kg",36066283
"S3","RWA","034","Rwanda","CHN","China",2022,"Import",5,43213.943,36066282.5,8,"Kg",36066283
"S3","RWA","034","Rwanda","COG","Congo, Rep.",2020,"Export",6,1.492,306,8,"Kg",306
"S3","RWA","034","Rwanda","COG","Congo, Rep.",2020,"Gross Exp.",2,1.492,306,8,"Kg",306
"S3","RWA","034","Rwanda","DEU","Germany",2020,"Gross Imp.",1,0.229,10,8,"Kg",10
"S3","RWA","034","Rwanda","DEU","Germany",2020,"Import",5,0.229,10,8,"Kg",10
"S3","RWA","034","Rwanda","DNK","Denmark",2020,"Gross Imp.",1,9.932,1254,8,"Kg",1254
"S3","RWA","034","Rwanda","DNK","Denmark",2020,"Import",5,9.932,1254,8,"Kg",1254
"S3","RWA","034","Rwanda","DNK","Denmark",2021,"Gross Imp.",1,11.596,1729,8,"Kg",1729
"S3","RWA","034","Rwanda","DNK","Denmark",2021,"Import",5,11.596,1729,8,"Kg",1729
"S3","RWA","034","Rwanda","DNK","Denmark",2022,"Gross Imp.",1,2.1,300,8,"Kg",300
"S3","RWA","034","Rwanda","DNK","Denmark",2022,"Import",5,2.1,300,8,"Kg",300
"S3","RWA","034","Rwanda","FRA","France",2021,"Gross Imp.",1,0.132,17,8,"Kg",17
"S3","RWA","034","Rwanda","FRA","France",2021,"Import",5,0.132,17,8,"Kg",17
"S3","RWA","034","Rwanda","FRO","Faeroe Islands",2022,"Gross Imp.",1,2.564,100.5,8,"Kg",101
"S3","RWA","034","Rwanda","FRO","Faeroe Islands",2022,"Import",5,2.564,100.5,8,"Kg",101
"S3","RWA","034","Rwanda","HKG","Hong Kong, China",2021,"Gross Imp.",1,20.799,51750,8,"Kg",51750
"S3","RWA","034","Rwanda","HKG","Hong Kong, China",2021,"Import",5,20.799,51750,8,"Kg",51750
"S3","RWA","034","Rwanda","HKG","Hong Kong, China",2022,"Gross Imp.",1,71.519,85560,8,"Kg",85560
"S3","RWA","034","Rwanda","HKG","Hong Kong, China",2022,"Import",5,71.519,85560,8,"Kg",85560
"S3","RWA","034","Rwanda","IND","India",2021,"Gross Imp.",1,126.665,97000,8,"Kg",97000
"S3","RWA","034","Rwanda","IND","India",2021,"Import",5,126.665,97000,8,"Kg",97000
"S3","RWA","034","Rwanda","IND","India",2022,"Gross Imp.",1,108.457,102940,8,"Kg",102940
"S3","RWA","034","Rwanda","IND","India",2022,"Import",5,108.457,102940,8,"Kg",102940
"S3","RWA","034","Rwanda","ISL","Iceland",2022,"Gross Imp.",1,0.589,42,8,"Kg",42
"S3","RWA","034","Rwanda","ISL","Iceland",2022,"Import",5,0.589,42,8,"Kg",42
"S3","RWA","034","Rwanda","JPN","Japan",2020,"Gross Imp.",1,3666.249,3715935,8,"Kg",3715935
"S3","RWA","034","Rwanda","JPN","Japan",2020,"Import",5,3666.249,3715935,8,"Kg",3715935
"S3","RWA","034","Rwanda","JPN","Japan",2021,"Gross Imp.",1,7154.455,5606487,8,"Kg",5606487
"S3","RWA","034","Rwanda","JPN","Japan",2021,"Import",5,7154.455,5606487,8,"Kg",5606487
"S3","RWA","034","Rwanda","JPN","Japan",2022,"Gross Imp.",1,9500.402,7217016,8,"Kg",7217016
"S3","RWA","034","Rwanda","JPN","Japan",2022,"Import",5,9500.402,7217016,8,"Kg",7217016
"S3","RWA","034","Rwanda","KEN","Kenya",2020,"Gross Imp.",1,227.118,62286.07,8,"Kg",62286
"S3","RWA","034","Rwanda","KEN","Kenya",2020,"Import",5,227.118,62286.07,8,"Kg",62286
"S3","RWA","034","Rwanda","KEN","Kenya",2021,"Gross Imp.",1,131.541,25008.7,8,"Kg",25009
"S3","RWA","034","Rwanda","KEN","Kenya",2021,"Import",5,131.541,25008.7,8,"Kg",25009
"S3","RWA","034","Rwanda","KEN","Kenya",2022,"Gross Imp.",1,180.005,42079.52,8,"Kg",42080
"S3","RWA","034","Rwanda","KEN","Kenya",2022,"Import",5,180.005,42079.52,8,"Kg",42080
"S3","RWA","034","Rwanda","KOR","Korea, Rep.",2020,"Export",6,0,0,8,"Kg",0
"S3","RWA","034","Rwanda","KOR","Korea, Rep.",2020,"Gross Exp.",2,66.975,108800,8,"Kg",108800
"S3","RWA","034","Rwanda","KOR","Korea, Rep.",2020,"Gross Imp.",1,3191.493,3426759.5,8,"Kg",3426760
"S3","RWA","034","Rwanda","KOR","Korea, Rep.",2020,"Import",5,3191.493,3426759.5,8,"Kg",3426760
"S3","RWA","034","Rwanda","KOR","Korea, Rep.",2020,"Re-Export",3,66.975,108800,8,"Kg",108800
"S3","RWA","034","Rwanda","KOR","Korea, Rep.",2021,"Gross Imp.",1,4525.069,3553633.1,8,"Kg",3553633
"S3","RWA","034","Rwanda","KOR","Korea, Rep.",2021,"Import",5,4525.069,3553633.1,8,"Kg",3553633
"S3","RWA","034","Rwanda","KOR","Korea, Rep.",2022,"Gross Imp.",1,5356.021,4456245,8,"Kg",4456245
"S3","RWA","034","Rwanda","KOR","Korea, Rep.",2022,"Import",5,5356.021,4456245,8,"Kg",4456245
"S3","RWA","034","Rwanda","MDG","Madagascar",2022,"Gross Imp.",1,0.206,72,8,"Kg",72
"S3","RWA","034","Rwanda","MDG","Madagascar",2022,"Import",5,0.206,72,8,"Kg",72
"S3","RWA","034","Rwanda","MYS","Malaysia",2021,"Gross Imp.",1,2.778,390,8,"Kg",390
"S3","RWA","034","Rwanda","MYS","Malaysia",2021,"Import",5,2.778,390,8,"Kg",390
"S3","RWA","034","Rwanda","NAM","Namibia",2020,"Gross Imp.",1,46.197,53285,8,"Kg",53285
"S3","RWA","034","Rwanda","NAM","Namibia",2020,"Import",5,46.197,53285,8,"Kg",53285
"S3","RWA","034","Rwanda","NAM","Namibia",2021,"Gross Imp.",1,34.328,53500,8,"Kg",53500
"S3","RWA","034","Rwanda","NAM","Namibia",2021,"Import",5,34.328,53500,8,"Kg",53500
"S3","RWA","034","Rwanda","NGA","Nigeria",2021,"Export",6,0.403,50,8,"Kg",50
"S3","RWA","034","Rwanda","NGA","Nigeria",2021,"Gross Exp.",2,0.403,50,8,"Kg",50
"S3","RWA","034","Rwanda","NLD","Netherlands",2020,"Gross Imp.",1,4.597,168,8,"Kg",168
"S3","RWA","034","Rwanda","NLD","Netherlands",2020,"Import",5,4.597,168,8,"Kg",168
"S3","RWA","034","Rwanda","NLD","Netherlands",2021,"Gross Imp.",1,149.983,56886,8,"Kg",56886
"S3","RWA","034","Rwanda","NLD","Netherlands",2021,"Import",5,149.983,56886,8,"Kg",56886
"S3","RWA","034","Rwanda","NLD","Netherlands",2022,"Gross Imp.",1,2.043,300,8,"Kg",300
"S3","RWA","034","Rwanda","NLD","Netherlands",2022,"Import",5,2.043,300,8,"Kg",300
"S3","RWA","034","Rwanda","NOR","Norway",2020,"Gross Imp.",1,20.141,1368.99,8,"Kg",1369
"S3","RWA","034","Rwanda","NOR","Norway",2020,"Import",5,20.141,1368.99,8,"Kg",1369
"S3","RWA","034","Rwanda","NOR","Norway",2021,"Gross Imp.",1,34.133,1956.39,8,"Kg",1956
"S3","RWA","034","Rwanda","NOR","Norway",2021,"Import",5,34.133,1956.39,8,"Kg",1956
"S3","RWA","034","Rwanda","NOR","Norway",2022,"Gross Imp.",1,70.104,3883.78,8,"Kg",3884
"S3","RWA","034","Rwanda","NOR","Norway",2022,"Import",5,70.104,3883.78,8,"Kg",3884
"S3","RWA","034","Rwanda","OAS","Other Asia, nes",2020,"Gross Imp.",1,101.921,95600,8,"Kg",95600
"S3","RWA","034","Rwanda","OAS","Other Asia, nes",2020,"Import",5,101.921,95600,8,"Kg",95600
"S3","RWA","034","Rwanda","OAS","Other Asia, nes",2021,"Gross Imp.",1,329.862,269540,8,"Kg",269540
"S3","RWA","034","Rwanda","OAS","Other Asia, nes",2021,"Import",5,329.862,269540,8,"Kg",269540
"S3","RWA","034","Rwanda","OAS","Other Asia, nes",2022,"Gross Imp.",1,1900.08,1355641,8,"Kg",1355641
"S3","RWA","034","Rwanda","OAS","Other Asia, nes",2022,"Import",5,1900.08,1355641,8,"Kg",1355641
"S3","RWA","034","Rwanda","OMN","Oman",2020,"Gross Imp.",1,388.182,608910,8,"Kg",608910
"S3","RWA","034","Rwanda","OMN","Oman",2020,"Import",5,388.182,608910,8,"Kg",608910
"S3","RWA","034","Rwanda","OMN","Oman",2021,"Gross Imp.",1,72.444,78500,8,"Kg",78500
"S3","RWA","034","Rwanda","OMN","Oman",2021,"Import",5,72.444,78500,8,"Kg",78500
"S3","RWA","034","Rwanda","OMN","Oman",2022,"Gross Imp.",1,1959.798,1869483.4,8,"Kg",1869483
"S3","RWA","034","Rwanda","OMN","Oman",2022,"Import",5,1959.798,1869483.4,8,"Kg",1869483
"S3","RWA","034","Rwanda","PAK","Pakistan",2022,"Gross Imp.",1,0.023,45,8,"Kg",45
"S3","RWA","034","Rwanda","PAK","Pakistan",2022,"Import",5,0.023,45,8,"Kg",45
"S3","RWA","034","Rwanda","PAN","Panama",2022,"Gross Imp.",1,36.461,25187.5,8,"Kg",25188
"S3","RWA","034","Rwanda","PAN","Panama",2022,"Import",5,36.461,25187.5,8,"Kg",25188
"S3","RWA","034","Rwanda","POL","Poland",2020,"Gross Imp.",1,9.541,24500,8,"Kg",24500
"S3","RWA","034","Rwanda","POL","Poland",2020,"Import",5,9.541,24500,8,"Kg",24500
"S3","RWA","034","Rwanda","POL","Poland",2021,"Gross Imp.",1,39.606,73516.8,8,"Kg",73517
"S3","RWA","034","Rwanda","POL","Poland",2021,"Import",5,39.606,73516.8,8,"Kg",73517
"S3","RWA","034","Rwanda","POL","Poland",2022,"Gross Imp.",1,49.52,98000,8,"Kg",98000
"S3","RWA","034","Rwanda","POL","Poland",2022,"Import",5,49.52,98000,8,"Kg",98000
"S3","RWA","034","Rwanda","TZA","Tanzania",2020,"Gross Imp.",1,1435.736,451354,8,"Kg",451354
"S3","RWA","034","Rwanda","TZA","Tanzania",2020,"Import",5,1435.736,451354,8,"Kg",451354
"S3","RWA","034","Rwanda","TZA","Tanzania",2021,"Gross Imp.",1,2205.917,363250,8,"Kg",363250
"S3","RWA","034","Rwanda","TZA","Tanzania",2021,"Import",5,2205.917,363250,8,"Kg",363250
"S3","RWA","034","Rwanda","TZA","Tanzania",2022,"Gross Imp.",1,1769.282,377849,8,"Kg",377849
"S3","RWA","034","Rwanda","TZA","Tanzania",2022,"Import",5,1769.282,377849,8,"Kg",377849
"S3","RWA","034","Rwanda","UGA","Uganda",2022,"Gross Imp.",1,344.673,97105,8,"Kg",97105
"S3","RWA","034","Rwanda","UGA","Uganda",2022,"Import",5,344.673,97105,8,"Kg",97105
"S3","RWA","034","Rwanda","UKR","Ukraine",2021,"Gross Imp.",1,26.468,27508,8,"Kg",27508
"S3","RWA","034","Rwanda","UKR","Ukraine",2021,"Import",5,26.468,27508,8,"Kg",27508
"S3","RWA","034","Rwanda","USA","United States",2021,"Gross Imp.",1,0.022,2,8,"Kg",2
"S3","RWA","034","Rwanda","USA","United States",2021,"Import",5,0.022,2,8,"Kg",2
"S3","RWA","034","Rwanda","USA","United States",2022,"Gross Imp.",1,27.029,26500,8,"Kg",26500
"S3","RWA","034","Rwanda","USA","United States",2022,"Import",5,27.029,26500,8,"Kg",26500
"S3","RWA","034","Rwanda","VAT","Holy See",2020,"Gross Imp.",1,12.85,26313,8,"Kg",26313
"S3","RWA","034","Rwanda","VAT","Holy See",2020,"Import",5,12.85,26313,8,"Kg",26313
"S3","RWA","034","Rwanda","VNM","Vietnam",2020,"Gross Imp.",1,61.277,105231,8,"Kg",105231
"S3","RWA","034","Rwanda","VNM","Vietnam",2020,"Import",5,61.277,105231,8,"Kg",105231
"S3","RWA","034","Rwanda","VNM","Vietnam",2021,"Gross Imp.",1,80.369,75205,8,"Kg",75205
"S3","RWA","034","Rwanda","VNM","Vietnam",2021,"Import",5,80.369,75205,8,"Kg",75205
"S3","RWA","034","Rwanda","VNM","Vietnam",2022,"Gross Imp.",1,352.429,148064.65,8,"Kg",148065
"S3","RWA","034","Rwanda","VNM","Vietnam",2022,"Import",5,352.429,148064.65,8,"Kg",148065
"S3","RWA","034","Rwanda","WLD"," World",2020,"Export",6,864.943,552635.554,8,"Kg",552636
"S3","RWA","034","Rwanda","WLD"," World",2020,"Gross Exp.",2,20526.248,20764774.854,8,"Kg",20764775
"S3","RWA","034","Rwanda","WLD"," World",2020,"Gross Imp.",1,24436.28,26707276.56,8,"Kg",26707277
"S3","RWA","034","Rwanda","WLD"," World",2020,"Import",5,24436.28,26707276.56,8,"Kg",26707277
"S3","RWA","034","Rwanda","WLD"," World",2020,"Re-Export",3,19661.305,20212139.3,8,"Kg",20212139
"S3","RWA","034","Rwanda","WLD"," World",2021,"Export",6,47.491,46810,8,"Kg",46810
"S3","RWA","034","Rwanda","WLD"," World",2021,"Gross Exp.",2,31088.684,27055601.8,8,"Kg",27055602
"S3","RWA","034","Rwanda","WLD"," World",2021,"Gross Imp.",1,35480.287,29555842.19,8,"Kg",29555842
"S3","RWA","034","Rwanda","WLD"," World",2021,"Import",5,35480.287,29555842.19,8,"Kg",29555842
"S3","RWA","034","Rwanda","WLD"," World",2021,"Re-Export",3,31041.193,27008791.8,8,"Kg",27008792
"S3","RWA","034","Rwanda","WLD"," World",2022,"Export",6,4.165,1900,8,"Kg",1900
"S3","RWA","034","Rwanda","WLD"," World",2022,"Gross Exp.",2,34156.08,27906781.9,8,"Kg",27906782
"S3","RWA","034","Rwanda","WLD"," World",2022,"Gross Imp.",1,64997.877,51999967.85,8,"Kg",51999968
"S3","RWA","034","Rwanda","WLD"," World",2022,"Import",5,64997.877,51999967.85,8,"Kg",51999968
"S3","RWA","034","Rwanda","WLD"," World",2022,"Re-Export",3,34151.915,27904881.9,8,"Kg",27904882
"S3","RWA","034","Rwanda","YEM","Yemen",2021,"Gross Imp.",1,71.137,71800,8,"Kg",71800
"S3","RWA","034","Rwanda","YEM","Yemen",2021,"Import",5,71.137,71800,8,"Kg",71800
"S3","RWA","034","Rwanda","ZAF","South Africa",2020,"Gross Imp.",1,9.39,360,8,"Kg",360
"S3","RWA","034","Rwanda","ZAF","South Africa",2020,"Import",5,9.39,360,8,"Kg",360
"S3","RWA","034","Rwanda","ZAF","South Africa",2021,"Gross Imp.",1,9.318,140,8,"Kg",140
"S3","RWA","034","Rwanda","ZAF","South Africa",2021,"Import",5,9.318,140,8,"Kg",140
"S3","RWA","034","Rwanda","ZAF","South Africa",2022,"Gross Imp.",1,14.949,1006,8,"Kg",1006
"S3","RWA","034","Rwanda","ZAF","South Africa",2022,"Import",5,14.949,1006,8,"Kg",1006
"S3","RWA","034","Rwanda","ZAR","Congo, Dem. Rep.",2020,"Export",6,103.877,105145,8,"Kg",105145
"S3","RWA","034","Rwanda","ZAR","Congo, Dem. Rep.",2020,"Gross Exp.",2,19698.208,20208484.3,8,"Kg",20208484
"S3","RWA","034","Rwanda","ZAR","Congo, Dem. Rep.",2020,"Re-Export",3,19594.331,20103339.3,8,"Kg",20103339
"S3","RWA","034","Rwanda","ZAR","Congo, Dem. Rep.",2021,"Export",6,47.088,46760,8,"Kg",46760
"S3","RWA","034","Rwanda","ZAR","Congo, Dem. Rep.",2021,"Gross Exp.",2,31085.9,27052400.6,8,"Kg",27052401
"S3","RWA","034","Rwanda","ZAR","Congo, Dem. Rep.",2021,"Gross Imp.",1,0.893,1316,8,"Kg",1316
"S3","RWA","034","Rwanda","ZAR","Congo, Dem. Rep.",2021,"Import",5,0.893,1316,8,"Kg",1316
"S3","RWA","034","Rwanda","ZAR","Congo, Dem. Rep.",2021,"Re-Export",3,31038.812,27005640.6,8,"Kg",27005641
"S3","RWA","034","Rwanda","ZAR","Congo, Dem. Rep.",2022,"Export",6,4.165,1900,8,"Kg",1900
"S3","RWA","034","Rwanda","ZAR","Congo, Dem. Rep.",2022,"Gross Exp.",2,34156.08,27906781.9,8,"Kg",27906782
"S3","RWA","034","Rwanda","ZAR","Congo, Dem. Rep.",2022,"Gross Imp.",1,0.206,100,8,"Kg",100
"S3","RWA","034","Rwanda","ZAR","Congo, Dem. Rep.",2022,"Import",5,0.206,100,8,"Kg",100
"S3","RWA","034","Rwanda","ZAR","Congo, Dem. Rep.",2022,"Re-Export",3,34151.915,27904881.9,8,"Kg",27904882
"S3","RWA","035","Rwanda","ARE","United Arab Emirates",2020,"Gross Imp.",1,0.074,200,8,"Kg",200
"S3","RWA","035","Rwanda","ARE","United Arab Emirates",2020,"Import",5,0.074,200,8,"Kg",200
"S3","RWA","035","Rwanda","ARE","United Arab Emirates",2021,"Gross Imp.",1,1.211,336.36,8,"Kg",336
"S3","RWA","035","Rwanda","ARE","United Arab Emirates",2021,"Import",5,1.211,336.36,8,"Kg",336
"S3","RWA","035","Rwanda","ARE","United Arab Emirates",2022,"Gross Imp.",1,0.142,600,8,"Kg",600
"S3","RWA","035","Rwanda","ARE","United Arab Emirates",2022,"Import",5,0.142,600,8,"Kg",600
"S3","RWA","035","Rwanda","BDI","Burundi",2022,"Gross Imp.",1,0.156,20,8,"Kg",20
"S3","RWA","035","Rwanda","BDI","Burundi",2022,"Import",5,0.156,20,8,"Kg",20
"S3","RWA","035","Rwanda","BEL","Belgium",2020,"Gross Imp.",1,0.105,10,8,"Kg",10
"S3","RWA","035","Rwanda","BEL","Belgium",2020,"Import",5,0.105,10,8,"Kg",10
"S3","RWA","035","Rwanda","BEL","Belgium",2021,"Export",6,0.243,30,8,"Kg",30
"S3","RWA","035","Rwanda","BEL","Belgium",2021,"Gross Exp.",2,0.243,30,8,"Kg",30
"S3","RWA","035","Rwanda","BEL","Belgium",2022,"Gross Imp.",1,4.811,621.24,8,"Kg",621
"S3","RWA","035","Rwanda","BEL","Belgium",2022,"Import",5,4.811,621.24,8,"Kg",621
"S3","RWA","035","Rwanda","CAN","Canada",2020,"Export",6,47.198,3050,8,"Kg",3050
"S3","RWA","035","Rwanda","CAN","Canada",2020,"Gross Exp.",2,47.198,3050,8,"Kg",3050
"S3","RWA","035","Rwanda","CAN","Canada",2021,"Export",6,39.397,2315,8,"Kg",2315
"S3","RWA","035","Rwanda","CAN","Canada",2021,"Gross Exp.",2,39.397,2315,8,"Kg",2315
"S3","RWA","035","Rwanda","CAN","Canada",2022,"Export",6,14.72,600,8,"Kg",600
"S3","RWA","035","Rwanda","CAN","Canada",2022,"Gross Exp.",2,14.72,600,8,"Kg",600
"S3","RWA","035","Rwanda","CHN","China",2020,"Gross Imp.",1,0.275,104.6,8,"Kg",105
"S3","RWA","035","Rwanda","CHN","China",2020,"Import",5,0.275,104.6,8,"Kg",105
"S3","RWA","035","Rwanda","CHN","China",2021,"Gross Imp.",1,0.13,79,8,"Kg",79
"S3","RWA","035","Rwanda","CHN","China",2021,"Import",5,0.13,79,8,"Kg",79
"S3","RWA","035","Rwanda","CHN","China",2022,"Gross Imp.",1,240.076,199565.5,8,"Kg",199566
"S3","RWA","035","Rwanda","CHN","China",2022,"Import",5,240.076,199565.5,8,"Kg",199566
"S3","RWA","035","Rwanda","DNK","Denmark",2020,"Gross Imp.",1,6.003,1010,8,"Kg",1010
"S3","RWA","035","Rwanda","DNK","Denmark",2020,"Import",5,6.003,1010,8,"Kg",1010
"S3","RWA","035","Rwanda","DNK","Denmark",2021,"Gross Imp.",1,3.411,175,8,"Kg",175
"S3","RWA","035","Rwanda","DNK","Denmark",2021,"Import",5,3.411,175,8,"Kg",175
"S3","RWA","074","Rwanda","WLD"," World",2020,"Gross Imp.",1,452.585,323042.54,8,"Kg",323043
"S3","RWA","074","Rwanda","WLD"," World",2020,"Import",5,452.585,323042.54,8,"Kg",323043
"S3","RWA","074","Rwanda","WLD"," World",2020,"Re-Export",3,4.683,4185.8,8,"Kg",4186
"S3","RWA","074","Rwanda","WLD"," World",2021,"Export",6,104163.243,38863047.97,8,"Kg",38863048
"S3","RWA","074","Rwanda","WLD"," World",2021,"Gross Exp.",2,104175.23,38871965.97,8,"Kg",38871966
"S3","RWA","074","Rwanda","WLD"," World",2021,"Gross Imp.",1,290.13,120220.83,8,"Kg",120221
"S3","RWA","074","Rwanda","WLD"," World",2021,"Import",5,290.13,120220.83,8,"Kg",120221
"S3","RWA","074","Rwanda","WLD"," World",2021,"Re-Export",3,11.987,8918,8,"Kg",8918
"S3","RWA","074","Rwanda","WLD"," World",2022,"Export",6,101262.371,33392251.5,8,"Kg",33392252
"S3","RWA","074","Rwanda","WLD"," World",2022,"Gross Exp.",2,101264.654,33396610.5,8,"Kg",33396611
"S3","RWA","074","Rwanda","WLD"," World",2022,"Gross Imp.",1,328.112,159859.37,8,"Kg",159859
"S3","RWA","074","Rwanda","WLD"," World",2022,"Import",5,328.112,159859.37,8,"Kg",159859
"S3","RWA","074","Rwanda","WLD"," World",2022,"Re-Export",3,2.283,4359,8,"Kg",4359
"S3","RWA","074","Rwanda","YEM","Yemen",2020,"Export",6,162.478,60164,8,"Kg",60164
"S3","RWA","074","Rwanda","YEM","Yemen",2020,"Gross Exp.",2,162.478,60164,8,"Kg",60164
"S3","RWA","074","Rwanda","YEM","Yemen",2021,"Export",6,413.729,145097.6,8,"Kg",145098
"S3","RWA","074","Rwanda","YEM","Yemen",2021,"Gross Exp.",2,413.729,145097.6,8,"Kg",145098
"S3","RWA","074","Rwanda","YEM","Yemen",2022,"Export",6,212.068,72125,8,"Kg",72125
"S3","RWA","074","Rwanda","YEM","Yemen",2022,"Gross Exp.",2,212.068,72125,8,"Kg",72125
"S3","RWA","074","Rwanda","ZAF","South Africa",2020,"Export",6,22.955,8592,8,"Kg",8592
"S3","RWA","074","Rwanda","ZAF","South Africa",2020,"Gross Exp.",2,22.955,8592,8,"Kg",8592
"S3","RWA","074","Rwanda","ZAF","South Africa",2020,"Gross Imp.",1,1.23,257,8,"Kg",257
"S3","RWA","074","Rwanda","ZAF","South Africa",2020,"Import",5,1.23,257,8,"Kg",257
"S3","RWA","074","Rwanda","ZAF","South Africa",2021,"Export",6,0.003,1.17,8,"Kg",1
"S3","RWA","074","Rwanda","ZAF","South Africa",2021,"Gross Exp.",2,0.003,1.17,8,"Kg",1
"S3","RWA","074","Rwanda","ZAF","South Africa",2021,"Gross Imp.",1,0.055,22,8,"Kg",22
"S3","RWA","074","Rwanda","ZAF","South Africa",2021,"Import",5,0.055,22,8,"Kg",22
"S3","RWA","074","Rwanda","ZAF","South Africa",2022,"Gross Imp.",1,0.118,212,8,"Kg",212
"S3","RWA","074","Rwanda","ZAF","South Africa",2022,"Import",5,0.118,212,8,"Kg",212
"S3","RWA","074","Rwanda","ZAR","Congo, Dem. Rep.",2020,"Export",6,3.25,425,8,"Kg",425
"S3","RWA","074","Rwanda","ZAR","Congo, Dem. Rep.",2020,"Gross Exp.",2,7.933,4610.8,8,"Kg",4611
"S3","RWA","074","Rwanda","ZAR","Congo, Dem. Rep.",2020,"Gross Imp.",1,0.173,275,8,"Kg",275
"S3","RWA","074","Rwanda","ZAR","Congo, Dem. Rep.",2020,"Import",5,0.173,275,8,"Kg",275
"S3","RWA","074","Rwanda","ZAR","Congo, Dem. Rep.",2020,"Re-Export",3,4.683,4185.8,8,"Kg",4186
"S3","RWA","074","Rwanda","ZAR","Congo, Dem. Rep.",2021,"Export",6,0,0,8,"Kg",0
"S3","RWA","074","Rwanda","ZAR","Congo, Dem. Rep.",2021,"Gross Exp.",2,11.987,8918,8,"Kg",8918
"S3","RWA","074","Rwanda","ZAR","Congo, Dem. Rep.",2021,"Re-Export",3,11.987,8918,8,"Kg",8918
"S3","RWA","074","Rwanda","ZAR","Congo, Dem. Rep.",2022,"Export",6,6.565,2100,8,"Kg",2100
"S3","RWA","074","Rwanda","ZAR","Congo, Dem. Rep.",2022,"Gross Exp.",2,8.756,6376,8,"Kg",6376
"S3","RWA","074","Rwanda","ZAR","Congo, Dem. Rep.",2022,"Gross Imp.",1,4.926,10312,8,"Kg",10312
"S3","RWA","074","Rwanda","ZAR","Congo, Dem. Rep.",2022,"Import",5,4.926,10312,8,"Kg",10312
"S3","RWA","074","Rwanda","ZAR","Congo, Dem. Rep.",2022,"Re-Export",3,2.191,4276,8,"Kg",4276
"S3","RWA","074","Rwanda","ZMB","Zambia",2022,"Export",6,4.813,1500,8,"Kg",1500
"S3","RWA","074","Rwanda","ZMB","Zambia",2022,"Gross Exp.",2,4.836,1503,8,"Kg",1503
"S3","RWA","074","Rwanda","ZMB","Zambia",2022,"Re-Export",3,0.023,3,8,"Kg",3
"S3","RWA","075","Rwanda","AIA","Anguila",2022,"Gross Imp.",1,0.002,2,8,"Kg",2
"S3","RWA","075","Rwanda","AIA","Anguila",2022,"Import",5,0.002,2,8,"Kg",2
"S3","RWA","075","Rwanda","ALB","Albania",2022,"Gross Imp.",1,0.057,68,8,"Kg",68
"S3","RWA","075","Rwanda","ALB","Albania",2022,"Import",5,0.057,68,8,"Kg",68
"S3","RWA","075","Rwanda","ARE","United Arab Emirates",2020,"Export",6,87.739,21917,8,"Kg",21917
"S3","RWA","075","Rwanda","ARE","United Arab Emirates",2020,"Gross Exp.",2,87.739,21917,8,"Kg",21917
"S3","RWA","075","Rwanda","ARE","United Arab Emirates",2020,"Gross Imp.",1,15.066,9491.003,8,"Kg",9491
"S3","RWA","075","Rwanda","ARE","United Arab Emirates",2020,"Import",5,15.066,9491.003,8,"Kg",9491
"S3","RWA","075","Rwanda","ARE","United Arab Emirates",2021,"Export",6,76.218,47867.1,8,"Kg",47867
"S3","RWA","075","Rwanda","ARE","United Arab Emirates",2021,"Gross Exp.",2,76.218,47867.1,8,"Kg",47867
"S3","RWA","075","Rwanda","ARE","United Arab Emirates",2021,"Gross Imp.",1,24.638,16321,8,"Kg",16321
"S3","RWA","075","Rwanda","ARE","United Arab Emirates",2021,"Import",5,24.638,16321,8,"Kg",16321
"S3","RWA","075","Rwanda","ARE","United Arab Emirates",2022,"Export",6,6.183,1766.72,8,"Kg",1767
"S3","RWA","075","Rwanda","ARE","United Arab Emirates",2022,"Gross Exp.",2,6.183,1766.72,8,"Kg",1767
"S3","RWA","075","Rwanda","ARE","United Arab Emirates",2022,"Gross Imp.",1,27.893,24476.193,8,"Kg",24476
"S3","RWA","075","Rwanda","ARE","United Arab Emirates",2022,"Import",5,27.893,24476.193,8,"Kg",24476
"S3","RWA","075","Rwanda","ARG","Argentina",2022,"Gross Imp.",1,0.455,240,8,"Kg",240
"S3","RWA","075","Rwanda","ARG","Argentina",2022,"Import",5,0.455,240,8,"Kg",240
"S3","RWA","075","Rwanda","AUS","Australia",2021,"Export",6,1.166,720,8,"Kg",720
"S3","RWA","075","Rwanda","AUS","Australia",2021,"Gross Exp.",2,1.166,720,8,"Kg",720
"S3","RWA","075","Rwanda","BDI","Burundi",2022,"Gross Imp.",1,0.595,253,8,"Kg",253
"S3","RWA","075","Rwanda","BDI","Burundi",2022,"Import",5,0.595,253,8,"Kg",253
"S3","RWA","075","Rwanda","BEL","Belgium",2020,"Export",6,205.801,78687.5,8,"Kg",78688
"S3","RWA","075","Rwanda","BEL","Belgium",2020,"Gross Exp.",2,205.801,78687.5,8,"Kg",78688
"S3","RWA","075","Rwanda","BEL","Belgium",2020,"Gross Imp.",1,42.583,17690.38,8,"Kg",17690
"S3","RWA","075","Rwanda","BEL","Belgium",2020,"Import",5,42.583,17690.38,8,"Kg",17690
"S3","RWA","075","Rwanda","BEL","Belgium",2021,"Export",6,136.655,74625.2,8,"Kg",74625
"S3","RWA","075","Rwanda","BEL","Belgium",2021,"Gross Exp.",2,136.655,74625.2,8,"Kg",74625
"S3","RWA","075","Rwanda","BEL","Belgium",2021,"Gross Imp.",1,45.879,8135.16,8,"Kg",8135
"S3","RWA","075","Rwanda","BEL","Belgium",2021,"Import",5,45.879,8135.16,8,"Kg",8135
"S3","RWA","075","Rwanda","BEL","Belgium",2022,"Export",6,15.983,3396.9,8,"Kg",3397
"S3","RWA","075","Rwanda","BEL","Belgium",2022,"Gross Exp.",2,15.983,3396.9,8,"Kg",3397
"S3","RWA","075","Rwanda","BEL","Belgium",2022,"Gross Imp.",1,74.034,27385.71,8,"Kg",27386
"S3","RWA","075","Rwanda","BEL","Belgium",2022,"Import",5,74.034,27385.71,8,"Kg",27386
"S3","RWA","075","Rwanda","BEN","Benin",2020,"Export",6,0.014,3,8,"Kg",3
"S3","RWA","075","Rwanda","BEN","Benin",2020,"Gross Exp.",2,0.014,3,8,"Kg",3
"S3","RWA","075","Rwanda","BEN","Benin",2021,"Export",6,0.051,243.25,8,"Kg",243
"S3","RWA","075","Rwanda","BEN","Benin",2021,"Gross Exp.",2,0.051,243.25,8,"Kg",243
"S3","RWA","075","Rwanda","BGD","Bangladesh",2020,"Gross Imp.",1,0.143,79.26,8,"Kg",79
"S3","RWA","075","Rwanda","BGD","Bangladesh",2020,"Import",5,0.143,79.26,8,"Kg",79
"S3","RWA","075","Rwanda","BGR","Bulgaria",2020,"Gross Imp.",1,0.048,79.26,8,"Kg",79
"S3","RWA","075","Rwanda","BGR","Bulgaria",2020,"Import",5,0.048,79.26,8,"Kg",79
"S3","RWA","075","Rwanda","BRA","Brazil",2021,"Gross Imp.",1,0.7,90,8,"Kg",90
"S3","RWA","075","Rwanda","BRA","Brazil",2021,"Import",5,0.7,90,8,"Kg",90
"S3","RWA","075","Rwanda","BRA","Brazil",2022,"Gross Imp.",1,0.583,79.24,8,"Kg",79
"S3","RWA","075","Rwanda","BRA","Brazil",2022,"Import",5,0.583,79.24,8,"Kg",79
"S3","RWA","075","Rwanda","CAF","Central African Republic",2021,"Export",6,0.005,3,8,"Kg",3
"S3","RWA","075","Rwanda","CAF","Central African Republic",2021,"Gross Exp.",2,0.005,3,8,"Kg",3
"S3","RWA","075","Rwanda","CAN","Canada",2020,"Export",6,32.298,1700,8,"Kg",1700
"S3","RWA","075","Rwanda","CAN","Canada",2020,"Gross Exp.",2,32.298,1700,8,"Kg",1700
"S3","RWA","075","Rwanda","CAN","Canada",2020,"Gross Imp.",1,0.112,6,8,"Kg",6
"S3","RWA","075","Rwanda","CAN","Canada",2020,"Import",5,0.112,6,8,"Kg",6
"S3","RWA","075","Rwanda","CAN","Canada",2021,"Export",6,32.591,2300,8,"Kg",2300
"S3","RWA","075","Rwanda","CAN","Canada",2021,"Gross Exp.",2,32.591,2300,8,"Kg",2300
"S3","RWA","075","Rwanda","CAN","Canada",2022,"Gross Imp.",1,0.003,16,8,"Kg",16
"S3","RWA","075","Rwanda","CAN","Canada",2022,"Import",5,0.003,16,8,"Kg",16
"S3","RWA","075","Rwanda","CHE","Switzerland",2020,"Export",6,0.803,215,8,"Kg",215
"S3","RWA","075","Rwanda","CHE","Switzerland",2020,"Gross Exp.",2,0.803,215,8,"Kg",215
"S3","RWA","075","Rwanda","CHE","Switzerland",2020,"Gross Imp.",1,0.153,150,8,"Kg",150
"S3","RWA","075","Rwanda","CHE","Switzerland",2020,"Import",5,0.153,150,8,"Kg",150
"S3","RWA","075","Rwanda","CHE","Switzerland",2021,"Gross Imp.",1,1.696,96,8,"Kg",96
"S3","RWA","075","Rwanda","CHE","Switzerland",2021,"Import",5,1.696,96,8,"Kg",96
"S3","RWA","075","Rwanda","CHN","China",2020,"Export",6,23.461,5730,8,"Kg",5730
"S3","RWA","075","Rwanda","CHN","China",2020,"Gross Exp.",2,23.461,5730,8,"Kg",5730
"S3","RWA","075","Rwanda","CHN","China",2020,"Gross Imp.",1,29.394,21990,8,"Kg",21990
"S3","RWA","075","Rwanda","CHN","China",2020,"Import",5,29.394,21990,8,"Kg",21990
"S3","RWA","075","Rwanda","CHN","China",2021,"Export",6,175.015,75650,8,"Kg",75650
"S3","RWA","075","Rwanda","CHN","China",2021,"Gross Exp.",2,175.015,75650,8,"Kg",75650
"S3","RWA","075","Rwanda","CHN","China",2021,"Gross Imp.",1,4.363,11093.5,8,"Kg",11094
"S3","RWA","075","Rwanda","CHN","China",2021,"Import",5,4.363,11093.5,8,"Kg",11094
"S3","RWA","075","Rwanda","CHN","China",2022,"Export",6,386.699,180080,8,"Kg",180080
"S3","RWA","075","Rwanda","CHN","China",2022,"Gross Exp.",2,386.699,180080,8,"Kg",180080
"S3","RWA","075","Rwanda","CHN","China",2022,"Gross Imp.",1,27.131,22517.277,8,"Kg",22517
"S3","RWA","075","Rwanda","CHN","China",2022,"Import",5,27.131,22517.277,8,"Kg",22517
"S3","RWA","075","Rwanda","COG","Congo, Rep.",2022,"Gross Imp.",1,18.072,14806.6,8,"Kg",14807
"S3","RWA","075","Rwanda","COG","Congo, Rep.",2022,"Import",5,18.072,14806.6,8,"Kg",14807
"S3","RWA","075","Rwanda","DEU","Germany",2020,"Export",6,315.437,86867.2,8,"Kg",86867
"S3","RWA","075","Rwanda","DEU","Germany",2020,"Gross Exp.",2,315.437,86867.2,8,"Kg",86867
"S3","RWA","075","Rwanda","DEU","Germany",2020,"Gross Imp.",1,25.844,1336.52,8,"Kg",1337
"S3","RWA","075","Rwanda","DEU","Germany",2020,"Import",5,25.844,1336.52,8,"Kg",1337
"S3","RWA","075","Rwanda","DEU","Germany",2021,"Export",6,1298.245,390901.2,8,"Kg",390901
"S3","RWA","075","Rwanda","DEU","Germany",2021,"Gross Exp.",2,1298.245,390901.2,8,"Kg",390901
"S3","RWA","075","Rwanda","DEU","Germany",2021,"Gross Imp.",1,37.495,2227.42,8,"Kg",2227
"S3","RWA","075","Rwanda","DEU","Germany",2021,"Import",5,37.495,2227.42,8,"Kg",2227
"S3","RWA","075","Rwanda","DEU","Germany",2022,"Export",6,1509.514,453456.3,8,"Kg",453456
"S3","RWA","075","Rwanda","DEU","Germany",2022,"Gross Exp.",2,1509.514,453456.3,8,"Kg",453456
"S3","RWA","075","Rwanda","DEU","Germany",2022,"Gross Imp.",1,43.466,3462.05,8,"Kg",3462
"S3","RWA","075","Rwanda","DEU","Germany",2022,"Import",5,43.466,3462.05,8,"Kg",3462
"S3","RWA","075","Rwanda","DNK","Denmark",2020,"Gross Imp.",1,2.071,219,8,"Kg",219
"S3","RWA","075","Rwanda","DNK","Denmark",2020,"Import",5,2.071,219,8,"Kg",219
"S3","RWA","075","Rwanda","DNK","Denmark",2021,"Gross Imp.",1,5.136,261,8,"Kg",261
"S3","RWA","075","Rwanda","DNK","Denmark",2021,"Import",5,5.136,261,8,"Kg",261
"S3","RWA","075","Rwanda","EGY","Egypt, Arab Rep.",2020,"Gross Imp.",1,0.1,50.5,8,"Kg",51
"S3","RWA","075","Rwanda","EGY","Egypt, Arab Rep.",2020,"Import",5,0.1,50.5,8,"Kg",51
"S3","RWA","075","Rwanda","EGY","Egypt, Arab Rep.",2021,"Gross Imp.",1,0.172,38.58,8,"Kg",39
"S3","RWA","075","Rwanda","EGY","Egypt, Arab Rep.",2021,"Import",5,0.172,38.58,8,"Kg",39
"S3","RWA","075","Rwanda","EGY","Egypt, Arab Rep.",2022,"Gross Imp.",1,0.199,45.04,8,"Kg",45
"S3","RWA","075","Rwanda","EGY","Egypt, Arab Rep.",2022,"Import",5,0.199,45.04,8,"Kg",45
"S3","RWA","075","Rwanda","ESP","Spain",2021,"Gross Imp.",1,1.127,150.6,8,"Kg",151
"S3","RWA","075","Rwanda","ESP","Spain",2021,"Import",5,1.127,150.6,8,"Kg",151
"S3","RWA","075","Rwanda","ESP","Spain",2022,"Gross Imp.",1,1.081,462.76,8,"Kg",463
"S3","RWA","075","Rwanda","ESP","Spain",2022,"Import",5,1.081,462.76,8,"Kg",463
"S3","RWA","075","Rwanda","EST","Estonia",2022,"Gross Imp.",1,0.025,1.54,8,"Kg",2
"S3","RWA","075","Rwanda","EST","Estonia",2022,"Import",5,0.025,1.54,8,"Kg",2
"S3","RWA","075","Rwanda","ETH","Ethiopia(excludes Eritrea)",2020,"Gross Imp.",1,1.984,265,8,"Kg",265
"S3","RWA","075","Rwanda","ETH","Ethiopia(excludes Eritrea)",2020,"Import",5,1.984,265,8,"Kg",265
"S3","RWA","075","Rwanda","ETH","Ethiopia(excludes Eritrea)",2021,"Gross Imp.",1,0.597,195,8,"Kg",195
"S3","RWA","075","Rwanda","ETH","Ethiopia(excludes Eritrea)",2021,"Import",5,0.597,195,8,"Kg",195
"S3","RWA","075","Rwanda","ETH","Ethiopia(excludes Eritrea)",2022,"Gross Imp.",1,0.056,1,8,"Kg",1
"S3","RWA","075","Rwanda","ETH","Ethiopia(excludes Eritrea)",2022,"Import",5,0.056,1,8,"Kg",1
"S3","RWA","075","Rwanda","FIN","Finland",2021,"Gross Imp.",1,0.155,10,8,"Kg",10
"S3","RWA","075","Rwanda","FIN","Finland",2021,"Import",5,0.155,10,8,"Kg",10
"S3","RWA","075","Rwanda","FRA","France",2020,"Export",6,4.444,1149.5,8,"Kg",1150
"S3","RWA","075","Rwanda","FRA","France",2020,"Gross Exp.",2,4.444,1149.5,8,"Kg",1150
"S3","RWA","075","Rwanda","FRA","France",2020,"Gross Imp.",1,0.098,21,8,"Kg",21
"S3","RWA","075","Rwanda","FRA","France",2020,"Import",5,0.098,21,8,"Kg",21
"S3","RWA","075","Rwanda","FRA","France",2021,"Export",6,291.969,85828,8,"Kg",85828
"S3","RWA","075","Rwanda","FRA","France",2021,"Gross Exp.",2,291.969,85828,8,"Kg",85828
"S3","RWA","075","Rwanda","FRA","France",2021,"Gross Imp.",1,0.115,25.28,8,"Kg",25
"S3","RWA","075","Rwanda","FRA","France",2021,"Import",5,0.115,25.28,8,"Kg",25
"S3","RWA","075","Rwanda","FRA","France",2022,"Export",6,460.523,122720,8,"Kg",122720
"S3","RWA","075","Rwanda","FRA","France",2022,"Gross Exp.",2,460.523,122720,8,"Kg",122720
"S3","RWA","075","Rwanda","FRA","France",2022,"Gross Imp.",1,9.661,5813.87,8,"Kg",5814
"S3","RWA","075","Rwanda","FRA","France",2022,"Import",5,9.661,5813.87,8,"Kg",5814
"S3","RWA","075","Rwanda","GBR","United Kingdom",2020,"Export",6,2141.395,588379.8,8,"Kg",588380
"S3","RWA","075","Rwanda","GBR","United Kingdom",2020,"Gross Exp.",2,2141.395,588379.8,8,"Kg",588380
"S3","RWA","075","Rwanda","GBR","United Kingdom",2021,"Export",6,1500.921,491922,8,"Kg",491922
"S3","RWA","075","Rwanda","GBR","United Kingdom",2021,"Gross Exp.",2,1500.921,491922,8,"Kg",491922
"S3","RWA","075","Rwanda","GBR","United Kingdom",2021,"Gross Imp.",1,0.253,20,8,"Kg",20
"S3","RWA","075","Rwanda","GBR","United Kingdom",2021,"Import",5,0.253,20,8,"Kg",20
"S3","RWA","075","Rwanda","GBR","United Kingdom",2022,"Export",6,2243.858,614604.2,8,"Kg",614604
"S3","RWA","075","Rwanda","GBR","United Kingdom",2022,"Gross Exp.",2,2243.858,614604.2,8,"Kg",614604
"S3","RWA","075","Rwanda","GBR","United Kingdom",2022,"Gross Imp.",1,0.249,35,8,"Kg",35
"S3","RWA","075","Rwanda","GBR","United Kingdom",2022,"Import",5,0.249,35,8,"Kg",35
"S3","RWA","075","Rwanda","GEO","Georgia",2021,"Export",6,2.323,400,8,"Kg",400
"S3","RWA","075","Rwanda","GEO","Georgia",2021,"Gross Exp.",2,2.323,400,8,"Kg",400
"S3","RWA","075","Rwanda","GHA","Ghana",2021,"Export",6,0.481,46,8,"Kg",46
"S3","RWA","075","Rwanda","GHA","Ghana",2021,"Gross Exp.",2,0.481,46,8,"Kg",46
"S3","RWA","075","Rwanda","HKG","Hong Kong, China",2020,"Gross Imp.",1,0.066,75.5,8,"Kg",76
"S3","RWA","075","Rwanda","HKG","Hong Kong, China",2020,"Import",5,0.066,75.5,8,"Kg",76
"S3","RWA","075","Rwanda","HKG","Hong Kong, China",2021,"Gross Imp.",1,0.094,30.98,8,"Kg",31
"S3","RWA","075","Rwanda","HKG","Hong Kong, China",2021,"Import",5,0.094,30.98,8,"Kg",31
"S3","RWA","075","Rwanda","HKG","Hong Kong, China",2022,"Gross Imp.",1,0.021,10,8,"Kg",10
"S3","RWA","075","Rwanda","HKG","Hong Kong, China",2022,"Import",5,0.021,10,8,"Kg",10
"S3","RWA","075","Rwanda","HUN","Hungary",2021,"Gross Imp.",1,0.178,37.8,8,"Kg",38
"S3","RWA","075","Rwanda","HUN","Hungary",2021,"Import",5,0.178,37.8,8,"Kg",38
"S3","RWA","075","Rwanda","HUN","Hungary",2022,"Gross Imp.",1,0.603,131.04,8,"Kg",131
"S3","RWA","075","Rwanda","HUN","Hungary",2022,"Import",5,0.603,131.04,8,"Kg",131
"S3","RWA","075","Rwanda","IDN","Indonesia",2021,"Gross Imp.",1,0.813,103.2,8,"Kg",103
"S3","RWA","075","Rwanda","IDN","Indonesia",2021,"Import",5,0.813,103.2,8,"Kg",103
"S3","RWA","075","Rwanda","IDN","Indonesia",2022,"Gross Imp.",1,2.287,380.6,8,"Kg",381
"S3","RWA","075","Rwanda","IDN","Indonesia",2022,"Import",5,2.287,380.6,8,"Kg",381
"S3","RWA","075","Rwanda","IND","India",2020,"Export",6,43.873,30930,8,"Kg",30930
"S3","RWA","075","Rwanda","IND","India",2020,"Gross Exp.",2,43.873,30930,8,"Kg",30930
"S3","RWA","075","Rwanda","IND","India",2020,"Gross Imp.",1,276.476,127849.55,8,"Kg",127850
"S3","RWA","075","Rwanda","IND","India",2020,"Import",5,276.476,127849.55,8,"Kg",127850
"S3","RWA","075","Rwanda","IND","India",2021,"Export",6,70.573,51814.57,8,"Kg",51815
"S3","RWA","075","Rwanda","IND","India",2021,"Gross Exp.",2,70.573,51814.57,8,"Kg",51815
"S3","RWA","075","Rwanda","IND","India",2021,"Gross Imp.",1,97.57,86081.75,8,"Kg",86082
"S3","RWA","075","Rwanda","IND","India",2021,"Import",5,97.57,86081.75,8,"Kg",86082
"S3","RWA","075","Rwanda","IND","India",2022,"Export",6,119.65,61675.1,8,"Kg",61675
"S3","RWA","075","Rwanda","IND","India",2022,"Gross Exp.",2,119.65,61675.1,8,"Kg",61675
"S3","RWA","075","Rwanda","IND","India",2022,"Gross Imp.",1,310.002,258022.464,8,"Kg",258022
"S3","RWA","075","Rwanda","IND","India",2022,"Import",5,310.002,258022.464,8,"Kg",258022
"S3","RWA","075","Rwanda","ITA","Italy",2020,"Gross Imp.",1,1.248,76,8,"Kg",76
"S3","RWA","075","Rwanda","ITA","Italy",2020,"Import",5,1.248,76,8,"Kg",76
"S3","RWA","075","Rwanda","ITA","Italy",2021,"Export",6,27.107,7360,8,"Kg",7360
"S3","RWA","075","Rwanda","ITA","Italy",2021,"Gross Exp.",2,27.107,7360,8,"Kg",7360
"S3","RWA","075","Rwanda","ITA","Italy",2021,"Gross Imp.",1,3.033,184,8,"Kg",184
"S3","RWA","075","Rwanda","ITA","Italy",2021,"Import",5,3.033,184,8,"Kg",184
"S3","RWA","075","Rwanda","ITA","Italy",2022,"Export",6,370.46,92688,8,"Kg",92688
"S3","RWA","075","Rwanda","ITA","Italy",2022,"Gross Exp.",2,370.46,92688,8,"Kg",92688
"S3","RWA","075","Rwanda","ITA","Italy",2022,"Gross Imp.",1,0.077,138.6,8,"Kg",139
"S3","RWA","075","Rwanda","ITA","Italy",2022,"Import",5,0.077,138.6,8,"Kg",139
"S3","RWA","075","Rwanda","JPN","Japan",2021,"Gross Imp.",1,0.064,8,8,"Kg",8
"S3","RWA","075","Rwanda","JPN","Japan",2021,"Import",5,0.064,8,8,"Kg",8
"S3","RWA","075","Rwanda","KEN","Kenya",2020,"Export",6,0.002,3,8,"Kg",3
"S3","RWA","075","Rwanda","KEN","Kenya",2020,"Gross Exp.",2,0.002,3,8,"Kg",3
"S3","RWA","075","Rwanda","KEN","Kenya",2020,"Gross Imp.",1,543.816,106502.1,8,"Kg",106502
"S3","RWA","075","Rwanda","KEN","Kenya",2020,"Import",5,543.816,106502.1,8,"Kg",106502
"S3","RWA","075","Rwanda","KEN","Kenya",2021,"Gross Imp.",1,1016.746,181474.1,8,"Kg",181474
"S3","RWA","075","Rwanda","KEN","Kenya",2021,"Import",5,1016.746,181474.1,8,"Kg",181474
"S3","RWA","075","Rwanda","KEN","Kenya",2022,"Gross Imp.",1,1457.827,261772.683,8,"Kg",261773
"S3","RWA","075","Rwanda","KEN","Kenya",2022,"Import",5,1457.827,261772.683,8,"Kg",261773
"S3","RWA","075","Rwanda","KOR","Korea, Rep.",2020,"Gross Imp.",1,0.213,15,8,"Kg",15
"S3","RWA","075","Rwanda","KOR","Korea, Rep.",2020,"Import",5,0.213,15,8,"Kg",15
"S3","RWA","075","Rwanda","KOR","Korea, Rep.",2022,"Gross Imp.",1,1.118,226,8,"Kg",226
"S3","RWA","075","Rwanda","KOR","Korea, Rep.",2022,"Import",5,1.118,226,8,"Kg",226
"S3","RWA","075","Rwanda","LBN","Lebanon",2021,"Gross Imp.",1,0.741,115,8,"Kg",115
"S3","RWA","075","Rwanda","LBN","Lebanon",2021,"Import",5,0.741,115,8,"Kg",115
"S3","RWA","075","Rwanda","LBN","Lebanon",2022,"Gross Imp.",1,0.064,4,8,"Kg",4
"S3","RWA","075","Rwanda","LBN","Lebanon",2022,"Import",5,0.064,4,8,"Kg",4
"S3","RWA","075","Rwanda","MAR","Morocco",2022,"Gross Imp.",1,0.143,69.15,8,"Kg",69
"S3","RWA","075","Rwanda","MAR","Morocco",2022,"Import",5,0.143,69.15,8,"Kg",69
"S3","RWA","075","Rwanda","MDG","Madagascar",2022,"Gross Imp.",1,2.902,179.04,8,"Kg",179
"S3","RWA","075","Rwanda","MDG","Madagascar",2022,"Import",5,2.902,179.04,8,"Kg",179
"S3","RWA","075","Rwanda","MKD","North Macedonia",2022,"Gross Imp.",1,0.238,36,8,"Kg",36
"S3","RWA","075","Rwanda","MKD","North Macedonia",2022,"Import",5,0.238,36,8,"Kg",36
"S3","RWA","075","Rwanda","NAM","Namibia",2022,"Gross Imp.",1,0.334,204,8,"Kg",204
"S3","RWA","075","Rwanda","NAM","Namibia",2022,"Import",5,0.334,204,8,"Kg",204
"S3","RWA","075","Rwanda","NGA","Nigeria",2022,"Gross Imp.",1,0.88,63,8,"Kg",63
"S3","RWA","075","Rwanda","NGA","Nigeria",2022,"Import",5,0.88,63,8,"Kg",63
"S3","RWA","075","Rwanda","NLD","Netherlands",2020,"Export",6,249.567,72819.52,8,"Kg",72820
"S3","RWA","075","Rwanda","NLD","Netherlands",2020,"Gross Exp.",2,249.567,72819.52,8,"Kg",72820
"S3","RWA","075","Rwanda","NLD","Netherlands",2020,"Gross Imp.",1,1.669,340,8,"Kg",340
"S3","RWA","075","Rwanda","NLD","Netherlands",2020,"Import",5,1.669,340,8,"Kg",340
"S3","RWA","075","Rwanda","NLD","Netherlands",2021,"Export",6,162.637,37156.8,8,"Kg",37157
"S3","RWA","075","Rwanda","NLD","Netherlands",2021,"Gross Exp.",2,162.637,37156.8,8,"Kg",37157
"S3","RWA","075","Rwanda","NLD","Netherlands",2021,"Gross Imp.",1,18.895,2117.4,8,"Kg",2117
"S3","RWA","075","Rwanda","NLD","Netherlands",2021,"Import",5,18.895,2117.4,8,"Kg",2117
"S3","RWA","075","Rwanda","NLD","Netherlands",2022,"Export",6,54.712,15265.6,8,"Kg",15266
"S3","RWA","075","Rwanda","NLD","Netherlands",2022,"Gross Exp.",2,54.712,15265.6,8,"Kg",15266
"S3","RWA","075","Rwanda","NLD","Netherlands",2022,"Gross Imp.",1,1.199,268,8,"Kg",268
"S3","RWA","075","Rwanda","NLD","Netherlands",2022,"Import",5,1.199,268,8,"Kg",268
"S3","RWA","075","Rwanda","PAK","Pakistan",2020,"Gross Imp.",1,2.213,497,8,"Kg",497
"S3","RWA","075","Rwanda","PAK","Pakistan",2020,"Import",5,2.213,497,8,"Kg",497
"S3","RWA","075","Rwanda","PAK","Pakistan",2021,"Gross Imp.",1,3.953,872.1,8,"Kg",872
"S3","RWA","075","Rwanda","PAK","Pakistan",2021,"Import",5,3.953,872.1,8,"Kg",872
"S3","RWA","075","Rwanda","PAK","Pakistan",2022,"Gross Imp.",1,3.842,1329,8,"Kg",1329
"S3","RWA","075","Rwanda","PAK","Pakistan",2022,"Import",5,3.842,1329,8,"Kg",1329
"S3","RWA","075","Rwanda","POL","Poland",2021,"Gross Imp.",1,0.132,31,8,"Kg",31
"S3","RWA","075","Rwanda","POL","Poland",2021,"Import",5,0.132,31,8,"Kg",31
"S3","RWA","075","Rwanda","POL","Poland",2022,"Gross Imp.",1,1.525,178.08,8,"Kg",178
"S3","RWA","075","Rwanda","POL","Poland",2022,"Import",5,1.525,178.08,8,"Kg",178
"S3","RWA","075","Rwanda","QAT","Qatar",2020,"Export",6,1.117,320,8,"Kg",320
"S3","RWA","075","Rwanda","QAT","Qatar",2020,"Gross Exp.",2,1.117,320,8,"Kg",320
"S3","RWA","075","Rwanda","QAT","Qatar",2021,"Export",6,1.716,473,8,"Kg",473
"S3","RWA","075","Rwanda","QAT","Qatar",2021,"Gross Exp.",2,1.716,473,8,"Kg",473
"S3","RWA","075","Rwanda","QAT","Qatar",2021,"Gross Imp.",1,0.01,5,8,"Kg",5
"S3","RWA","075","Rwanda","QAT","Qatar",2021,"Import",5,0.01,5,8,"Kg",5
"S3","RWA","075","Rwanda","QAT","Qatar",2022,"Export",6,0.284,71,8,"Kg",71
"S3","RWA","075","Rwanda","QAT","Qatar",2022,"Gross Exp.",2,0.284,71,8,"Kg",71
"S3","RWA","075","Rwanda","SAU","Saudi Arabia",2022,"Gross Imp.",1,0.414,390.8,8,"Kg",391
"S3","RWA","075","Rwanda","SAU","Saudi Arabia",2022,"Import",5,0.414,390.8,8,"Kg",391
"S3","RWA","075","Rwanda","SGP","Singapore",2022,"Gross Imp.",1,26.055,58,8,"Kg",58
"S3","RWA","075","Rwanda","SGP","Singapore",2022,"Import",5,26.055,58,8,"Kg",58
"S3","RWA","075","Rwanda","SWE","Sweden",2020,"Export",6,10.792,2672,8,"Kg",2672
"S3","RWA","075","Rwanda","SWE","Sweden",2020,"Gross Exp.",2,10.792,2672,8,"Kg",2672
"S3","RWA","075","Rwanda","SWZ","Eswatini",2020,"Export",6,10.749,1772,8,"Kg",1772
"S3","RWA","075","Rwanda","SWZ","Eswatini",2020,"Gross Exp.",2,10.749,1772,8,"Kg",1772
"S3","RWA","075","Rwanda","SWZ","Eswatini",2021,"Gross Imp.",1,0.072,2,8,"Kg",2
"S3","RWA","075","Rwanda","SWZ","Eswatini",2021,"Import",5,0.072,2,8,"Kg",2
"S3","RWA","075","Rwanda","THA","Thailand",2021,"Gross Imp.",1,0.034,20,8,"Kg",20
"S3","RWA","075","Rwanda","THA","Thailand",2021,"Import",5,0.034,20,8,"Kg",20
"S3","RWA","075","Rwanda","THA","Thailand",2022,"Gross Imp.",1,0.237,30,8,"Kg",30
"S3","RWA","075","Rwanda","THA","Thailand",2022,"Import",5,0.237,30,8,"Kg",30
"S3","RWA","075","Rwanda","TUR","Turkey",2020,"Gross Imp.",1,1.152,348.96,8,"Kg",349
"S3","RWA","075","Rwanda","TUR","Turkey",2020,"Import",5,1.152,348.96,8,"Kg",349
"S3","RWA","075","Rwanda","TUR","Turkey",2021,"Gross Imp.",1,3.067,357.2,8,"Kg",357
"S3","RWA","075","Rwanda","TUR","Turkey",2021,"Import",5,3.067,357.2,8,"Kg",357
"S3","RWA","075","Rwanda","TUR","Turkey",2022,"Gross Imp.",1,9.812,8173.96,8,"Kg",8174
"S3","RWA","075","Rwanda","TUR","Turkey",2022,"Import",5,9.812,8173.96,8,"Kg",8174
"S3","RWA","075","Rwanda","TZA","Tanzania",2020,"Gross Imp.",1,2267.965,4192483,8,"Kg",4192483
"S3","RWA","075","Rwanda","TZA","Tanzania",2020,"Import",5,2267.965,4192483,8,"Kg",4192483
"S3","RWA","075","Rwanda","TZA","Tanzania",2021,"Gross Imp.",1,3980.694,7181369,8,"Kg",7181369
"S3","RWA","075","Rwanda","TZA","Tanzania",2021,"Import",5,3980.694,7181369,8,"Kg",7181369
"S3","RWA","075","Rwanda","TZA","Tanzania",2022,"Export",6,0.218,72,8,"Kg",72
"S3","RWA","075","Rwanda","TZA","Tanzania",2022,"Gross Exp.",2,0.218,72,8,"Kg",72
"S3","RWA","075","Rwanda","TZA","Tanzania",2022,"Gross Imp.",1,3007.476,5816296,8,"Kg",5816296
"S3","RWA","075","Rwanda","TZA","Tanzania",2022,"Import",5,3007.476,5816296,8,"Kg",5816296
"S3","RWA","075","Rwanda","UGA","Uganda",2020,"Export",6,0.027,20,8,"Kg",20
"S3","RWA","075","Rwanda","UGA","Uganda",2020,"Gross Exp.",2,0.027,20,8,"Kg",20
"S3","RWA","075","Rwanda","UGA","Uganda",2021,"Export",6,0.647,3200,8,"Kg",3200
"S3","RWA","075","Rwanda","UGA","Uganda",2021,"Gross Exp.",2,0.647,3200,8,"Kg",3200
"S3","RWA","075","Rwanda","UGA","Uganda",2022,"Export",6,1.209,8310,8,"Kg",8310
"S3","RWA","075","Rwanda","UGA","Uganda",2022,"Gross Exp.",2,1.209,8310,8,"Kg",8310
"S3","RWA","075","Rwanda","UGA","Uganda",2022,"Gross Imp.",1,816.906,1347942,8,"Kg",1347942
"S3","RWA","075","Rwanda","UGA","Uganda",2022,"Import",5,816.906,1347942,8,"Kg",1347942
"S3","RWA","075","Rwanda","USA","United States",2020,"Export",6,31.746,13498.4,8,"Kg",13498
"S3","RWA","075","Rwanda","USA","United States",2020,"Gross Exp.",2,31.746,13498.4,8,"Kg",13498
"S3","RWA","075","Rwanda","USA","United States",2020,"Gross Imp.",1,0.005,0.6,8,"Kg",1
"S3","RWA","075","Rwanda","USA","United States",2020,"Import",5,0.005,0.6,8,"Kg",1
"S3","RWA","075","Rwanda","USA","United States",2021,"Export",6,146.785,21295,8,"Kg",21295
"S3","RWA","075","Rwanda","USA","United States",2021,"Gross Exp.",2,146.785,21295,8,"Kg",21295
"S3","RWA","075","Rwanda","USA","United States",2021,"Gross Imp.",1,0.263,32,8,"Kg",32
"S3","RWA","075","Rwanda","USA","United States",2021,"Import",5,0.263,32,8,"Kg",32
"S3","RWA","075","Rwanda","USA","United States",2022,"Export",6,11.96,753,8,"Kg",753
"S3","RWA","075","Rwanda","USA","United States",2022,"Gross Exp.",2,11.96,753,8,"Kg",753
"S3","RWA","075","Rwanda","USA","United States",2022,"Gross Imp.",1,0.074,8,8,"Kg",8
"S3","RWA","075","Rwanda","USA","United States",2022,"Import",5,0.074,8,8,"Kg",8
"S3","RWA","075","Rwanda","VEN","Venezuela",2022,"Gross Imp.",1,0.058,5.76,8,"Kg",6
"S3","RWA","075","Rwanda","VEN","Venezuela",2022,"Import",5,0.058,5.76,8,"Kg",6
"S3","RWA","075","Rwanda","VNM","Vietnam",2020,"Gross Imp.",1,0.372,34.63,8,"Kg",35
"S3","RWA","075","Rwanda","VNM","Vietnam",2020,"Import",5,0.372,34.63,8,"Kg",35
"S3","RWA","075","Rwanda","VNM","Vietnam",2021,"Gross Imp.",1,0.393,50,8,"Kg",50
"S3","RWA","075","Rwanda","VNM","Vietnam",2021,"Import",5,0.393,50,8,"Kg",50
"S3","RWA","075","Rwanda","VNM","Vietnam",2022,"Gross Imp.",1,0.431,30,8,"Kg",30
"S3","RWA","075","Rwanda","VNM","Vietnam",2022,"Import",5,0.431,30,8,"Kg",30
"S3","RWA","075","Rwanda","WLD"," World",2020,"Export",6,3159.36,907192.92,8,"Kg",907193
"S3","RWA","075","Rwanda","WLD"," World",2020,"Gross Exp.",2,3162.424,908542.92,8,"Kg",908543
"S3","RWA","075","Rwanda","WLD"," World",2020,"Gross Imp.",1,3227.153,4482927.263,8,"Kg",4482927
"S3","RWA","075","Rwanda","WLD"," World",2020,"Import",5,3227.153,4482927.263,8,"Kg",4482927
"S3","RWA","075","Rwanda","WLD"," World",2020,"Re-Export",3,3.064,1350,8,"Kg",1350
"S3","RWA","075","Rwanda","WLD"," World",2021,"Export",6,3933.679,1304805.12,8,"Kg",1304805
"S3","RWA","075","Rwanda","WLD"," World",2021,"Gross Exp.",2,3938.367,1306383.12,8,"Kg",1306383
"S3","RWA","075","Rwanda","WLD"," World",2021,"Gross Imp.",1,5257.806,7496653.07,8,"Kg",7496653
"S3","RWA","075","Rwanda","WLD"," World",2021,"Import",5,5257.806,7496653.07,8,"Kg",7496653
"S3","RWA","075","Rwanda","WLD"," World",2021,"Re-Export",3,4.688,1578,8,"Kg",1578
"S3","RWA","075","Rwanda","WLD"," World",2022,"Export",6,5181.379,1554958.82,8,"Kg",1554959
"S3","RWA","075","Rwanda","WLD"," World",2022,"Gross Exp.",2,5205.846,1571109.1,8,"Kg",1571109
"S3","RWA","075","Rwanda","WLD"," World",2022,"Gross Imp.",1,5952.971,7844017.618,8,"Kg",7844018
"S3","RWA","075","Rwanda","WLD"," World",2022,"Import",5,5952.971,7844017.618,8,"Kg",7844018
"S3","RWA","075","Rwanda","WLD"," World",2022,"Re-Export",3,24.467,16150.28,8,"Kg",16150
"S3","RWA","075","Rwanda","ZAF","South Africa",2020,"Gross Imp.",1,11.892,885,8,"Kg",885
"S3","RWA","075","Rwanda","ZAF","South Africa",2020,"Import",5,11.892,885,8,"Kg",885
"S3","RWA","075","Rwanda","ZAF","South Africa",2021,"Export",6,8.07,8000,8,"Kg",8000
"S3","RWA","075","Rwanda","ZAF","South Africa",2021,"Gross Exp.",2,8.07,8000,8,"Kg",8000
"S3","RWA","075","Rwanda","ZAF","South Africa",2021,"Gross Imp.",1,4.085,746,8,"Kg",746
"S3","RWA","075","Rwanda","ZAF","South Africa",2021,"Import",5,4.085,746,8,"Kg",746
"S3","RWA","075","Rwanda","ZAF","South Africa",2022,"Gross Imp.",1,47.474,17314,8,"Kg",17314
"S3","RWA","075","Rwanda","ZAF","South Africa",2022,"Import",5,47.474,17314,8,"Kg",17314
"S3","RWA","075","Rwanda","ZAR","Congo, Dem. Rep.",2020,"Export",6,0.095,509,8,"Kg",509
"S3","RWA","075","Rwanda","ZAR","Congo, Dem. Rep.",2020,"Gross Exp.",2,3.159,1859,8,"Kg",1859
"S3","RWA","075","Rwanda","ZAR","Congo, Dem. Rep.",2020,"Gross Imp.",1,2.47,2442,8,"Kg",2442
"S3","RWA","075","Rwanda","ZAR","Congo, Dem. Rep.",2020,"Import",5,2.47,2442,8,"Kg",2442
"S3","RWA","075","Rwanda","ZAR","Congo, Dem. Rep.",2020,"Re-Export",3,3.064,1350,8,"Kg",1350
"S3","RWA","075","Rwanda","ZAR","Congo, Dem. Rep.",2021,"Export",6,0.504,5000,8,"Kg",5000
"S3","RWA","075","Rwanda","ZAR","Congo, Dem. Rep.",2021,"Gross Exp.",2,5.192,6578,8,"Kg",6578
"S3","RWA","075","Rwanda","ZAR","Congo, Dem. Rep.",2021,"Gross Imp.",1,4.643,4353,8,"Kg",4353
"S3","RWA","075","Rwanda","ZAR","Congo, Dem. Rep.",2021,"Import",5,4.643,4353,8,"Kg",4353
"S3","RWA","075","Rwanda","ZAR","Congo, Dem. Rep.",2021,"Re-Export",3,4.688,1578,8,"Kg",1578
"S3","RWA","075","Rwanda","ZAR","Congo, Dem. Rep.",2022,"Export",6,0,0,8,"Kg",0
"S3","RWA","075","Rwanda","ZAR","Congo, Dem. Rep.",2022,"Gross Exp.",2,23.242,16035.28,8,"Kg",16035
"S3","RWA","075","Rwanda","ZAR","Congo, Dem. Rep.",2022,"Gross Imp.",1,57.407,31092.161,8,"Kg",31092
"S3","RWA","075","Rwanda","ZAR","Congo, Dem. Rep.",2022,"Import",5,57.407,31092.161,8,"Kg",31092
"S3","RWA","075","Rwanda","ZAR","Congo, Dem. Rep.",2022,"Re-Export",3,23.242,16035.28,8,"Kg",16035
"S3","RWA","075","Rwanda","ZMB","Zambia",2022,"Export",6,0.125,100,8,"Kg",100
"S3","RWA","075","Rwanda","ZMB","Zambia",2022,"Gross Exp.",2,1.35,215,8,"Kg",215
"S3","RWA","075","Rwanda","ZMB","Zambia",2022,"Re-Export",3,1.225,115,8,"Kg",115
"S3","RWA","2221","Rwanda","ARE","United Arab Emirates",2020,"Gross Imp.",1,1.03,250,8,"Kg",250
"S3","RWA","2221","Rwanda","ARE","United Arab Emirates",2020,"Import",5,1.03,250,8,"Kg",250
"S3","RWA","2221","Rwanda","ARE","United Arab Emirates",2021,"Gross Imp.",1,0.071,4,8,"Kg",4
"S3","RWA","2221","Rwanda","ARE","United Arab Emirates",2021,"Import",5,0.071,4,8,"Kg",4
"S3","RWA","2221","Rwanda","ARE","United Arab Emirates",2022,"Gross Imp.",1,0.54,460,8,"Kg",460
"S3","RWA","2221","Rwanda","ARE","United Arab Emirates",2022,"Import",5,0.54,460,8,"Kg",460
"S3","RWA","2221","Rwanda","BEL","Belgium",2020,"Export",6,0.865,685,8,"Kg",685
"S3","RWA","2221","Rwanda","BEL","Belgium",2020,"Gross Exp.",2,0.865,685,8,"Kg",685
"S3","RWA","2221","Rwanda","BEL","Belgium",2021,"Export",6,0.015,5,8,"Kg",5
"S3","RWA","2221","Rwanda","BEL","Belgium",2021,"Gross Exp.",2,0.015,5,8,"Kg",5
"S3","RWA","2221","Rwanda","BEL","Belgium",2021,"Gross Imp.",1,0.006,2,8,"Kg",2
"S3","RWA","2221","Rwanda","BEL","Belgium",2021,"Import",5,0.006,2,8,"Kg",2
"S3","RWA","2221","Rwanda","CHN","China",2020,"Gross Imp.",1,0.032,30,8,"Kg",30
"S3","RWA","2221","Rwanda","CHN","China",2020,"Import",5,0.032,30,8,"Kg",30
"S3","RWA","2221","Rwanda","CHN","China",2021,"Gross Imp.",1,0.185,144,8,"Kg",144
"S3","RWA","2221","Rwanda","CHN","China",2021,"Import",5,0.185,144,8,"Kg",144
"S3","RWA","2221","Rwanda","CHN","China",2022,"Gross Imp.",1,0.091,95,8,"Kg",95
"S3","RWA","2221","Rwanda","CHN","China",2022,"Import",5,0.091,95,8,"Kg",95
"S3","RWA","2221","Rwanda","COG","Congo, Rep.",2020,"Export",6,0.052,20,8,"Kg",20
"S3","RWA","2221","Rwanda","COG","Congo, Rep.",2020,"Gross Exp.",2,0.052,20,8,"Kg",20
"S3","RWA","2221","Rwanda","GBR","United Kingdom",2021,"Export",6,0.081,100,8,"Kg",100
"S3","RWA","2221","Rwanda","GBR","United Kingdom",2021,"Gross Exp.",2,0.081,100,8,"Kg",100
"S3","RWA","2221","Rwanda","GHA","Ghana",2021,"Gross Imp.",1,0.004,2,8,"Kg",2
"S3","RWA","2221","Rwanda","GHA","Ghana",2021,"Import",5,0.004,2,8,"Kg",2
"S3","RWA","2221","Rwanda","KEN","Kenya",2020,"Gross Imp.",1,16.97,28057,8,"Kg",28057
"S3","RWA","2221","Rwanda","KEN","Kenya",2020,"Import",5,16.97,28057,8,"Kg",28057
"S3","RWA","2221","Rwanda","KEN","Kenya",2022,"Gross Imp.",1,0.334,32,8,"Kg",32
"S3","RWA","2221","Rwanda","KEN","Kenya",2022,"Import",5,0.334,32,8,"Kg",32
"S3","RWA","2221","Rwanda","NGA","Nigeria",2020,"Export",6,1.233,130,8,"Kg",130
"S3","RWA","2221","Rwanda","NGA","Nigeria",2020,"Gross Exp.",2,1.233,130,8,"Kg",130
"S3","RWA","2221","Rwanda","NGA","Nigeria",2021,"Export",6,0.002,11,8,"Kg",11
"S3","RWA","2221","Rwanda","NGA","Nigeria",2021,"Gross Exp.",2,0.002,11,8,"Kg",11
"S3","RWA","2221","Rwanda","SWE","Sweden",2022,"Export",6,0.294,120,8,"Kg",120
"S3","RWA","2221","Rwanda","SWE","Sweden",2022,"Gross Exp.",2,0.294,120,8,"Kg",120
"S3","RWA","2221","Rwanda","TZA","Tanzania",2020,"Gross Imp.",1,12907.459,21059560,8,"Kg",21059560
"S3","RWA","2221","Rwanda","TZA","Tanzania",2020,"Import",5,12907.459,21059560,8,"Kg",21059560
"S3","RWA","2221","Rwanda","TZA","Tanzania",2021,"Gross Imp.",1,13196.331,21894370,8,"Kg",21894370
"S3","RWA","2221","Rwanda","TZA","Tanzania",2021,"Import",5,13196.331,21894370,8,"Kg",21894370
"S3","RWA","2221","Rwanda","TZA","Tanzania",2022,"Gross Imp.",1,17509.307,25210025,8,"Kg",25210025
"S3","RWA","2221","Rwanda","TZA","Tanzania",2022,"Import",5,17509.307,25210025,8,"Kg",25210025
"S3","RWA","2221","Rwanda","UGA","Uganda",2022,"Gross Imp.",1,2478.655,1635000,8,"Kg",1635000
"S3","RWA","2221","Rwanda","UGA","Uganda",2022,"Import",5,2478.655,1635000,8,"Kg",1635000
"S3","RWA","2221","Rwanda","USA","United States",2020,"Export",6,1.984,1116,8,"Kg",1116
"S3","RWA","2221","Rwanda","USA","United States",2020,"Gross Exp.",2,1.984,1116,8,"Kg",1116
"S3","RWA","2221","Rwanda","USA","United States",2021,"Export",6,6.068,3000,8,"Kg",3000
"S3","RWA","2221","Rwanda","USA","United States",2021,"Gross Exp.",2,6.068,3000,8,"Kg",3000
"S3","RWA","2221","Rwanda","WLD"," World",2020,"Export",6,458.424,801601,8,"Kg",801601
"S3","RWA","2221","Rwanda","WLD"," World",2020,"Gross Exp.",2,458.424,801601,8,"Kg",801601
"S3","RWA","2221","Rwanda","WLD"," World",2020,"Gross Imp.",1,12925.636,21088107,8,"Kg",21088107
"S3","RWA","2221","Rwanda","WLD"," World",2020,"Import",5,12925.636,21088107,8,"Kg",21088107
"S3","RWA","2221","Rwanda","WLD"," World",2021,"Export",6,608.82,1133720.8,8,"Kg",1133721
"S3","RWA","2221","Rwanda","WLD"," World",2021,"Gross Exp.",2,609.029,1133900.8,8,"Kg",1133901
"S3","RWA","2221","Rwanda","WLD"," World",2021,"Gross Imp.",1,13196.598,21894522,8,"Kg",21894522
"S3","RWA","2221","Rwanda","WLD"," World",2021,"Import",5,13196.598,21894522,8,"Kg",21894522
"S3","RWA","2221","Rwanda","WLD"," World",2021,"Re-Export",3,0.209,180,8,"Kg",180
"S3","RWA","2221","Rwanda","WLD"," World",2022,"Export",6,553.581,852872,8,"Kg",852872
"S3","RWA","2221","Rwanda","WLD"," World",2022,"Gross Exp.",2,553.581,852872,8,"Kg",852872
"S3","RWA","2221","Rwanda","WLD"," World",2022,"Gross Imp.",1,19989.657,26846812,8,"Kg",26846812
"S3","RWA","2221","Rwanda","WLD"," World",2022,"Import",5,19989.657,26846812,8,"Kg",26846812
"S3","RWA","2221","Rwanda","ZAR","Congo, Dem. Rep.",2020,"Export",6,454.289,799650,8,"Kg",799650
"S3","RWA","2221","Rwanda","ZAR","Congo, Dem. Rep.",2020,"Gross Exp.",2,454.289,799650,8,"Kg",799650
"S3","RWA","2221","Rwanda","ZAR","Congo, Dem. Rep.",2020,"Gross Imp.",1,0.144,210,8,"Kg",210
"S3","RWA","2221","Rwanda","ZAR","Congo, Dem. Rep.",2020,"Import",5,0.144,210,8,"Kg",210
"S3","RWA","2221","Rwanda","ZAR","Congo, Dem. Rep.",2021,"Export",6,602.654,1130604.8,8,"Kg",1130605
"S3","RWA","2221","Rwanda","ZAR","Congo, Dem. Rep.",2021,"Gross Exp.",2,602.863,1130784.8,8,"Kg",1130785
"S3","RWA","2221","Rwanda","ZAR","Congo, Dem. Rep.",2021,"Re-Export",3,0.209,180,8,"Kg",180
"S3","RWA","2221","Rwanda","ZAR","Congo, Dem. Rep.",2022,"Export",6,553.288,852752,8,"Kg",852752
"S3","RWA","2221","Rwanda","ZAR","Congo, Dem. Rep.",2022,"Gross Exp.",2,553.288,852752,8,"Kg",852752
"S3","RWA","2221","Rwanda","ZAR","Congo, Dem. Rep.",2022,"Gross Imp.",1,0.73,1200,8,"Kg",1200
"S3","RWA","2221","Rwanda","ZAR","Congo, Dem. Rep.",2022,"Import",5,0.73,1200,8,"Kg",1200
"S3","RWA","2222","Rwanda","ARE","United Arab Emirates",2020,"Gross Imp.",1,0.258,300,8,"Kg",300
"S3","RWA","2222","Rwanda","ARE","United Arab Emirates",2020,"Import",5,0.258,300,8,"Kg",300
"S3","RWA","2222","Rwanda","ARE","United Arab Emirates",2021,"Gross Imp.",1,0.111,200,8,"Kg",200
"S3","RWA","2222","Rwanda","ARE","United Arab Emirates",2021,"Import",5,0.111,200,8,"Kg",200
"S3","RWA","2222","Rwanda","ARE","United Arab Emirates",2022,"Gross Imp.",1,0.141,240,8,"Kg",240
"S3","RWA","2222","Rwanda","ARE","United Arab Emirates",2022,"Import",5,0.141,240,8,"Kg",240
"S3","RWA","2222","Rwanda","CHN","China",2020,"Gross Imp.",1,0.824,500,8,"Kg",500
"S3","RWA","2222","Rwanda","CHN","China",2020,"Import",5,0.824,500,8,"Kg",500
"S3","RWA","2222","Rwanda","CHN","China",2021,"Gross Imp.",1,0.075,70,8,"Kg",70
"S3","RWA","2222","Rwanda","CHN","China",2021,"Import",5,0.075,70,8,"Kg",70
"S3","RWA","2222","Rwanda","CHN","China",2022,"Gross Imp.",1,1.805,696,8,"Kg",696
"S3","RWA","2222","Rwanda","CHN","China",2022,"Import",5,1.805,696,8,"Kg",696
"S3","RWA","2222","Rwanda","HKG","Hong Kong, China",2020,"Gross Imp.",1,0.015,19.2,8,"Kg",19
"S3","RWA","2222","Rwanda","HKG","Hong Kong, China",2020,"Import",5,0.015,19.2,8,"Kg",19
"S3","RWA","2222","Rwanda","HKG","Hong Kong, China",2021,"Gross Imp.",1,0.022,28.8,8,"Kg",29
"S3","RWA","2222","Rwanda","HKG","Hong Kong, China",2021,"Import",5,0.022,28.8,8,"Kg",29
"S3","RWA","2222","Rwanda","IND","India",2021,"Gross Imp.",1,0.202,121.56,8,"Kg",122
"S3","RWA","2222","Rwanda","IND","India",2021,"Import",5,0.202,121.56,8,"Kg",122
"S3","RWA","2222","Rwanda","KEN","Kenya",2021,"Export",6,22.277,134100,8,"Kg",134100
"S3","RWA","2222","Rwanda","KEN","Kenya",2021,"Gross Exp.",2,22.277,134100,8,"Kg",134100
"S3","RWA","2222","Rwanda","MWI","Malawi",2020,"Gross Imp.",1,1284.186,2450950,8,"Kg",2450950
"S3","RWA","2222","Rwanda","MWI","Malawi",2020,"Import",5,1284.186,2450950,8,"Kg",2450950
"S3","RWA","2222","Rwanda","PAK","Pakistan",2021,"Gross Imp.",1,0.045,6,8,"Kg",6
"S3","RWA","2222","Rwanda","PAK","Pakistan",2021,"Import",5,0.045,6,8,"Kg",6
"S3","RWA","2222","Rwanda","TZA","Tanzania",2020,"Gross Imp.",1,6240.333,9777685,8,"Kg",9777685
"S3","RWA","2222","Rwanda","TZA","Tanzania",2020,"Import",5,6240.333,9777685,8,"Kg",9777685
"S3","RWA","2222","Rwanda","TZA","Tanzania",2021,"Gross Imp.",1,8306.868,7060410,8,"Kg",7060410
"S3","RWA","2222","Rwanda","TZA","Tanzania",2021,"Import",5,8306.868,7060410,8,"Kg",7060410
"S3","RWA","2222","Rwanda","TZA","Tanzania",2022,"Gross Imp.",1,11507.878,10381110,8,"Kg",10381110
"S3","RWA","2222","Rwanda","TZA","Tanzania",2022,"Import",5,11507.878,10381110,8,"Kg",10381110
"S3","RWA","2222","Rwanda","UGA","Uganda",2022,"Gross Imp.",1,12.902,57474,8,"Kg",57474
"S3","RWA","2222","Rwanda","UGA","Uganda",2022,"Import",5,12.902,57474,8,"Kg",57474
"S3","RWA","2222","Rwanda","UKR","Ukraine",2022,"Gross Imp.",1,921.109,1050120,8,"Kg",1050120
"S3","RWA","2222","Rwanda","UKR","Ukraine",2022,"Import",5,921.109,1050120,8,"Kg",1050120
"S3","RWA","2222","Rwanda","USA","United States",2020,"Export",6,2.093,1035,8,"Kg",1035
"S3","RWA","2222","Rwanda","USA","United States",2020,"Gross Exp.",2,2.093,1035,8,"Kg",1035
"S3","RWA","2222","Rwanda","WLD"," World",2020,"Export",6,2.094,1035,8,"Kg",1035
"S3","RWA","2222","Rwanda","WLD"," World",2020,"Gross Exp.",2,10.407,31035,8,"Kg",31035
"S3","RWA","2222","Rwanda","WLD"," World",2020,"Gross Imp.",1,7893.979,13697605.2,8,"Kg",13697605
"S3","RWA","2222","Rwanda","WLD"," World",2020,"Import",5,7893.979,13697605.2,8,"Kg",13697605
"S3","RWA","2222","Rwanda","WLD"," World",2020,"Re-Export",3,8.313,30000,8,"Kg",30000
"S3","RWA","2222","Rwanda","WLD"," World",2021,"Export",6,22.277,134100,8,"Kg",134100
"S3","RWA","2222","Rwanda","WLD"," World",2021,"Gross Exp.",2,22.277,134100,8,"Kg",134100
"S3","RWA","2222","Rwanda","WLD"," World",2021,"Gross Imp.",1,9439.103,9381896.36,8,"Kg",9381896
"S3","RWA","2222","Rwanda","WLD"," World",2021,"Import",5,9439.103,9381896.36,8,"Kg",9381896
"S3","RWA","2222","Rwanda","WLD"," World",2022,"Export",6,0.253,1050,8,"Kg",1050
"S3","RWA","2222","Rwanda","WLD"," World",2022,"Gross Exp.",2,0.582,1278,8,"Kg",1278
"S3","RWA","2222","Rwanda","WLD"," World",2022,"Gross Imp.",1,12677.046,11820095,8,"Kg",11820095
"S3","RWA","2222","Rwanda","WLD"," World",2022,"Import",5,12677.046,11820095,8,"Kg",11820095
"S3","RWA","2222","Rwanda","WLD"," World",2022,"Re-Export",3,0.329,228,8,"Kg",228
"S3","RWA","2222","Rwanda","ZAF","South Africa",2022,"Export",6,0.252,1050,8,"Kg",1050
"S3","RWA","2222","Rwanda","ZAF","South Africa",2022,"Gross Exp.",2,0.252,1050,8,"Kg",1050
"S3","RWA","2222","Rwanda","ZAR","Congo, Dem. Rep.",2020,"Export",6,0,0,8,"Kg",0
"S3","RWA","2222","Rwanda","ZAR","Congo, Dem. Rep.",2020,"Gross Exp.",2,8.313,30000,8,"Kg",30000
"S3","RWA","2222","Rwanda","ZAR","Congo, Dem. Rep.",2020,"Gross Imp.",1,368.363,1468151,8,"Kg",1468151
"S3","RWA","035","Rwanda","DNK","Denmark",2022,"Gross Imp.",1,16.926,1306,8,"Kg",1306
"S3","RWA","035","Rwanda","DNK","Denmark",2022,"Import",5,16.926,1306,8,"Kg",1306
"S3","RWA","035","Rwanda","FIN","Finland",2021,"Export",6,0.398,30,8,"Kg",30
"S3","RWA","035","Rwanda","FIN","Finland",2021,"Gross Exp.",2,0.398,30,8,"Kg",30
"S3","RWA","035","Rwanda","FIN","Finland",2022,"Export",6,0.206,15,8,"Kg",15
"S3","RWA","035","Rwanda","FIN","Finland",2022,"Gross Exp.",2,0.206,15,8,"Kg",15
"S3","RWA","035","Rwanda","GBR","United Kingdom",2021,"Export",6,0.326,30,8,"Kg",30
"S3","RWA","035","Rwanda","GBR","United Kingdom",2021,"Gross Exp.",2,0.326,30,8,"Kg",30
"S3","RWA","035","Rwanda","IND","India",2021,"Gross Imp.",1,9.827,1304,8,"Kg",1304
"S3","RWA","035","Rwanda","IND","India",2021,"Import",5,9.827,1304,8,"Kg",1304
"S3","RWA","035","Rwanda","KEN","Kenya",2020,"Gross Imp.",1,0.034,10,8,"Kg",10
"S3","RWA","035","Rwanda","KEN","Kenya",2020,"Import",5,0.034,10,8,"Kg",10
"S3","RWA","035","Rwanda","KEN","Kenya",2022,"Gross Imp.",1,20.436,16996,8,"Kg",16996
"S3","RWA","035","Rwanda","KEN","Kenya",2022,"Import",5,20.436,16996,8,"Kg",16996
"S3","RWA","035","Rwanda","KOR","Korea, Rep.",2022,"Gross Imp.",1,1.308,517,8,"Kg",517
"S3","RWA","035","Rwanda","KOR","Korea, Rep.",2022,"Import",5,1.308,517,8,"Kg",517
"S3","RWA","035","Rwanda","NGA","Nigeria",2022,"Gross Imp.",1,0.481,106,8,"Kg",106
"S3","RWA","035","Rwanda","NGA","Nigeria",2022,"Import",5,0.481,106,8,"Kg",106
"S3","RWA","035","Rwanda","NLD","Netherlands",2021,"Gross Imp.",1,1.107,121,8,"Kg",121
"S3","RWA","035","Rwanda","NLD","Netherlands",2021,"Import",5,1.107,121,8,"Kg",121
"S3","RWA","035","Rwanda","NLD","Netherlands",2022,"Gross Imp.",1,2.043,375,8,"Kg",375
"S3","RWA","035","Rwanda","NLD","Netherlands",2022,"Import",5,2.043,375,8,"Kg",375
"S3","RWA","035","Rwanda","NOR","Norway",2020,"Gross Imp.",1,18.407,856.94,8,"Kg",857
"S3","RWA","035","Rwanda","NOR","Norway",2020,"Import",5,18.407,856.94,8,"Kg",857
"S3","RWA","035","Rwanda","NOR","Norway",2021,"Export",6,0.427,40,8,"Kg",40
"S3","RWA","035","Rwanda","NOR","Norway",2021,"Gross Exp.",2,0.427,40,8,"Kg",40
"S3","RWA","035","Rwanda","NOR","Norway",2021,"Gross Imp.",1,31.83,1478.07,8,"Kg",1478
"S3","RWA","035","Rwanda","NOR","Norway",2021,"Import",5,31.83,1478.07,8,"Kg",1478
"S3","RWA","035","Rwanda","NOR","Norway",2022,"Gross Imp.",1,35.171,1617.52,8,"Kg",1618
"S3","RWA","035","Rwanda","NOR","Norway",2022,"Import",5,35.171,1617.52,8,"Kg",1618
"S3","RWA","035","Rwanda","TZA","Tanzania",2020,"Gross Imp.",1,11478.124,10657269,8,"Kg",10657269
"S3","RWA","035","Rwanda","TZA","Tanzania",2020,"Import",5,11478.124,10657269,8,"Kg",10657269
"S3","RWA","035","Rwanda","TZA","Tanzania",2021,"Gross Imp.",1,10570.364,9824913,8,"Kg",9824913
"S3","RWA","035","Rwanda","TZA","Tanzania",2021,"Import",5,10570.364,9824913,8,"Kg",9824913
"S3","RWA","035","Rwanda","TZA","Tanzania",2022,"Gross Imp.",1,6551.621,6301582,8,"Kg",6301582
"S3","RWA","035","Rwanda","TZA","Tanzania",2022,"Import",5,6551.621,6301582,8,"Kg",6301582
"S3","RWA","035","Rwanda","UGA","Uganda",2022,"Gross Imp.",1,3158.334,3023079,8,"Kg",3023079
"S3","RWA","035","Rwanda","UGA","Uganda",2022,"Import",5,3158.334,3023079,8,"Kg",3023079
"S3","RWA","035","Rwanda","USA","United States",2020,"Export",6,33.806,2595,8,"Kg",2595
"S3","RWA","035","Rwanda","USA","United States",2020,"Gross Exp.",2,33.806,2595,8,"Kg",2595
"S3","RWA","035","Rwanda","USA","United States",2021,"Export",6,46.993,6141,8,"Kg",6141
"S3","RWA","035","Rwanda","USA","United States",2021,"Gross Exp.",2,46.993,6141,8,"Kg",6141
"S3","RWA","035","Rwanda","USA","United States",2021,"Gross Imp.",1,0.027,25,8,"Kg",25
"S3","RWA","035","Rwanda","USA","United States",2021,"Import",5,0.027,25,8,"Kg",25
"S3","RWA","035","Rwanda","USA","United States",2022,"Export",6,3.706,370,8,"Kg",370
"S3","RWA","035","Rwanda","USA","United States",2022,"Gross Exp.",2,3.706,370,8,"Kg",370
"S3","RWA","035","Rwanda","WLD"," World",2020,"Export",6,187.933,194227,8,"Kg",194227
"S3","RWA","035","Rwanda","WLD"," World",2020,"Gross Exp.",2,187.933,194227,8,"Kg",194227
"S3","RWA","035","Rwanda","WLD"," World",2020,"Gross Imp.",1,11544.664,10680360.54,8,"Kg",10680361
"S3","RWA","035","Rwanda","WLD"," World",2020,"Import",5,11544.664,10680360.54,8,"Kg",10680361
"S3","RWA","035","Rwanda","WLD"," World",2021,"Export",6,276.299,171594,8,"Kg",171594
"S3","RWA","035","Rwanda","WLD"," World",2021,"Gross Exp.",2,300.22,192378,8,"Kg",192378
"S3","RWA","035","Rwanda","WLD"," World",2021,"Gross Imp.",1,10663.946,9851779.03,8,"Kg",9851779
"S3","RWA","035","Rwanda","WLD"," World",2021,"Import",5,10663.946,9851779.03,8,"Kg",9851779
"S3","RWA","035","Rwanda","WLD"," World",2021,"Re-Export",3,23.921,20784,8,"Kg",20784
"S3","RWA","035","Rwanda","WLD"," World",2022,"Export",6,133.316,238748.5,8,"Kg",238749
"S3","RWA","035","Rwanda","WLD"," World",2022,"Gross Exp.",2,150.231,255448.5,8,"Kg",255449
"S3","RWA","035","Rwanda","WLD"," World",2022,"Gross Imp.",1,10072.77,9564193.26,8,"Kg",9564193
"S3","RWA","035","Rwanda","WLD"," World",2022,"Import",5,10072.77,9564193.26,8,"Kg",9564193
"S3","RWA","035","Rwanda","WLD"," World",2022,"Re-Export",3,16.915,16700,8,"Kg",16700
"S3","RWA","035","Rwanda","ZAF","South Africa",2020,"Gross Imp.",1,0.223,28,8,"Kg",28
"S3","RWA","035","Rwanda","ZAF","South Africa",2020,"Import",5,0.223,28,8,"Kg",28
"S3","RWA","035","Rwanda","ZAF","South Africa",2021,"Gross Imp.",1,3.034,332,8,"Kg",332
"S3","RWA","035","Rwanda","ZAF","South Africa",2021,"Import",5,3.034,332,8,"Kg",332
"S3","RWA","035","Rwanda","ZAF","South Africa",2022,"Gross Imp.",1,8.097,283,8,"Kg",283
"S3","RWA","035","Rwanda","ZAF","South Africa",2022,"Import",5,8.097,283,8,"Kg",283
"S3","RWA","035","Rwanda","ZAR","Congo, Dem. Rep.",2020,"Export",6,106.929,188582,8,"Kg",188582
"S3","RWA","035","Rwanda","ZAR","Congo, Dem. Rep.",2020,"Gross Exp.",2,106.929,188582,8,"Kg",188582
"S3","RWA","035","Rwanda","ZAR","Congo, Dem. Rep.",2020,"Gross Imp.",1,41.418,20872,8,"Kg",20872
"S3","RWA","035","Rwanda","ZAR","Congo, Dem. Rep.",2020,"Import",5,41.418,20872,8,"Kg",20872
"S3","RWA","035","Rwanda","ZAR","Congo, Dem. Rep.",2021,"Export",6,188.515,163008,8,"Kg",163008
"S3","RWA","035","Rwanda","ZAR","Congo, Dem. Rep.",2021,"Gross Exp.",2,212.436,183792,8,"Kg",183792
"S3","RWA","035","Rwanda","ZAR","Congo, Dem. Rep.",2021,"Gross Imp.",1,43.006,23015.6,8,"Kg",23016
"S3","RWA","035","Rwanda","ZAR","Congo, Dem. Rep.",2021,"Import",5,43.006,23015.6,8,"Kg",23016
"S3","RWA","035","Rwanda","ZAR","Congo, Dem. Rep.",2021,"Re-Export",3,23.921,20784,8,"Kg",20784
"S3","RWA","035","Rwanda","ZAR","Congo, Dem. Rep.",2022,"Export",6,114.683,237763.5,8,"Kg",237764
"S3","RWA","035","Rwanda","ZAR","Congo, Dem. Rep.",2022,"Gross Exp.",2,131.598,254463.5,8,"Kg",254464
"S3","RWA","035","Rwanda","ZAR","Congo, Dem. Rep.",2022,"Gross Imp.",1,33.167,17525,8,"Kg",17525
"S3","RWA","035","Rwanda","ZAR","Congo, Dem. Rep.",2022,"Import",5,33.167,17525,8,"Kg",17525
"S3","RWA","035","Rwanda","ZAR","Congo, Dem. Rep.",2022,"Re-Export",3,16.915,16700,8,"Kg",16700
"S3","RWA","036","Rwanda","ARE","United Arab Emirates",2022,"Gross Imp.",1,0.21,96,8,"Kg",96
"S3","RWA","036","Rwanda","ARE","United Arab Emirates",2022,"Import",5,0.21,96,8,"Kg",96
"S3","RWA","036","Rwanda","BEL","Belgium",2020,"Gross Imp.",1,1.075,172,8,"Kg",172
"S3","RWA","036","Rwanda","BEL","Belgium",2020,"Import",5,1.075,172,8,"Kg",172
"S3","RWA","036","Rwanda","BEL","Belgium",2022,"Gross Imp.",1,2.914,179,8,"Kg",179
"S3","RWA","036","Rwanda","BEL","Belgium",2022,"Import",5,2.914,179,8,"Kg",179
"S3","RWA","036","Rwanda","CHN","China",2020,"Gross Imp.",1,0.698,40,8,"Kg",40
"S3","RWA","036","Rwanda","CHN","China",2020,"Import",5,0.698,40,8,"Kg",40
"S3","RWA","036","Rwanda","CHN","China",2021,"Gross Imp.",1,48.943,53795,8,"Kg",53795
"S3","RWA","036","Rwanda","CHN","China",2021,"Import",5,48.943,53795,8,"Kg",53795
"S3","RWA","036","Rwanda","CHN","China",2022,"Gross Imp.",1,249.323,2e+05,8,"Kg",200000
"S3","RWA","036","Rwanda","CHN","China",2022,"Import",5,249.323,2e+05,8,"Kg",200000
"S3","RWA","036","Rwanda","ESP","Spain",2022,"Gross Imp.",1,0.52,50.16,8,"Kg",50
"S3","RWA","036","Rwanda","ESP","Spain",2022,"Import",5,0.52,50.16,8,"Kg",50
"S3","RWA","036","Rwanda","IND","India",2022,"Gross Imp.",1,0.884,47.8,8,"Kg",48
"S3","RWA","036","Rwanda","IND","India",2022,"Import",5,0.884,47.8,8,"Kg",48
"S3","RWA","036","Rwanda","KEN","Kenya",2020,"Gross Imp.",1,17.203,3728,8,"Kg",3728
"S3","RWA","036","Rwanda","KEN","Kenya",2020,"Import",5,17.203,3728,8,"Kg",3728
"S3","RWA","036","Rwanda","KEN","Kenya",2021,"Gross Imp.",1,19.561,3544,8,"Kg",3544
"S3","RWA","036","Rwanda","KEN","Kenya",2021,"Import",5,19.561,3544,8,"Kg",3544
"S3","RWA","036","Rwanda","KEN","Kenya",2022,"Gross Imp.",1,21.384,4495,8,"Kg",4495
"S3","RWA","036","Rwanda","KEN","Kenya",2022,"Import",5,21.384,4495,8,"Kg",4495
"S3","RWA","036","Rwanda","KOR","Korea, Rep.",2022,"Gross Imp.",1,0.083,40,8,"Kg",40
"S3","RWA","036","Rwanda","KOR","Korea, Rep.",2022,"Import",5,0.083,40,8,"Kg",40
"S3","RWA","036","Rwanda","NLD","Netherlands",2021,"Gross Imp.",1,4.084,489,8,"Kg",489
"S3","RWA","036","Rwanda","NLD","Netherlands",2021,"Import",5,4.084,489,8,"Kg",489
"S3","RWA","036","Rwanda","NLD","Netherlands",2022,"Export",6,4.455,1345,8,"Kg",1345
"S3","RWA","036","Rwanda","NLD","Netherlands",2022,"Gross Exp.",2,4.455,1345,8,"Kg",1345
"S3","RWA","036","Rwanda","NLD","Netherlands",2022,"Gross Imp.",1,0.445,108,8,"Kg",108
"S3","RWA","036","Rwanda","NLD","Netherlands",2022,"Import",5,0.445,108,8,"Kg",108
"S3","RWA","036","Rwanda","NOR","Norway",2020,"Gross Imp.",1,0.294,20,8,"Kg",20
"S3","RWA","036","Rwanda","NOR","Norway",2020,"Import",5,0.294,20,8,"Kg",20
"S3","RWA","036","Rwanda","NZL","New Zealand",2022,"Gross Imp.",1,0.106,7.3,8,"Kg",7
"S3","RWA","036","Rwanda","NZL","New Zealand",2022,"Import",5,0.106,7.3,8,"Kg",7
"S3","RWA","036","Rwanda","TZA","Tanzania",2020,"Gross Imp.",1,0.738,2608,8,"Kg",2608
"S3","RWA","036","Rwanda","TZA","Tanzania",2020,"Import",5,0.738,2608,8,"Kg",2608
"S3","RWA","036","Rwanda","VNM","Vietnam",2022,"Gross Imp.",1,8.766,418.8,8,"Kg",419
"S3","RWA","036","Rwanda","VNM","Vietnam",2022,"Import",5,8.766,418.8,8,"Kg",419
"S3","RWA","036","Rwanda","WLD"," World",2020,"Gross Imp.",1,20.007,6568,8,"Kg",6568
"S3","RWA","036","Rwanda","WLD"," World",2020,"Import",5,20.007,6568,8,"Kg",6568
"S3","RWA","036","Rwanda","WLD"," World",2021,"Export",6,0,0,8,"Kg",0
"S3","RWA","036","Rwanda","WLD"," World",2021,"Gross Exp.",2,67.827,53560,8,"Kg",53560
"S3","RWA","036","Rwanda","WLD"," World",2021,"Gross Imp.",1,72.587,57828,8,"Kg",57828
"S3","RWA","036","Rwanda","WLD"," World",2021,"Import",5,72.587,57828,8,"Kg",57828
"S3","RWA","036","Rwanda","WLD"," World",2021,"Re-Export",3,67.827,53560,8,"Kg",53560
"S3","RWA","036","Rwanda","WLD"," World",2022,"Export",6,4.455,1345,8,"Kg",1345
"S3","RWA","036","Rwanda","WLD"," World",2022,"Gross Exp.",2,156.084,164115,8,"Kg",164115
"S3","RWA","036","Rwanda","WLD"," World",2022,"Gross Imp.",1,284.634,205442.06,8,"Kg",205442
"S3","RWA","036","Rwanda","WLD"," World",2022,"Import",5,284.634,205442.06,8,"Kg",205442
"S3","RWA","036","Rwanda","WLD"," World",2022,"Re-Export",3,151.629,162770,8,"Kg",162770
"S3","RWA","036","Rwanda","ZAR","Congo, Dem. Rep.",2021,"Export",6,0,0,8,"Kg",0
"S3","RWA","036","Rwanda","ZAR","Congo, Dem. Rep.",2021,"Gross Exp.",2,67.827,53560,8,"Kg",53560
"S3","RWA","036","Rwanda","ZAR","Congo, Dem. Rep.",2021,"Re-Export",3,67.827,53560,8,"Kg",53560
"S3","RWA","036","Rwanda","ZAR","Congo, Dem. Rep.",2022,"Export",6,0,0,8,"Kg",0
"S3","RWA","036","Rwanda","ZAR","Congo, Dem. Rep.",2022,"Gross Exp.",2,151.629,162770,8,"Kg",162770
"S3","RWA","036","Rwanda","ZAR","Congo, Dem. Rep.",2022,"Re-Export",3,151.629,162770,8,"Kg",162770
"S3","RWA","0411","Rwanda","ARE","United Arab Emirates",2022,"Gross Imp.",1,0.066,120.64,8,"Kg",121
"S3","RWA","0411","Rwanda","ARE","United Arab Emirates",2022,"Import",5,0.066,120.64,8,"Kg",121
"S3","RWA","0411","Rwanda","BEL","Belgium",2020,"Gross Imp.",1,0.256,12,8,"Kg",12
"S3","RWA","0411","Rwanda","BEL","Belgium",2020,"Import",5,0.256,12,8,"Kg",12
"S3","RWA","0411","Rwanda","IND","India",2020,"Gross Imp.",1,16.172,35000,8,"Kg",35000
"S3","RWA","0411","Rwanda","IND","India",2020,"Import",5,16.172,35000,8,"Kg",35000
"S3","RWA","0411","Rwanda","KEN","Kenya",2020,"Gross Imp.",1,261.734,328000,8,"Kg",328000
"S3","RWA","0411","Rwanda","KEN","Kenya",2020,"Import",5,261.734,328000,8,"Kg",328000
"S3","RWA","0411","Rwanda","UGA","Uganda",2022,"Gross Imp.",1,0.408,2099,8,"Kg",2099
"S3","RWA","0411","Rwanda","UGA","Uganda",2022,"Import",5,0.408,2099,8,"Kg",2099
"S3","RWA","0411","Rwanda","WLD"," World",2020,"Gross Imp.",1,278.162,363012,8,"Kg",363012
"S3","RWA","0411","Rwanda","WLD"," World",2020,"Import",5,278.162,363012,8,"Kg",363012
"S3","RWA","0411","Rwanda","WLD"," World",2022,"Gross Imp.",1,0.474,2219.64,8,"Kg",2220
"S3","RWA","0411","Rwanda","WLD"," World",2022,"Import",5,0.474,2219.64,8,"Kg",2220
"S3","RWA","042","Rwanda","ALB","Albania",2022,"Gross Imp.",1,2.071,1604,8,"Kg",1604
"S3","RWA","042","Rwanda","ALB","Albania",2022,"Import",5,2.071,1604,8,"Kg",1604
"S3","RWA","042","Rwanda","AND","Andorra",2022,"Gross Imp.",1,2.037,2000,8,"Kg",2000
"S3","RWA","042","Rwanda","AND","Andorra",2022,"Import",5,2.037,2000,8,"Kg",2000
"S3","RWA","042","Rwanda","ARE","United Arab Emirates",2020,"Gross Imp.",1,307.756,413492.59,8,"Kg",413493
"S3","RWA","042","Rwanda","ARE","United Arab Emirates",2020,"Import",5,307.756,413492.59,8,"Kg",413493
"S3","RWA","042","Rwanda","ARE","United Arab Emirates",2021,"Export",6,0,0,8,"Kg",0
"S3","RWA","042","Rwanda","ARE","United Arab Emirates",2021,"Gross Exp.",2,0.2,250,8,"Kg",250
"S3","RWA","042","Rwanda","ARE","United Arab Emirates",2021,"Gross Imp.",1,254.112,370360.55,8,"Kg",370361
"S3","RWA","042","Rwanda","ARE","United Arab Emirates",2021,"Import",5,254.112,370360.55,8,"Kg",370361
"S3","RWA","042","Rwanda","ARE","United Arab Emirates",2021,"Re-Export",3,0.2,250,8,"Kg",250
"S3","RWA","042","Rwanda","ARE","United Arab Emirates",2022,"Export",6,0,0,8,"Kg",0
"S3","RWA","042","Rwanda","ARE","United Arab Emirates",2022,"Gross Exp.",2,0.11,170,8,"Kg",170
"S3","RWA","042","Rwanda","ARE","United Arab Emirates",2022,"Gross Imp.",1,442.966,555267.2,8,"Kg",555267
"S3","RWA","042","Rwanda","ARE","United Arab Emirates",2022,"Import",5,442.966,555267.2,8,"Kg",555267
"S3","RWA","042","Rwanda","ARE","United Arab Emirates",2022,"Re-Export",3,0.11,170,8,"Kg",170
"S3","RWA","042","Rwanda","BEL","Belgium",2020,"Gross Imp.",1,3.253,1990.8,8,"Kg",1991
"S3","RWA","042","Rwanda","BEL","Belgium",2020,"Import",5,3.253,1990.8,8,"Kg",1991
"S3","RWA","042","Rwanda","BEL","Belgium",2021,"Gross Imp.",1,2.137,1376.24,8,"Kg",1376
"S3","RWA","042","Rwanda","BEL","Belgium",2021,"Import",5,2.137,1376.24,8,"Kg",1376
"S3","RWA","042","Rwanda","BEL","Belgium",2022,"Gross Imp.",1,2.894,1507.5,8,"Kg",1508
"S3","RWA","042","Rwanda","BEL","Belgium",2022,"Import",5,2.894,1507.5,8,"Kg",1508
"S3","RWA","042","Rwanda","BRA","Brazil",2020,"Gross Imp.",1,0.04,100,8,"Kg",100
"S3","RWA","042","Rwanda","BRA","Brazil",2020,"Import",5,0.04,100,8,"Kg",100
"S3","RWA","042","Rwanda","CAN","Canada",2020,"Gross Imp.",1,0.031,20,8,"Kg",20
"S3","RWA","042","Rwanda","CAN","Canada",2020,"Import",5,0.031,20,8,"Kg",20
"S3","RWA","042","Rwanda","CAN","Canada",2021,"Gross Imp.",1,0.197,175,8,"Kg",175
"S3","RWA","042","Rwanda","CAN","Canada",2021,"Import",5,0.197,175,8,"Kg",175
"S3","RWA","042","Rwanda","CAN","Canada",2022,"Export",6,0,0,8,"Kg",0
"S3","RWA","042","Rwanda","CAN","Canada",2022,"Gross Exp.",2,55.073,79500,8,"Kg",79500
"S3","RWA","042","Rwanda","CAN","Canada",2022,"Gross Imp.",1,0.221,328,8,"Kg",328
"S3","RWA","042","Rwanda","CAN","Canada",2022,"Import",5,0.221,328,8,"Kg",328
"S3","RWA","042","Rwanda","CAN","Canada",2022,"Re-Export",3,55.073,79500,8,"Kg",79500
"S3","RWA","042","Rwanda","CHE","Switzerland",2022,"Gross Imp.",1,167.68,204490,8,"Kg",204490
"S3","RWA","042","Rwanda","CHE","Switzerland",2022,"Import",5,167.68,204490,8,"Kg",204490
"S3","RWA","042","Rwanda","CHN","China",2020,"Gross Imp.",1,437.254,1074574.64,8,"Kg",1074575
"S3","RWA","042","Rwanda","CHN","China",2020,"Import",5,437.254,1074574.64,8,"Kg",1074575
"S3","RWA","042","Rwanda","CHN","China",2021,"Gross Imp.",1,80.546,140616.56,8,"Kg",140617
"S3","RWA","042","Rwanda","CHN","China",2021,"Import",5,80.546,140616.56,8,"Kg",140617
"S3","RWA","042","Rwanda","CHN","China",2022,"Gross Imp.",1,36.07,63841.14,8,"Kg",63841
"S3","RWA","042","Rwanda","CHN","China",2022,"Import",5,36.07,63841.14,8,"Kg",63841
"S3","RWA","042","Rwanda","CMR","Cameroon",2020,"Gross Imp.",1,0.046,17.75,8,"Kg",18
"S3","RWA","042","Rwanda","CMR","Cameroon",2020,"Import",5,0.046,17.75,8,"Kg",18
"S3","RWA","042","Rwanda","COG","Congo, Rep.",2022,"Export",6,0,0,8,"Kg",0
"S3","RWA","042","Rwanda","COG","Congo, Rep.",2022,"Gross Exp.",2,61.774,92789,8,"Kg",92789
"S3","RWA","042","Rwanda","COG","Congo, Rep.",2022,"Re-Export",3,61.774,92789,8,"Kg",92789
"S3","RWA","042","Rwanda","DEU","Germany",2020,"Gross Imp.",1,0.059,24,8,"Kg",24
"S3","RWA","042","Rwanda","DEU","Germany",2020,"Import",5,0.059,24,8,"Kg",24
"S3","RWA","042","Rwanda","DNK","Denmark",2020,"Gross Imp.",1,0.187,178,8,"Kg",178
"S3","RWA","042","Rwanda","DNK","Denmark",2020,"Import",5,0.187,178,8,"Kg",178
"S3","RWA","042","Rwanda","DNK","Denmark",2021,"Gross Imp.",1,0.21,106,8,"Kg",106
"S3","RWA","042","Rwanda","DNK","Denmark",2021,"Import",5,0.21,106,8,"Kg",106
"S3","RWA","042","Rwanda","EGY","Egypt, Arab Rep.",2020,"Gross Imp.",1,112.604,261000,8,"Kg",261000
"S3","RWA","042","Rwanda","EGY","Egypt, Arab Rep.",2020,"Import",5,112.604,261000,8,"Kg",261000
"S3","RWA","042","Rwanda","FRA","France",2021,"Gross Imp.",1,0.021,20.22,8,"Kg",20
"S3","RWA","042","Rwanda","FRA","France",2021,"Import",5,0.021,20.22,8,"Kg",20
"S3","RWA","042","Rwanda","FRA","France",2022,"Gross Imp.",1,0.469,63.75,8,"Kg",64
"S3","RWA","042","Rwanda","FRA","France",2022,"Import",5,0.469,63.75,8,"Kg",64
"S3","RWA","042","Rwanda","GBR","United Kingdom",2022,"Gross Imp.",1,0.141,21.6,8,"Kg",22
"S3","RWA","042","Rwanda","GBR","United Kingdom",2022,"Import",5,0.141,21.6,8,"Kg",22
"S3","RWA","042","Rwanda","GHA","Ghana",2020,"Export",6,0.04,100,8,"Kg",100
"S3","RWA","042","Rwanda","GHA","Ghana",2020,"Gross Exp.",2,0.04,100,8,"Kg",100
"S3","RWA","042","Rwanda","GHA","Ghana",2021,"Gross Imp.",1,0.118,100,8,"Kg",100
"S3","RWA","042","Rwanda","GHA","Ghana",2021,"Import",5,0.118,100,8,"Kg",100
"S3","RWA","042","Rwanda","HKG","Hong Kong, China",2021,"Gross Imp.",1,0.157,325.2,8,"Kg",325
"S3","RWA","042","Rwanda","HKG","Hong Kong, China",2021,"Import",5,0.157,325.2,8,"Kg",325
"S3","RWA","042","Rwanda","HKG","Hong Kong, China",2022,"Gross Imp.",1,0.226,557.48,8,"Kg",557
"S3","RWA","042","Rwanda","HKG","Hong Kong, China",2022,"Import",5,0.226,557.48,8,"Kg",557
"S3","RWA","042","Rwanda","IDN","Indonesia",2020,"Gross Imp.",1,23.195,52100,8,"Kg",52100
"S3","RWA","042","Rwanda","IDN","Indonesia",2020,"Import",5,23.195,52100,8,"Kg",52100
"S3","RWA","042","Rwanda","IDN","Indonesia",2022,"Gross Imp.",1,95.95,189500,8,"Kg",189500
"S3","RWA","042","Rwanda","IDN","Indonesia",2022,"Import",5,95.95,189500,8,"Kg",189500
"S3","RWA","042","Rwanda","IND","India",2020,"Gross Imp.",1,4224.238,8331246.4,8,"Kg",8331246
"S3","RWA","042","Rwanda","IND","India",2020,"Import",5,4224.238,8331246.4,8,"Kg",8331246
"S3","RWA","042","Rwanda","IND","India",2021,"Gross Imp.",1,16026.122,33862222.4,8,"Kg",33862222
"S3","RWA","042","Rwanda","IND","India",2021,"Import",5,16026.122,33862222.4,8,"Kg",33862222
"S3","RWA","042","Rwanda","IND","India",2022,"Gross Imp.",1,48120.746,90594587,8,"Kg",90594587
"S3","RWA","042","Rwanda","IND","India",2022,"Import",5,48120.746,90594587,8,"Kg",90594587
"S3","RWA","042","Rwanda","ITA","Italy",2020,"Gross Imp.",1,0.097,20,8,"Kg",20
"S3","RWA","042","Rwanda","ITA","Italy",2020,"Import",5,0.097,20,8,"Kg",20
"S3","RWA","042","Rwanda","ITA","Italy",2021,"Gross Imp.",1,14.831,8514.62,8,"Kg",8515
"S3","RWA","042","Rwanda","ITA","Italy",2021,"Import",5,14.831,8514.62,8,"Kg",8515
"S3","RWA","042","Rwanda","ITA","Italy",2022,"Gross Imp.",1,3.736,2083.24,8,"Kg",2083
"S3","RWA","042","Rwanda","ITA","Italy",2022,"Import",5,3.736,2083.24,8,"Kg",2083
"S3","RWA","042","Rwanda","JPN","Japan",2021,"Gross Imp.",1,0.042,4,8,"Kg",4
"S3","RWA","042","Rwanda","JPN","Japan",2021,"Import",5,0.042,4,8,"Kg",4
"S3","RWA","042","Rwanda","KEN","Kenya",2020,"Export",6,0.044,50,8,"Kg",50
"S3","RWA","042","Rwanda","KEN","Kenya",2020,"Gross Exp.",2,0.044,50,8,"Kg",50
"S3","RWA","042","Rwanda","KEN","Kenya",2020,"Gross Imp.",1,187.572,260205,8,"Kg",260205
"S3","RWA","042","Rwanda","KEN","Kenya",2020,"Import",5,187.572,260205,8,"Kg",260205
"S3","RWA","042","Rwanda","KEN","Kenya",2021,"Gross Imp.",1,0.16,300,8,"Kg",300
"S3","RWA","042","Rwanda","KEN","Kenya",2021,"Import",5,0.16,300,8,"Kg",300
"S3","RWA","042","Rwanda","KEN","Kenya",2022,"Gross Imp.",1,14.783,28530,8,"Kg",28530
"S3","RWA","042","Rwanda","KEN","Kenya",2022,"Import",5,14.783,28530,8,"Kg",28530
"S3","RWA","042","Rwanda","LBR","Liberia",2020,"Gross Imp.",1,0.043,45,8,"Kg",45
"S3","RWA","042","Rwanda","LBR","Liberia",2020,"Import",5,0.043,45,8,"Kg",45
"S3","RWA","042","Rwanda","MMR","Myanmar",2020,"Gross Imp.",1,603.364,1564992,8,"Kg",1564992
"S3","RWA","042","Rwanda","MMR","Myanmar",2020,"Import",5,603.364,1564992,8,"Kg",1564992
"S3","RWA","042","Rwanda","MWI","Malawi",2020,"Gross Imp.",1,0.008,10,8,"Kg",10
"S3","RWA","042","Rwanda","MWI","Malawi",2020,"Import",5,0.008,10,8,"Kg",10
"S3","RWA","042","Rwanda","NGA","Nigeria",2022,"Gross Imp.",1,2.565,700,8,"Kg",700
"S3","RWA","042","Rwanda","NGA","Nigeria",2022,"Import",5,2.565,700,8,"Kg",700
"S3","RWA","042","Rwanda","NLD","Netherlands",2020,"Gross Imp.",1,0.212,65,8,"Kg",65
"S3","RWA","042","Rwanda","NLD","Netherlands",2020,"Import",5,0.212,65,8,"Kg",65
"S3","RWA","042","Rwanda","NLD","Netherlands",2021,"Gross Imp.",1,0.142,30,8,"Kg",30
"S3","RWA","042","Rwanda","NLD","Netherlands",2021,"Import",5,0.142,30,8,"Kg",30
"S3","RWA","042","Rwanda","NLD","Netherlands",2022,"Gross Imp.",1,0.281,167.8,8,"Kg",168
"S3","RWA","042","Rwanda","NLD","Netherlands",2022,"Import",5,0.281,167.8,8,"Kg",168
"S3","RWA","042","Rwanda","PAK","Pakistan",2020,"Gross Imp.",1,48042.9,105905091,8,"Kg",105905091
"S3","RWA","042","Rwanda","PAK","Pakistan",2020,"Import",5,48042.9,105905091,8,"Kg",105905091
"S3","RWA","042","Rwanda","PAK","Pakistan",2021,"Gross Imp.",1,15958.792,33090805,8,"Kg",33090805
"S3","RWA","042","Rwanda","PAK","Pakistan",2021,"Import",5,15958.792,33090805,8,"Kg",33090805
"S3","RWA","042","Rwanda","PAK","Pakistan",2022,"Gross Imp.",1,50083.461,97700371.4,8,"Kg",97700371
"S3","RWA","042","Rwanda","PAK","Pakistan",2022,"Import",5,50083.461,97700371.4,8,"Kg",97700371
"S3","RWA","042","Rwanda","PAN","Panama",2020,"Gross Imp.",1,55.987,108324,8,"Kg",108324
"S3","RWA","042","Rwanda","PAN","Panama",2020,"Import",5,55.987,108324,8,"Kg",108324
"S3","RWA","042","Rwanda","POL","Poland",2022,"Gross Imp.",1,13.351,27000,8,"Kg",27000
"S3","RWA","042","Rwanda","POL","Poland",2022,"Import",5,13.351,27000,8,"Kg",27000
"S3","RWA","042","Rwanda","SAU","Saudi Arabia",2020,"Export",6,0,0,8,"Kg",0
"S3","RWA","042","Rwanda","SAU","Saudi Arabia",2020,"Gross Exp.",2,12.476,21250,8,"Kg",21250
"S3","RWA","042","Rwanda","SAU","Saudi Arabia",2020,"Re-Export",3,12.476,21250,8,"Kg",21250
"S3","RWA","042","Rwanda","SSD","South Sudan",2021,"Export",6,0,0,8,"Kg",0
"S3","RWA","042","Rwanda","SSD","South Sudan",2021,"Gross Exp.",2,80.842,165540,8,"Kg",165540
"S3","RWA","042","Rwanda","SSD","South Sudan",2021,"Re-Export",3,80.842,165540,8,"Kg",165540
"S3","RWA","042","Rwanda","THA","Thailand",2020,"Gross Imp.",1,3031.818,6258906,8,"Kg",6258906
"S3","RWA","042","Rwanda","THA","Thailand",2020,"Import",5,3031.818,6258906,8,"Kg",6258906
"S3","RWA","042","Rwanda","THA","Thailand",2021,"Gross Imp.",1,325.869,579018,8,"Kg",579018
"S3","RWA","042","Rwanda","THA","Thailand",2021,"Import",5,325.869,579018,8,"Kg",579018
"S3","RWA","042","Rwanda","THA","Thailand",2022,"Gross Imp.",1,2474.109,4201260,8,"Kg",4201260
"S3","RWA","042","Rwanda","THA","Thailand",2022,"Import",5,2474.109,4201260,8,"Kg",4201260
"S3","RWA","042","Rwanda","TUR","Turkey",2021,"Gross Imp.",1,0.243,10,8,"Kg",10
"S3","RWA","042","Rwanda","TUR","Turkey",2021,"Import",5,0.243,10,8,"Kg",10
"S3","RWA","042","Rwanda","TUR","Turkey",2022,"Gross Imp.",1,8.091,14076,8,"Kg",14076
"S3","RWA","042","Rwanda","TUR","Turkey",2022,"Import",5,8.091,14076,8,"Kg",14076
"S3","RWA","042","Rwanda","TZA","Tanzania",2020,"Gross Imp.",1,40808.072,62417315,8,"Kg",62417315
"S3","RWA","042","Rwanda","TZA","Tanzania",2020,"Import",5,40808.072,62417315,8,"Kg",62417315
"S3","RWA","042","Rwanda","TZA","Tanzania",2021,"Export",6,1.867,3575,8,"Kg",3575
"S3","RWA","042","Rwanda","TZA","Tanzania",2021,"Gross Exp.",2,1.867,3575,8,"Kg",3575
"S3","RWA","042","Rwanda","TZA","Tanzania",2021,"Gross Imp.",1,55991.69,91315250,8,"Kg",91315250
"S3","RWA","042","Rwanda","TZA","Tanzania",2021,"Import",5,55991.69,91315250,8,"Kg",91315250
"S3","RWA","042","Rwanda","TZA","Tanzania",2022,"Export",6,0.03,15,8,"Kg",15
"S3","RWA","042","Rwanda","TZA","Tanzania",2022,"Gross Exp.",2,0.03,15,8,"Kg",15
"S3","RWA","042","Rwanda","TZA","Tanzania",2022,"Gross Imp.",1,42656.462,58015010,8,"Kg",58015010
"S3","RWA","042","Rwanda","TZA","Tanzania",2022,"Import",5,42656.462,58015010,8,"Kg",58015010
"S3","RWA","042","Rwanda","UGA","Uganda",2022,"Export",6,0.216,200,8,"Kg",200
"S3","RWA","042","Rwanda","UGA","Uganda",2022,"Gross Exp.",2,0.216,200,8,"Kg",200
"S3","RWA","042","Rwanda","UGA","Uganda",2022,"Gross Imp.",1,12.961,28435,8,"Kg",28435
"S3","RWA","042","Rwanda","UGA","Uganda",2022,"Import",5,12.961,28435,8,"Kg",28435
"S3","RWA","042","Rwanda","USA","United States",2020,"Gross Imp.",1,73.558,131837,8,"Kg",131837
"S3","RWA","042","Rwanda","USA","United States",2020,"Import",5,73.558,131837,8,"Kg",131837
"S3","RWA","042","Rwanda","USA","United States",2021,"Gross Imp.",1,20.043,39255.7,8,"Kg",39256
"S3","RWA","042","Rwanda","USA","United States",2021,"Import",5,20.043,39255.7,8,"Kg",39256
"S3","RWA","042","Rwanda","USA","United States",2022,"Gross Imp.",1,111.757,154300.34,8,"Kg",154300
"S3","RWA","042","Rwanda","USA","United States",2022,"Import",5,111.757,154300.34,8,"Kg",154300
"S3","RWA","042","Rwanda","VCT","St. Vincent and the Grenadines",2021,"Export",6,0,0,8,"Kg",0
"S3","RWA","042","Rwanda","VCT","St. Vincent and the Grenadines",2021,"Gross Exp.",2,4.517,7750,8,"Kg",7750
"S3","RWA","042","Rwanda","VCT","St. Vincent and the Grenadines",2021,"Re-Export",3,4.517,7750,8,"Kg",7750
"S3","RWA","042","Rwanda","VNM","Vietnam",2021,"Gross Imp.",1,157.635,375000,8,"Kg",375000
"S3","RWA","042","Rwanda","VNM","Vietnam",2021,"Import",5,157.635,375000,8,"Kg",375000
"S3","RWA","042","Rwanda","WLD"," World",2020,"Export",6,0.084,150,8,"Kg",150
"S3","RWA","042","Rwanda","WLD"," World",2020,"Gross Exp.",2,34033.685,59294203.7,8,"Kg",59294204
"S3","RWA","042","Rwanda","WLD"," World",2020,"Gross Imp.",1,97913.287,186784739.18,8,"Kg",186784739
"S3","RWA","042","Rwanda","WLD"," World",2020,"Import",5,97913.287,186784739.18,8,"Kg",186784739
"S3","RWA","042","Rwanda","WLD"," World",2020,"Re-Export",3,34033.601,59294053.7,8,"Kg",59294054
"S3","RWA","042","Rwanda","WLD"," World",2021,"Export",6,1.868,3575,8,"Kg",3575
"S3","RWA","042","Rwanda","WLD"," World",2021,"Gross Exp.",2,36457.359,64721290.55,8,"Kg",64721291
"S3","RWA","042","Rwanda","WLD"," World",2021,"Gross Imp.",1,88833.49,159784964.49,8,"Kg",159784964
"S3","RWA","042","Rwanda","WLD"," World",2021,"Import",5,88833.49,159784964.49,8,"Kg",159784964
"S3","RWA","042","Rwanda","WLD"," World",2021,"Re-Export",3,36455.491,64717715.55,8,"Kg",64717716
"S3","RWA","042","Rwanda","WLD"," World",2022,"Export",6,7.766,23215,8,"Kg",23215
"S3","RWA","042","Rwanda","WLD"," World",2022,"Gross Exp.",2,62886.798,94630598.8,8,"Kg",94630599
"S3","RWA","042","Rwanda","WLD"," World",2022,"Gross Imp.",1,144269.752,251817486.45,8,"Kg",251817486
"S3","RWA","042","Rwanda","WLD"," World",2022,"Import",5,144269.752,251817486.45,8,"Kg",251817486
"S3","RWA","042","Rwanda","WLD"," World",2022,"Re-Export",3,62879.032,94607383.8,8,"Kg",94607384
"S3","RWA","042","Rwanda","ZAF","South Africa",2020,"Gross Imp.",1,0.093,32,8,"Kg",32
"S3","RWA","042","Rwanda","ZAF","South Africa",2020,"Import",5,0.093,32,8,"Kg",32
"S3","RWA","042","Rwanda","ZAR","Congo, Dem. Rep.",2020,"Export",6,0,0,8,"Kg",0
"S3","RWA","042","Rwanda","ZAR","Congo, Dem. Rep.",2020,"Gross Exp.",2,34021.125,59272803.7,8,"Kg",59272804
"S3","RWA","042","Rwanda","ZAR","Congo, Dem. Rep.",2020,"Gross Imp.",1,0.898,3153,8,"Kg",3153
"S3","RWA","042","Rwanda","ZAR","Congo, Dem. Rep.",2020,"Import",5,0.898,3153,8,"Kg",3153
"S3","RWA","042","Rwanda","ZAR","Congo, Dem. Rep.",2020,"Re-Export",3,34021.125,59272803.7,8,"Kg",59272804
"S3","RWA","042","Rwanda","ZAR","Congo, Dem. Rep.",2021,"Export",6,0,0,8,"Kg",0
"S3","RWA","042","Rwanda","ZAR","Congo, Dem. Rep.",2021,"Gross Exp.",2,36369.932,64544175.55,8,"Kg",64544176
"S3","RWA","042","Rwanda","ZAR","Congo, Dem. Rep.",2021,"Gross Imp.",1,0.423,1475,8,"Kg",1475
"S3","RWA","042","Rwanda","ZAR","Congo, Dem. Rep.",2021,"Import",5,0.423,1475,8,"Kg",1475
"S3","RWA","042","Rwanda","ZAR","Congo, Dem. Rep.",2021,"Re-Export",3,36369.932,64544175.55,8,"Kg",64544176
"S3","RWA","042","Rwanda","ZAR","Congo, Dem. Rep.",2022,"Export",6,7.52,23000,8,"Kg",23000
"S3","RWA","042","Rwanda","ZAR","Congo, Dem. Rep.",2022,"Gross Exp.",2,62769.595,94457924.8,8,"Kg",94457925
"S3","RWA","042","Rwanda","ZAR","Congo, Dem. Rep.",2022,"Gross Imp.",1,16.724,31785,8,"Kg",31785
"S3","RWA","042","Rwanda","ZAR","Congo, Dem. Rep.",2022,"Import",5,16.724,31785,8,"Kg",31785
"S3","RWA","042","Rwanda","ZAR","Congo, Dem. Rep.",2022,"Re-Export",3,62762.075,94434924.8,8,"Kg",94434925
"S3","RWA","043","Rwanda","BEL","Belgium",2022,"Gross Imp.",1,230.119,495807,8,"Kg",495807
"S3","RWA","043","Rwanda","BEL","Belgium",2022,"Import",5,230.119,495807,8,"Kg",495807
"S3","RWA","043","Rwanda","IND","India",2022,"Gross Imp.",1,0.056,11,8,"Kg",11
"S3","RWA","043","Rwanda","IND","India",2022,"Import",5,0.056,11,8,"Kg",11
"S3","RWA","043","Rwanda","KEN","Kenya",2020,"Gross Imp.",1,157.79,350000,8,"Kg",350000
"S3","RWA","043","Rwanda","KEN","Kenya",2020,"Import",5,157.79,350000,8,"Kg",350000
"S3","RWA","043","Rwanda","KEN","Kenya",2021,"Gross Imp.",1,0.019,15,8,"Kg",15
"S3","RWA","043","Rwanda","KEN","Kenya",2021,"Import",5,0.019,15,8,"Kg",15
"S3","RWA","043","Rwanda","TUR","Turkey",2022,"Gross Imp.",1,0.102,10,8,"Kg",10
"S3","RWA","043","Rwanda","TUR","Turkey",2022,"Import",5,0.102,10,8,"Kg",10
"S3","RWA","043","Rwanda","WLD"," World",2020,"Gross Imp.",1,157.867,350040,8,"Kg",350040
"S3","RWA","043","Rwanda","WLD"," World",2020,"Import",5,157.867,350040,8,"Kg",350040
"S3","RWA","043","Rwanda","WLD"," World",2021,"Gross Imp.",1,0.019,15,8,"Kg",15
"S3","RWA","043","Rwanda","WLD"," World",2021,"Import",5,0.019,15,8,"Kg",15
"S3","RWA","043","Rwanda","WLD"," World",2022,"Gross Imp.",1,230.277,495828,8,"Kg",495828
"S3","RWA","043","Rwanda","WLD"," World",2022,"Import",5,230.277,495828,8,"Kg",495828
"S3","RWA","043","Rwanda","ZAF","South Africa",2020,"Gross Imp.",1,0.077,40,8,"Kg",40
"S3","RWA","043","Rwanda","ZAF","South Africa",2020,"Import",5,0.077,40,8,"Kg",40
"S3","RWA","044","Rwanda","ARE","United Arab Emirates",2020,"Gross Imp.",1,2.088,4032,8,"Kg",4032
"S3","RWA","044","Rwanda","ARE","United Arab Emirates",2020,"Import",5,2.088,4032,8,"Kg",4032
"S3","RWA","044","Rwanda","ARE","United Arab Emirates",2021,"Export",6,0.12,23,8,"Kg",23
"S3","RWA","044","Rwanda","ARE","United Arab Emirates",2021,"Gross Exp.",2,0.12,23,8,"Kg",23
"S3","RWA","044","Rwanda","ARE","United Arab Emirates",2021,"Gross Imp.",1,5.962,4716.36,8,"Kg",4716
"S3","RWA","044","Rwanda","ARE","United Arab Emirates",2021,"Import",5,5.962,4716.36,8,"Kg",4716
"S3","RWA","044","Rwanda","ARE","United Arab Emirates",2022,"Gross Imp.",1,11.487,10400,8,"Kg",10400
"S3","RWA","044","Rwanda","ARE","United Arab Emirates",2022,"Import",5,11.487,10400,8,"Kg",10400
"S3","RWA","044","Rwanda","BEL","Belgium",2020,"Gross Imp.",1,0.698,257,8,"Kg",257
"S3","RWA","044","Rwanda","BEL","Belgium",2020,"Import",5,0.698,257,8,"Kg",257
"S3","RWA","044","Rwanda","BEL","Belgium",2022,"Gross Imp.",1,0.284,156,8,"Kg",156
"S3","RWA","044","Rwanda","BEL","Belgium",2022,"Import",5,0.284,156,8,"Kg",156
"S3","RWA","044","Rwanda","BGR","Bulgaria",2020,"Gross Imp.",1,1023.131,3318130,8,"Kg",3318130
"S3","RWA","044","Rwanda","BGR","Bulgaria",2020,"Import",5,1023.131,3318130,8,"Kg",3318130
"S3","RWA","044","Rwanda","BGR","Bulgaria",2021,"Gross Imp.",1,856.143,2977910,8,"Kg",2977910
"S3","RWA","044","Rwanda","BGR","Bulgaria",2021,"Import",5,856.143,2977910,8,"Kg",2977910
"S3","RWA","044","Rwanda","CAF","Central African Republic",2021,"Export",6,7.951,3982,8,"Kg",3982
"S3","RWA","044","Rwanda","CAF","Central African Republic",2021,"Gross Exp.",2,7.951,3982,8,"Kg",3982
"S3","RWA","044","Rwanda","CHN","China",2021,"Gross Imp.",1,0.085,119,8,"Kg",119
"S3","RWA","044","Rwanda","CHN","China",2021,"Import",5,0.085,119,8,"Kg",119
"S3","RWA","044","Rwanda","CHN","China",2022,"Gross Imp.",1,0.112,206,8,"Kg",206
"S3","RWA","044","Rwanda","CHN","China",2022,"Import",5,0.112,206,8,"Kg",206
"S3","RWA","044","Rwanda","DNK","Denmark",2020,"Gross Imp.",1,1.126,642,8,"Kg",642
"S3","RWA","044","Rwanda","DNK","Denmark",2020,"Import",5,1.126,642,8,"Kg",642
"S3","RWA","044","Rwanda","GBR","United Kingdom",2020,"Export",6,0.416,152,8,"Kg",152
"S3","RWA","044","Rwanda","GBR","United Kingdom",2020,"Gross Exp.",2,0.416,152,8,"Kg",152
"S3","RWA","044","Rwanda","GBR","United Kingdom",2021,"Export",6,7.18,1004,8,"Kg",1004
"S3","RWA","044","Rwanda","GBR","United Kingdom",2021,"Gross Exp.",2,7.18,1004,8,"Kg",1004
"S3","RWA","044","Rwanda","GBR","United Kingdom",2021,"Gross Imp.",1,13.977,49458,8,"Kg",49458
"S3","RWA","044","Rwanda","GBR","United Kingdom",2021,"Import",5,13.977,49458,8,"Kg",49458
"S3","RWA","044","Rwanda","HKG","Hong Kong, China",2021,"Gross Imp.",1,0.02,9.96,8,"Kg",10
"S3","RWA","044","Rwanda","HKG","Hong Kong, China",2021,"Import",5,0.02,9.96,8,"Kg",10
"S3","RWA","044","Rwanda","HKG","Hong Kong, China",2022,"Gross Imp.",1,0.01,3,8,"Kg",3
"S3","RWA","044","Rwanda","HKG","Hong Kong, China",2022,"Import",5,0.01,3,8,"Kg",3
"S3","RWA","044","Rwanda","HUN","Hungary",2021,"Gross Imp.",1,0.191,98,8,"Kg",98
"S3","RWA","044","Rwanda","HUN","Hungary",2021,"Import",5,0.191,98,8,"Kg",98
"S3","RWA","044","Rwanda","IND","India",2020,"Gross Imp.",1,0.096,112,8,"Kg",112
"S3","RWA","044","Rwanda","IND","India",2020,"Import",5,0.096,112,8,"Kg",112
"S3","RWA","044","Rwanda","IND","India",2021,"Gross Imp.",1,0.367,462,8,"Kg",462
"S3","RWA","044","Rwanda","IND","India",2021,"Import",5,0.367,462,8,"Kg",462
"S3","RWA","044","Rwanda","IND","India",2022,"Gross Imp.",1,0.63,776,8,"Kg",776
"S3","RWA","044","Rwanda","IND","India",2022,"Import",5,0.63,776,8,"Kg",776
"S3","RWA","044","Rwanda","JPN","Japan",2021,"Gross Imp.",1,0.005,0.6,8,"Kg",1
"S3","RWA","044","Rwanda","JPN","Japan",2021,"Import",5,0.005,0.6,8,"Kg",1
"S3","RWA","044","Rwanda","KEN","Kenya",2020,"Export",6,23.273,13742,8,"Kg",13742
"S3","RWA","044","Rwanda","KEN","Kenya",2020,"Gross Exp.",2,23.273,13742,8,"Kg",13742
"S3","RWA","044","Rwanda","KEN","Kenya",2020,"Gross Imp.",1,6777.921,3312134,8,"Kg",3312134
"S3","RWA","044","Rwanda","KEN","Kenya",2020,"Import",5,6777.921,3312134,8,"Kg",3312134
"S3","RWA","044","Rwanda","KEN","Kenya",2021,"Gross Imp.",1,1141.476,536183.6,8,"Kg",536184
"S3","RWA","044","Rwanda","KEN","Kenya",2021,"Import",5,1141.476,536183.6,8,"Kg",536184
"S3","RWA","044","Rwanda","KEN","Kenya",2022,"Export",6,197.829,94686,8,"Kg",94686
"S3","RWA","044","Rwanda","KEN","Kenya",2022,"Gross Exp.",2,197.829,94686,8,"Kg",94686
"S3","RWA","044","Rwanda","KEN","Kenya",2022,"Gross Imp.",1,460.161,236516,8,"Kg",236516
"S3","RWA","044","Rwanda","KEN","Kenya",2022,"Import",5,460.161,236516,8,"Kg",236516
"S3","RWA","044","Rwanda","TUR","Turkey",2021,"Gross Imp.",1,0.155,132,8,"Kg",132
"S3","RWA","044","Rwanda","TUR","Turkey",2021,"Import",5,0.155,132,8,"Kg",132
"S3","RWA","044","Rwanda","TUR","Turkey",2022,"Gross Imp.",1,0.08,100,8,"Kg",100
"S3","RWA","044","Rwanda","TUR","Turkey",2022,"Import",5,0.08,100,8,"Kg",100
"S3","RWA","044","Rwanda","TZA","Tanzania",2020,"Gross Imp.",1,15707.739,63968405,8,"Kg",63968405
"S3","RWA","044","Rwanda","TZA","Tanzania",2020,"Import",5,15707.739,63968405,8,"Kg",63968405
"S3","RWA","044","Rwanda","TZA","Tanzania",2021,"Gross Imp.",1,16252.369,63775922,8,"Kg",63775922
"S3","RWA","044","Rwanda","TZA","Tanzania",2021,"Import",5,16252.369,63775922,8,"Kg",63775922
"S3","RWA","044","Rwanda","TZA","Tanzania",2022,"Gross Imp.",1,20196.249,71300750,8,"Kg",71300750
"S3","RWA","044","Rwanda","TZA","Tanzania",2022,"Import",5,20196.249,71300750,8,"Kg",71300750
"S3","RWA","044","Rwanda","UGA","Uganda",2022,"Gross Imp.",1,8235.986,43154940,8,"Kg",43154940
"S3","RWA","044","Rwanda","UGA","Uganda",2022,"Import",5,8235.986,43154940,8,"Kg",43154940
"S3","RWA","044","Rwanda","UKR","Ukraine",2020,"Gross Imp.",1,951.312,3248490,8,"Kg",3248490
"S3","RWA","044","Rwanda","UKR","Ukraine",2020,"Import",5,951.312,3248490,8,"Kg",3248490
"S3","RWA","044","Rwanda","USA","United States",2022,"Gross Imp.",1,0.042,300,8,"Kg",300
"S3","RWA","044","Rwanda","USA","United States",2022,"Import",5,0.042,300,8,"Kg",300
"S3","RWA","044","Rwanda","WLD"," World",2020,"Export",6,32.177,84244,8,"Kg",84244
"S3","RWA","044","Rwanda","WLD"," World",2020,"Gross Exp.",2,32.909,84864,8,"Kg",84864
"S3","RWA","044","Rwanda","WLD"," World",2020,"Gross Imp.",1,28965.273,76236661,8,"Kg",76236661
"S3","RWA","044","Rwanda","WLD"," World",2020,"Import",5,28965.273,76236661,8,"Kg",76236661
"S3","RWA","044","Rwanda","WLD"," World",2020,"Re-Export",3,0.732,620,8,"Kg",620
"S3","RWA","044","Rwanda","WLD"," World",2021,"Export",6,59.015,403009,8,"Kg",403009
"S3","RWA","044","Rwanda","WLD"," World",2021,"Gross Exp.",2,66.898,405460.36,8,"Kg",405460
"S3","RWA","044","Rwanda","WLD"," World",2021,"Gross Imp.",1,18349.515,67797368.02,8,"Kg",67797368
"S3","RWA","044","Rwanda","WLD"," World",2021,"Import",5,18349.515,67797368.02,8,"Kg",67797368
"S3","RWA","044","Rwanda","WLD"," World",2021,"Re-Export",3,7.883,2451.36,8,"Kg",2451
"S3","RWA","044","Rwanda","WLD"," World",2022,"Export",6,605.193,1833211,8,"Kg",1833211
"S3","RWA","044","Rwanda","WLD"," World",2022,"Gross Exp.",2,929.7,3036994,8,"Kg",3036994
"S3","RWA","044","Rwanda","WLD"," World",2022,"Gross Imp.",1,39719.827,143681133,8,"Kg",143681133
"S3","RWA","044","Rwanda","WLD"," World",2022,"Import",5,39719.827,143681133,8,"Kg",143681133
"S3","RWA","044","Rwanda","WLD"," World",2022,"Re-Export",3,324.507,1203783,8,"Kg",1203783
"S3","RWA","044","Rwanda","ZAF","South Africa",2020,"Gross Imp.",1,2035.064,888683,8,"Kg",888683
"S3","RWA","044","Rwanda","ZAF","South Africa",2020,"Import",5,2035.064,888683,8,"Kg",888683
"S3","RWA","044","Rwanda","ZAF","South Africa",2021,"Gross Imp.",1,1.696,492,8,"Kg",492
"S3","RWA","044","Rwanda","ZAF","South Africa",2021,"Import",5,1.696,492,8,"Kg",492
"S3","RWA","044","Rwanda","ZAF","South Africa",2022,"Export",6,0.091,600,8,"Kg",600
"S3","RWA","044","Rwanda","ZAF","South Africa",2022,"Gross Exp.",2,0.091,600,8,"Kg",600
"S3","RWA","044","Rwanda","ZAF","South Africa",2022,"Gross Imp.",1,0.273,135,8,"Kg",135
"S3","RWA","044","Rwanda","ZAF","South Africa",2022,"Import",5,0.273,135,8,"Kg",135
"S3","RWA","044","Rwanda","ZAR","Congo, Dem. Rep.",2020,"Export",6,8.488,70350,8,"Kg",70350
"S3","RWA","044","Rwanda","ZAR","Congo, Dem. Rep.",2020,"Gross Exp.",2,9.22,70970,8,"Kg",70970
"S3","RWA","044","Rwanda","ZAR","Congo, Dem. Rep.",2020,"Gross Imp.",1,113.01,405840,8,"Kg",405840
"S3","RWA","044","Rwanda","ZAR","Congo, Dem. Rep.",2020,"Import",5,113.01,405840,8,"Kg",405840
"S3","RWA","044","Rwanda","ZAR","Congo, Dem. Rep.",2020,"Re-Export",3,0.732,620,8,"Kg",620
"S3","RWA","044","Rwanda","ZAR","Congo, Dem. Rep.",2021,"Export",6,43.765,398000,8,"Kg",398000
"S3","RWA","044","Rwanda","ZAR","Congo, Dem. Rep.",2021,"Gross Exp.",2,51.648,400451.36,8,"Kg",400451
"S3","RWA","044","Rwanda","ZAR","Congo, Dem. Rep.",2021,"Gross Imp.",1,41.403,343750,8,"Kg",343750
"S3","RWA","044","Rwanda","ZAR","Congo, Dem. Rep.",2021,"Import",5,41.403,343750,8,"Kg",343750
"S3","RWA","044","Rwanda","ZAR","Congo, Dem. Rep.",2021,"Re-Export",3,7.883,2451.36,8,"Kg",2451
"S3","RWA","044","Rwanda","ZAR","Congo, Dem. Rep.",2022,"Export",6,407.273,1737925,8,"Kg",1737925
"S3","RWA","044","Rwanda","ZAR","Congo, Dem. Rep.",2022,"Gross Exp.",2,731.78,2941708,8,"Kg",2941708
"S3","RWA","044","Rwanda","ZAR","Congo, Dem. Rep.",2022,"Gross Imp.",1,159.309,848013,8,"Kg",848013
"S3","RWA","044","Rwanda","ZAR","Congo, Dem. Rep.",2022,"Import",5,159.309,848013,8,"Kg",848013
"S3","RWA","044","Rwanda","ZAR","Congo, Dem. Rep.",2022,"Re-Export",3,324.507,1203783,8,"Kg",1203783
"S3","RWA","044","Rwanda","ZMB","Zambia",2020,"Gross Imp.",1,2353.088,1089936,8,"Kg",1089936
"S3","RWA","044","Rwanda","ZMB","Zambia",2020,"Import",5,2353.088,1089936,8,"Kg",1089936
"S3","RWA","044","Rwanda","ZMB","Zambia",2021,"Gross Imp.",1,34.857,108000,8,"Kg",108000
"S3","RWA","044","Rwanda","ZMB","Zambia",2021,"Import",5,34.857,108000,8,"Kg",108000
"S3","RWA","044","Rwanda","ZMB","Zambia",2022,"Gross Imp.",1,10655.205,28128838,8,"Kg",28128838
"S3","RWA","044","Rwanda","ZMB","Zambia",2022,"Import",5,10655.205,28128838,8,"Kg",28128838
"S3","RWA","044","Rwanda","ZWE","Zimbabwe",2021,"Gross Imp.",1,0.81,114.5,8,"Kg",115
"S3","RWA","044","Rwanda","ZWE","Zimbabwe",2021,"Import",5,0.81,114.5,8,"Kg",115
"S3","RWA","045","Rwanda","ARE","United Arab Emirates",2020,"Gross Imp.",1,3.448,1490,8,"Kg",1490
"S3","RWA","045","Rwanda","ARE","United Arab Emirates",2020,"Import",5,3.448,1490,8,"Kg",1490
"S3","RWA","045","Rwanda","ARE","United Arab Emirates",2021,"Gross Imp.",1,2.435,2685,8,"Kg",2685
"S3","RWA","045","Rwanda","ARE","United Arab Emirates",2021,"Import",5,2.435,2685,8,"Kg",2685
"S3","RWA","045","Rwanda","ARE","United Arab Emirates",2022,"Gross Imp.",1,15.656,11005.24,8,"Kg",11005
"S3","RWA","045","Rwanda","ARE","United Arab Emirates",2022,"Import",5,15.656,11005.24,8,"Kg",11005
"S3","RWA","045","Rwanda","BEL","Belgium",2020,"Gross Imp.",1,1.783,273.84,8,"Kg",274
"S3","RWA","045","Rwanda","BEL","Belgium",2020,"Import",5,1.783,273.84,8,"Kg",274
"S3","RWA","045","Rwanda","BEL","Belgium",2021,"Export",6,0.035,50,8,"Kg",50
"S3","RWA","045","Rwanda","BEL","Belgium",2021,"Gross Exp.",2,0.035,50,8,"Kg",50
"S3","RWA","045","Rwanda","BEL","Belgium",2021,"Gross Imp.",1,2.62,516.94,8,"Kg",517
"S3","RWA","045","Rwanda","BEL","Belgium",2021,"Import",5,2.62,516.94,8,"Kg",517
"S3","RWA","045","Rwanda","BEL","Belgium",2022,"Gross Imp.",1,1.923,356.2,8,"Kg",356
"S3","RWA","045","Rwanda","BEL","Belgium",2022,"Import",5,1.923,356.2,8,"Kg",356
"S3","RWA","045","Rwanda","CAN","Canada",2020,"Export",6,5.309,2520,8,"Kg",2520
"S3","RWA","045","Rwanda","CAN","Canada",2020,"Gross Exp.",2,5.309,2520,8,"Kg",2520
"S3","RWA","045","Rwanda","CAN","Canada",2021,"Export",6,8.072,4000,8,"Kg",4000
"S3","RWA","045","Rwanda","CAN","Canada",2021,"Gross Exp.",2,8.072,4000,8,"Kg",4000
"S3","RWA","045","Rwanda","CAN","Canada",2022,"Export",6,2.849,2800,8,"Kg",2800
"S3","RWA","045","Rwanda","CAN","Canada",2022,"Gross Exp.",2,2.849,2800,8,"Kg",2800
"S3","RWA","045","Rwanda","CHN","China",2020,"Gross Imp.",1,0.81,460,8,"Kg",460
"S3","RWA","045","Rwanda","CHN","China",2020,"Import",5,0.81,460,8,"Kg",460
"S3","RWA","045","Rwanda","CHN","China",2021,"Gross Imp.",1,1.155,562,8,"Kg",562
"S3","RWA","045","Rwanda","CHN","China",2021,"Import",5,1.155,562,8,"Kg",562
"S3","RWA","045","Rwanda","CHN","China",2022,"Gross Imp.",1,1.056,389.6,8,"Kg",390
"S3","RWA","2222","Rwanda","ZAR","Congo, Dem. Rep.",2020,"Import",5,368.363,1468151,8,"Kg",1468151
"S3","RWA","2222","Rwanda","ZAR","Congo, Dem. Rep.",2020,"Re-Export",3,8.313,30000,8,"Kg",30000
"S3","RWA","2222","Rwanda","ZAR","Congo, Dem. Rep.",2021,"Gross Imp.",1,148.337,660920,8,"Kg",660920
"S3","RWA","2222","Rwanda","ZAR","Congo, Dem. Rep.",2021,"Import",5,148.337,660920,8,"Kg",660920
"S3","RWA","2222","Rwanda","ZAR","Congo, Dem. Rep.",2022,"Export",6,0,0,8,"Kg",0
"S3","RWA","2222","Rwanda","ZAR","Congo, Dem. Rep.",2022,"Gross Exp.",2,0.329,228,8,"Kg",228
"S3","RWA","2222","Rwanda","ZAR","Congo, Dem. Rep.",2022,"Gross Imp.",1,49.144,164455,8,"Kg",164455
"S3","RWA","2222","Rwanda","ZAR","Congo, Dem. Rep.",2022,"Import",5,49.144,164455,8,"Kg",164455
"S3","RWA","2222","Rwanda","ZAR","Congo, Dem. Rep.",2022,"Re-Export",3,0.329,228,8,"Kg",228
"S3","RWA","2222","Rwanda","ZMB","Zambia",2021,"Gross Imp.",1,983.443,1660140,8,"Kg",1660140
"S3","RWA","2222","Rwanda","ZMB","Zambia",2021,"Import",5,983.443,1660140,8,"Kg",1660140
"S3","RWA","2222","Rwanda","ZMB","Zambia",2022,"Gross Imp.",1,184.066,166000,8,"Kg",166000
"S3","RWA","2222","Rwanda","ZMB","Zambia",2022,"Import",5,184.066,166000,8,"Kg",166000
"S3","RWA","223","Rwanda","AND","Andorra",2020,"Gross Imp.",1,0.069,15,8,"Kg",15
"S3","RWA","223","Rwanda","AND","Andorra",2020,"Import",5,0.069,15,8,"Kg",15
"S3","RWA","223","Rwanda","ARE","United Arab Emirates",2020,"Gross Imp.",1,0.013,50,8,"Kg",50
"S3","RWA","223","Rwanda","ARE","United Arab Emirates",2020,"Import",5,0.013,50,8,"Kg",50
"S3","RWA","223","Rwanda","ARE","United Arab Emirates",2021,"Gross Imp.",1,0.184,450,8,"Kg",450
"S3","RWA","223","Rwanda","ARE","United Arab Emirates",2021,"Import",5,0.184,450,8,"Kg",450
"S3","RWA","223","Rwanda","ARE","United Arab Emirates",2022,"Export",6,2752.238,717820,8,"Kg",717820
"S3","RWA","223","Rwanda","ARE","United Arab Emirates",2022,"Gross Exp.",2,2752.238,717820,8,"Kg",717820
"S3","RWA","223","Rwanda","ARE","United Arab Emirates",2022,"Gross Imp.",1,0.297,190.88,8,"Kg",191
"S3","RWA","223","Rwanda","ARE","United Arab Emirates",2022,"Import",5,0.297,190.88,8,"Kg",191
"S3","RWA","223","Rwanda","BEL","Belgium",2020,"Export",6,0.638,221,8,"Kg",221
"S3","RWA","223","Rwanda","BEL","Belgium",2020,"Gross Exp.",2,0.638,221,8,"Kg",221
"S3","RWA","223","Rwanda","BEL","Belgium",2021,"Export",6,0.949,360,8,"Kg",360
"S3","RWA","223","Rwanda","BEL","Belgium",2021,"Gross Exp.",2,0.949,360,8,"Kg",360
"S3","RWA","223","Rwanda","BEL","Belgium",2021,"Gross Imp.",1,0.266,12.6,8,"Kg",13
"S3","RWA","223","Rwanda","BEL","Belgium",2021,"Import",5,0.266,12.6,8,"Kg",13
"S3","RWA","223","Rwanda","BEL","Belgium",2022,"Gross Imp.",1,0.136,15.36,8,"Kg",15
"S3","RWA","223","Rwanda","BEL","Belgium",2022,"Import",5,0.136,15.36,8,"Kg",15
"S3","RWA","223","Rwanda","CAN","Canada",2021,"Export",6,6.861,2040,8,"Kg",2040
"S3","RWA","223","Rwanda","CAN","Canada",2021,"Gross Exp.",2,6.861,2040,8,"Kg",2040
"S3","RWA","223","Rwanda","CAN","Canada",2021,"Gross Imp.",1,0.005,9,8,"Kg",9
"S3","RWA","223","Rwanda","CAN","Canada",2021,"Import",5,0.005,9,8,"Kg",9
"S3","RWA","223","Rwanda","CHE","Switzerland",2022,"Gross Imp.",1,0.007,1,8,"Kg",1
"S3","RWA","223","Rwanda","CHE","Switzerland",2022,"Import",5,0.007,1,8,"Kg",1
"S3","RWA","223","Rwanda","CHN","China",2020,"Gross Imp.",1,0.247,55,8,"Kg",55
"S3","RWA","223","Rwanda","CHN","China",2020,"Import",5,0.247,55,8,"Kg",55
"S3","RWA","223","Rwanda","CHN","China",2021,"Gross Imp.",1,2.038,1177,8,"Kg",1177
"S3","RWA","223","Rwanda","CHN","China",2021,"Import",5,2.038,1177,8,"Kg",1177
"S3","RWA","223","Rwanda","CHN","China",2022,"Gross Imp.",1,5.161,7748,8,"Kg",7748
"S3","RWA","223","Rwanda","CHN","China",2022,"Import",5,5.161,7748,8,"Kg",7748
"S3","RWA","223","Rwanda","DEU","Germany",2020,"Gross Imp.",1,0.196,199,8,"Kg",199
"S3","RWA","223","Rwanda","DEU","Germany",2020,"Import",5,0.196,199,8,"Kg",199
"S3","RWA","223","Rwanda","DEU","Germany",2021,"Gross Imp.",1,0.346,50,8,"Kg",50
"S3","RWA","223","Rwanda","DEU","Germany",2021,"Import",5,0.346,50,8,"Kg",50
"S3","RWA","223","Rwanda","DEU","Germany",2022,"Gross Imp.",1,2.475,632,8,"Kg",632
"S3","RWA","223","Rwanda","DEU","Germany",2022,"Import",5,2.475,632,8,"Kg",632
"S3","RWA","223","Rwanda","ETH","Ethiopia(excludes Eritrea)",2020,"Gross Imp.",1,0.071,10,8,"Kg",10
"S3","RWA","223","Rwanda","ETH","Ethiopia(excludes Eritrea)",2020,"Import",5,0.071,10,8,"Kg",10
"S3","RWA","223","Rwanda","ETH","Ethiopia(excludes Eritrea)",2021,"Gross Imp.",1,0.015,10,8,"Kg",10
"S3","RWA","223","Rwanda","ETH","Ethiopia(excludes Eritrea)",2021,"Import",5,0.015,10,8,"Kg",10
"S3","RWA","223","Rwanda","FRA","France",2021,"Gross Imp.",1,2.183,259,8,"Kg",259
"S3","RWA","223","Rwanda","FRA","France",2021,"Import",5,2.183,259,8,"Kg",259
"S3","RWA","223","Rwanda","FRA","France",2022,"Gross Imp.",1,0.028,7.2,8,"Kg",7
"S3","RWA","223","Rwanda","FRA","France",2022,"Import",5,0.028,7.2,8,"Kg",7
"S3","RWA","223","Rwanda","GBR","United Kingdom",2020,"Export",6,0.562,85,8,"Kg",85
"S3","RWA","223","Rwanda","GBR","United Kingdom",2020,"Gross Exp.",2,0.562,85,8,"Kg",85
"S3","RWA","223","Rwanda","HKG","Hong Kong, China",2021,"Gross Imp.",1,0.01,5.4,8,"Kg",5
"S3","RWA","223","Rwanda","HKG","Hong Kong, China",2021,"Import",5,0.01,5.4,8,"Kg",5
"S3","RWA","223","Rwanda","HKG","Hong Kong, China",2022,"Gross Imp.",1,0.324,216,8,"Kg",216
"S3","RWA","223","Rwanda","HKG","Hong Kong, China",2022,"Import",5,0.324,216,8,"Kg",216
"S3","RWA","223","Rwanda","IND","India",2020,"Gross Imp.",1,0.159,102.9,8,"Kg",103
"S3","RWA","223","Rwanda","IND","India",2020,"Import",5,0.159,102.9,8,"Kg",103
"S3","RWA","223","Rwanda","IND","India",2021,"Gross Imp.",1,0.3,132,8,"Kg",132
"S3","RWA","223","Rwanda","IND","India",2021,"Import",5,0.3,132,8,"Kg",132
"S3","RWA","223","Rwanda","IND","India",2022,"Gross Imp.",1,1.278,741.8,8,"Kg",742
"S3","RWA","223","Rwanda","IND","India",2022,"Import",5,1.278,741.8,8,"Kg",742
"S3","RWA","223","Rwanda","KEN","Kenya",2020,"Export",6,0.032,30,8,"Kg",30
"S3","RWA","223","Rwanda","KEN","Kenya",2020,"Gross Exp.",2,0.032,30,8,"Kg",30
"S3","RWA","223","Rwanda","KEN","Kenya",2020,"Gross Imp.",1,18.802,235,8,"Kg",235
"S3","RWA","223","Rwanda","KEN","Kenya",2020,"Import",5,18.802,235,8,"Kg",235
"S3","RWA","223","Rwanda","KEN","Kenya",2021,"Gross Imp.",1,0.051,15,8,"Kg",15
"S3","RWA","223","Rwanda","KEN","Kenya",2021,"Import",5,0.051,15,8,"Kg",15
"S3","RWA","223","Rwanda","KEN","Kenya",2022,"Export",6,32.445,30000,8,"Kg",30000
"S3","RWA","223","Rwanda","KEN","Kenya",2022,"Gross Exp.",2,32.445,30000,8,"Kg",30000
"S3","RWA","223","Rwanda","KEN","Kenya",2022,"Gross Imp.",1,7.167,252,8,"Kg",252
"S3","RWA","223","Rwanda","KEN","Kenya",2022,"Import",5,7.167,252,8,"Kg",252
"S3","RWA","223","Rwanda","MEX","Mexico",2022,"Gross Imp.",1,407.716,10200,8,"Kg",10200
"S3","RWA","223","Rwanda","MEX","Mexico",2022,"Import",5,407.716,10200,8,"Kg",10200
"S3","RWA","223","Rwanda","MKD","North Macedonia",2022,"Gross Imp.",1,0.458,53,8,"Kg",53
"S3","RWA","223","Rwanda","MKD","North Macedonia",2022,"Import",5,0.458,53,8,"Kg",53
"S3","RWA","223","Rwanda","MLI","Mali",2022,"Gross Imp.",1,0.026,5,8,"Kg",5
"S3","RWA","223","Rwanda","MLI","Mali",2022,"Import",5,0.026,5,8,"Kg",5
"S3","RWA","223","Rwanda","NGA","Nigeria",2020,"Gross Imp.",1,0.469,83,8,"Kg",83
"S3","RWA","223","Rwanda","NGA","Nigeria",2020,"Import",5,0.469,83,8,"Kg",83
"S3","RWA","223","Rwanda","NGA","Nigeria",2022,"Gross Imp.",1,0.144,30,8,"Kg",30
"S3","RWA","223","Rwanda","NGA","Nigeria",2022,"Import",5,0.144,30,8,"Kg",30
"S3","RWA","223","Rwanda","NLD","Netherlands",2020,"Gross Imp.",1,0.1,6,8,"Kg",6
"S3","RWA","223","Rwanda","NLD","Netherlands",2020,"Import",5,0.1,6,8,"Kg",6
"S3","RWA","223","Rwanda","NLD","Netherlands",2021,"Gross Imp.",1,0.03,20,8,"Kg",20
"S3","RWA","223","Rwanda","NLD","Netherlands",2021,"Import",5,0.03,20,8,"Kg",20
"S3","RWA","223","Rwanda","NLD","Netherlands",2022,"Gross Imp.",1,0.139,5.7,8,"Kg",6
"S3","RWA","223","Rwanda","NLD","Netherlands",2022,"Import",5,0.139,5.7,8,"Kg",6
"S3","RWA","223","Rwanda","PAK","Pakistan",2020,"Gross Imp.",1,0.306,150,8,"Kg",150
"S3","RWA","223","Rwanda","PAK","Pakistan",2020,"Import",5,0.306,150,8,"Kg",150
"S3","RWA","223","Rwanda","PAK","Pakistan",2021,"Gross Imp.",1,0.25,20,8,"Kg",20
"S3","RWA","223","Rwanda","PAK","Pakistan",2021,"Import",5,0.25,20,8,"Kg",20
"S3","RWA","223","Rwanda","SSD","South Sudan",2022,"Export",6,3198.065,1362000,8,"Kg",1362000
"S3","RWA","223","Rwanda","SSD","South Sudan",2022,"Gross Exp.",2,3198.065,1362000,8,"Kg",1362000
"S3","RWA","223","Rwanda","SUD","Sudan",2022,"Export",6,138.983,1e+05,8,"Kg",100000
"S3","RWA","223","Rwanda","SUD","Sudan",2022,"Gross Exp.",2,138.983,1e+05,8,"Kg",100000
"S3","RWA","223","Rwanda","TUR","Turkey",2022,"Gross Imp.",1,0.012,50,8,"Kg",50
"S3","RWA","223","Rwanda","TUR","Turkey",2022,"Import",5,0.012,50,8,"Kg",50
"S3","RWA","223","Rwanda","TZA","Tanzania",2022,"Export",6,38.75,25000,8,"Kg",25000
"S3","RWA","223","Rwanda","TZA","Tanzania",2022,"Gross Exp.",2,38.75,25000,8,"Kg",25000
"S3","RWA","223","Rwanda","TZA","Tanzania",2022,"Gross Imp.",1,0.076,50,8,"Kg",50
"S3","RWA","223","Rwanda","TZA","Tanzania",2022,"Import",5,0.076,50,8,"Kg",50
"S3","RWA","223","Rwanda","UGA","Uganda",2022,"Gross Imp.",1,0.06,276,8,"Kg",276
"S3","RWA","223","Rwanda","UGA","Uganda",2022,"Import",5,0.06,276,8,"Kg",276
"S3","RWA","223","Rwanda","USA","United States",2020,"Export",6,31.791,15560,8,"Kg",15560
"S3","RWA","223","Rwanda","USA","United States",2020,"Gross Exp.",2,31.791,15560,8,"Kg",15560
"S3","RWA","223","Rwanda","USA","United States",2021,"Export",6,34.057,26062,8,"Kg",26062
"S3","RWA","223","Rwanda","USA","United States",2021,"Gross Exp.",2,34.057,26062,8,"Kg",26062
"S3","RWA","223","Rwanda","USA","United States",2021,"Gross Imp.",1,0.016,2,8,"Kg",2
"S3","RWA","223","Rwanda","USA","United States",2021,"Import",5,0.016,2,8,"Kg",2
"S3","RWA","223","Rwanda","USA","United States",2022,"Export",6,12.348,5568,8,"Kg",5568
"S3","RWA","223","Rwanda","USA","United States",2022,"Gross Exp.",2,12.348,5568,8,"Kg",5568
"S3","RWA","223","Rwanda","WLD"," World",2020,"Export",6,33.024,15896,8,"Kg",15896
"S3","RWA","223","Rwanda","WLD"," World",2020,"Gross Exp.",2,33.143,15921,8,"Kg",15921
"S3","RWA","223","Rwanda","WLD"," World",2020,"Gross Imp.",1,20.694,960.9,8,"Kg",961
"S3","RWA","223","Rwanda","WLD"," World",2020,"Import",5,20.694,960.9,8,"Kg",961
"S3","RWA","223","Rwanda","WLD"," World",2020,"Re-Export",3,0.119,25,8,"Kg",25
"S3","RWA","223","Rwanda","WLD"," World",2021,"Export",6,41.867,28462,8,"Kg",28462
"S3","RWA","223","Rwanda","WLD"," World",2021,"Gross Exp.",2,42.06,28892,8,"Kg",28892
"S3","RWA","223","Rwanda","WLD"," World",2021,"Gross Imp.",1,5.735,2172,8,"Kg",2172
"S3","RWA","223","Rwanda","WLD"," World",2021,"Import",5,5.735,2172,8,"Kg",2172
"S3","RWA","223","Rwanda","WLD"," World",2021,"Re-Export",3,0.193,430,8,"Kg",430
"S3","RWA","223","Rwanda","WLD"," World",2022,"Export",6,6172.829,2240388,8,"Kg",2240388
"S3","RWA","223","Rwanda","WLD"," World",2022,"Gross Exp.",2,6173.227,2245498,8,"Kg",2245498
"S3","RWA","223","Rwanda","WLD"," World",2022,"Gross Imp.",1,425.578,20508.94,8,"Kg",20509
"S3","RWA","223","Rwanda","WLD"," World",2022,"Import",5,425.578,20508.94,8,"Kg",20509
"S3","RWA","223","Rwanda","WLD"," World",2022,"Re-Export",3,0.398,5110,8,"Kg",5110
"S3","RWA","223","Rwanda","ZAF","South Africa",2020,"Gross Imp.",1,0.262,55,8,"Kg",55
"S3","RWA","223","Rwanda","ZAF","South Africa",2020,"Import",5,0.262,55,8,"Kg",55
"S3","RWA","223","Rwanda","ZAF","South Africa",2021,"Gross Imp.",1,0.041,10,8,"Kg",10
"S3","RWA","223","Rwanda","ZAF","South Africa",2021,"Import",5,0.041,10,8,"Kg",10
"S3","RWA","223","Rwanda","ZAF","South Africa",2022,"Gross Imp.",1,0.057,10,8,"Kg",10
"S3","RWA","223","Rwanda","ZAF","South Africa",2022,"Import",5,0.057,10,8,"Kg",10
"S3","RWA","223","Rwanda","ZAR","Congo, Dem. Rep.",2020,"Export",6,0,0,8,"Kg",0
"S3","RWA","223","Rwanda","ZAR","Congo, Dem. Rep.",2020,"Gross Exp.",2,0.119,25,8,"Kg",25
"S3","RWA","223","Rwanda","ZAR","Congo, Dem. Rep.",2020,"Re-Export",3,0.119,25,8,"Kg",25
"S3","RWA","223","Rwanda","ZAR","Congo, Dem. Rep.",2021,"Export",6,0,0,8,"Kg",0
"S3","RWA","223","Rwanda","ZAR","Congo, Dem. Rep.",2021,"Gross Exp.",2,0.193,430,8,"Kg",430
"S3","RWA","223","Rwanda","ZAR","Congo, Dem. Rep.",2021,"Re-Export",3,0.193,430,8,"Kg",430
"S3","RWA","223","Rwanda","ZAR","Congo, Dem. Rep.",2022,"Export",6,0,0,8,"Kg",0
"S3","RWA","223","Rwanda","ZAR","Congo, Dem. Rep.",2022,"Gross Exp.",2,0.398,5110,8,"Kg",5110
"S3","RWA","223","Rwanda","ZAR","Congo, Dem. Rep.",2022,"Gross Imp.",1,0.018,25,8,"Kg",25
"S3","RWA","223","Rwanda","ZAR","Congo, Dem. Rep.",2022,"Import",5,0.018,25,8,"Kg",25
"S3","RWA","223","Rwanda","ZAR","Congo, Dem. Rep.",2022,"Re-Export",3,0.398,5110,8,"Kg",5110
"S3","RWA","2239","Rwanda","BEL","Belgium",2020,"Export",6,0.638,221,8,"Kg",221
"S3","RWA","2239","Rwanda","BEL","Belgium",2020,"Gross Exp.",2,0.638,221,8,"Kg",221
"S3","RWA","2239","Rwanda","BEL","Belgium",2021,"Export",6,0.949,360,8,"Kg",360
"S3","RWA","2239","Rwanda","BEL","Belgium",2021,"Gross Exp.",2,0.949,360,8,"Kg",360
"S3","RWA","2239","Rwanda","CAN","Canada",2021,"Export",6,6.861,2040,8,"Kg",2040
"S3","RWA","2239","Rwanda","CAN","Canada",2021,"Gross Exp.",2,6.861,2040,8,"Kg",2040
"S3","RWA","2239","Rwanda","CAN","Canada",2021,"Gross Imp.",1,0.005,9,8,"Kg",9
"S3","RWA","2239","Rwanda","CAN","Canada",2021,"Import",5,0.005,9,8,"Kg",9
"S3","RWA","2239","Rwanda","CHN","China",2020,"Gross Imp.",1,0.005,10,8,"Kg",10
"S3","RWA","2239","Rwanda","CHN","China",2020,"Import",5,0.005,10,8,"Kg",10
"S3","RWA","2239","Rwanda","CHN","China",2022,"Gross Imp.",1,0.055,37,8,"Kg",37
"S3","RWA","2239","Rwanda","CHN","China",2022,"Import",5,0.055,37,8,"Kg",37
"S3","RWA","2239","Rwanda","GBR","United Kingdom",2020,"Export",6,0.562,85,8,"Kg",85
"S3","RWA","2239","Rwanda","GBR","United Kingdom",2020,"Gross Exp.",2,0.562,85,8,"Kg",85
"S3","RWA","2239","Rwanda","KEN","Kenya",2020,"Export",6,0.032,30,8,"Kg",30
"S3","RWA","2239","Rwanda","KEN","Kenya",2020,"Gross Exp.",2,0.032,30,8,"Kg",30
"S3","RWA","2239","Rwanda","KEN","Kenya",2020,"Gross Imp.",1,0.081,60,8,"Kg",60
"S3","RWA","2239","Rwanda","KEN","Kenya",2020,"Import",5,0.081,60,8,"Kg",60
"S3","RWA","2239","Rwanda","MLI","Mali",2022,"Gross Imp.",1,0.026,5,8,"Kg",5
"S3","RWA","2239","Rwanda","MLI","Mali",2022,"Import",5,0.026,5,8,"Kg",5
"S3","RWA","2239","Rwanda","NGA","Nigeria",2020,"Gross Imp.",1,0.204,39,8,"Kg",39
"S3","RWA","2239","Rwanda","NGA","Nigeria",2020,"Import",5,0.204,39,8,"Kg",39
"S3","RWA","2239","Rwanda","NGA","Nigeria",2022,"Gross Imp.",1,0.051,15,8,"Kg",15
"S3","RWA","2239","Rwanda","NGA","Nigeria",2022,"Import",5,0.051,15,8,"Kg",15
"S3","RWA","2239","Rwanda","TUR","Turkey",2022,"Gross Imp.",1,0.012,50,8,"Kg",50
"S3","RWA","2239","Rwanda","TUR","Turkey",2022,"Import",5,0.012,50,8,"Kg",50
"S3","RWA","2239","Rwanda","TZA","Tanzania",2022,"Gross Imp.",1,0.076,50,8,"Kg",50
"S3","RWA","2239","Rwanda","TZA","Tanzania",2022,"Import",5,0.076,50,8,"Kg",50
"S3","RWA","2239","Rwanda","UGA","Uganda",2022,"Gross Imp.",1,0.06,276,8,"Kg",276
"S3","RWA","2239","Rwanda","UGA","Uganda",2022,"Import",5,0.06,276,8,"Kg",276
"S3","RWA","2239","Rwanda","USA","United States",2020,"Export",6,31.791,15560,8,"Kg",15560
"S3","RWA","2239","Rwanda","USA","United States",2020,"Gross Exp.",2,31.791,15560,8,"Kg",15560
"S3","RWA","2239","Rwanda","USA","United States",2021,"Export",6,34.057,26062,8,"Kg",26062
"S3","RWA","2239","Rwanda","USA","United States",2021,"Gross Exp.",2,34.057,26062,8,"Kg",26062
"S3","RWA","2239","Rwanda","USA","United States",2022,"Export",6,12.348,5568,8,"Kg",5568
"S3","RWA","2239","Rwanda","USA","United States",2022,"Gross Exp.",2,12.348,5568,8,"Kg",5568
"S3","RWA","2239","Rwanda","WLD"," World",2020,"Export",6,33.024,15896,8,"Kg",15896
"S3","RWA","2239","Rwanda","WLD"," World",2020,"Gross Exp.",2,33.024,15896,8,"Kg",15896
"S3","RWA","2239","Rwanda","WLD"," World",2020,"Gross Imp.",1,0.492,139,8,"Kg",139
"S3","RWA","2239","Rwanda","WLD"," World",2020,"Import",5,0.492,139,8,"Kg",139
"S3","RWA","2239","Rwanda","WLD"," World",2021,"Export",6,41.868,28462,8,"Kg",28462
"S3","RWA","2239","Rwanda","WLD"," World",2021,"Gross Exp.",2,42.005,28692,8,"Kg",28692
"S3","RWA","2239","Rwanda","WLD"," World",2021,"Gross Imp.",1,0.005,9,8,"Kg",9
"S3","RWA","2239","Rwanda","WLD"," World",2021,"Import",5,0.005,9,8,"Kg",9
"S3","RWA","2239","Rwanda","WLD"," World",2021,"Re-Export",3,0.137,230,8,"Kg",230
"S3","RWA","2239","Rwanda","WLD"," World",2022,"Export",6,12.348,5568,8,"Kg",5568
"S3","RWA","2239","Rwanda","WLD"," World",2022,"Gross Exp.",2,12.348,5568,8,"Kg",5568
"S3","RWA","2239","Rwanda","WLD"," World",2022,"Gross Imp.",1,0.297,458,8,"Kg",458
"S3","RWA","2239","Rwanda","WLD"," World",2022,"Import",5,0.297,458,8,"Kg",458
"S3","RWA","2239","Rwanda","ZAF","South Africa",2020,"Gross Imp.",1,0.202,30,8,"Kg",30
"S3","RWA","2239","Rwanda","ZAF","South Africa",2020,"Import",5,0.202,30,8,"Kg",30
"S3","RWA","2239","Rwanda","ZAR","Congo, Dem. Rep.",2021,"Export",6,0,0,8,"Kg",0
"S3","RWA","2239","Rwanda","ZAR","Congo, Dem. Rep.",2021,"Gross Exp.",2,0.137,230,8,"Kg",230
"S3","RWA","2239","Rwanda","ZAR","Congo, Dem. Rep.",2021,"Re-Export",3,0.137,230,8,"Kg",230
"S3","RWA","2239","Rwanda","ZAR","Congo, Dem. Rep.",2022,"Gross Imp.",1,0.018,25,8,"Kg",25
"S3","RWA","2239","Rwanda","ZAR","Congo, Dem. Rep.",2022,"Import",5,0.018,25,8,"Kg",25
"S3","RWA","4211","Rwanda","ARE","United Arab Emirates",2020,"Gross Imp.",1,0.017,20,8,"Kg",20
"S3","RWA","4211","Rwanda","ARE","United Arab Emirates",2020,"Import",5,0.017,20,8,"Kg",20
"S3","RWA","4211","Rwanda","BEL","Belgium",2020,"Gross Imp.",1,997.156,908080,8,"Kg",908080
"S3","RWA","4211","Rwanda","BEL","Belgium",2020,"Import",5,997.156,908080,8,"Kg",908080
"S3","RWA","4211","Rwanda","BEL","Belgium",2021,"Gross Imp.",1,1224.992,995889,8,"Kg",995889
"S3","RWA","4211","Rwanda","BEL","Belgium",2021,"Import",5,1224.992,995889,8,"Kg",995889
"S3","RWA","4211","Rwanda","CHE","Switzerland",2022,"Gross Imp.",1,196.851,109160,8,"Kg",109160
"S3","RWA","4211","Rwanda","CHE","Switzerland",2022,"Import",5,196.851,109160,8,"Kg",109160
"S3","RWA","4211","Rwanda","CHN","China",2020,"Gross Imp.",1,0.412,380,8,"Kg",380
"S3","RWA","4211","Rwanda","CHN","China",2020,"Import",5,0.412,380,8,"Kg",380
"S3","RWA","4211","Rwanda","CHN","China",2022,"Gross Imp.",1,0.066,57,8,"Kg",57
"S3","RWA","4211","Rwanda","CHN","China",2022,"Import",5,0.066,57,8,"Kg",57
"S3","RWA","4211","Rwanda","DEU","Germany",2020,"Gross Imp.",1,577.93,530540,8,"Kg",530540
"S3","RWA","4211","Rwanda","DEU","Germany",2020,"Import",5,577.93,530540,8,"Kg",530540
"S3","RWA","4211","Rwanda","DEU","Germany",2021,"Gross Imp.",1,254.746,176235,8,"Kg",176235
"S3","RWA","4211","Rwanda","DEU","Germany",2021,"Import",5,254.746,176235,8,"Kg",176235
"S3","RWA","4211","Rwanda","DEU","Germany",2022,"Gross Imp.",1,2571.111,1260330,8,"Kg",1260330
"S3","RWA","4211","Rwanda","DEU","Germany",2022,"Import",5,2571.111,1260330,8,"Kg",1260330
"S3","RWA","4211","Rwanda","EGY","Egypt, Arab Rep.",2020,"Gross Imp.",1,634.604,621977,8,"Kg",621977
"S3","RWA","4211","Rwanda","EGY","Egypt, Arab Rep.",2020,"Import",5,634.604,621977,8,"Kg",621977
"S3","RWA","4211","Rwanda","EGY","Egypt, Arab Rep.",2021,"Gross Imp.",1,1912.498,1441768,8,"Kg",1441768
"S3","RWA","4211","Rwanda","EGY","Egypt, Arab Rep.",2021,"Import",5,1912.498,1441768,8,"Kg",1441768
"S3","RWA","4211","Rwanda","EGY","Egypt, Arab Rep.",2022,"Gross Imp.",1,1842.722,898689.8,8,"Kg",898690
"S3","RWA","4211","Rwanda","EGY","Egypt, Arab Rep.",2022,"Import",5,1842.722,898689.8,8,"Kg",898690
"S3","RWA","4211","Rwanda","IND","India",2020,"Gross Imp.",1,0.581,888.36,8,"Kg",888
"S3","RWA","4211","Rwanda","IND","India",2020,"Import",5,0.581,888.36,8,"Kg",888
"S3","RWA","4211","Rwanda","KEN","Kenya",2020,"Gross Imp.",1,2.247,1945,8,"Kg",1945
"S3","RWA","4211","Rwanda","KEN","Kenya",2020,"Import",5,2.247,1945,8,"Kg",1945
"S3","RWA","4211","Rwanda","KEN","Kenya",2021,"Export",6,53.036,32000,8,"Kg",32000
"S3","RWA","4211","Rwanda","KEN","Kenya",2021,"Gross Exp.",2,53.036,32000,8,"Kg",32000
"S3","RWA","4211","Rwanda","KEN","Kenya",2022,"Gross Imp.",1,1056.075,458600,8,"Kg",458600
"S3","RWA","4211","Rwanda","KEN","Kenya",2022,"Import",5,1056.075,458600,8,"Kg",458600
"S3","RWA","4211","Rwanda","MWI","Malawi",2021,"Gross Imp.",1,94.684,56000,8,"Kg",56000
"S3","RWA","4211","Rwanda","MWI","Malawi",2021,"Import",5,94.684,56000,8,"Kg",56000
"S3","RWA","4211","Rwanda","NLD","Netherlands",2020,"Gross Imp.",1,131.397,110750,8,"Kg",110750
"S3","RWA","4211","Rwanda","NLD","Netherlands",2020,"Import",5,131.397,110750,8,"Kg",110750
"S3","RWA","4211","Rwanda","NLD","Netherlands",2021,"Gross Imp.",1,671.916,554272,8,"Kg",554272
"S3","RWA","4211","Rwanda","NLD","Netherlands",2021,"Import",5,671.916,554272,8,"Kg",554272
"S3","RWA","4211","Rwanda","NLD","Netherlands",2022,"Gross Imp.",1,188.855,110750,8,"Kg",110750
"S3","RWA","4211","Rwanda","NLD","Netherlands",2022,"Import",5,188.855,110750,8,"Kg",110750
"S3","RWA","4211","Rwanda","TZA","Tanzania",2020,"Gross Imp.",1,24.604,31500,8,"Kg",31500
"S3","RWA","4211","Rwanda","TZA","Tanzania",2020,"Import",5,24.604,31500,8,"Kg",31500
"S3","RWA","4211","Rwanda","TZA","Tanzania",2021,"Gross Imp.",1,2.146,6040,8,"Kg",6040
"S3","RWA","4211","Rwanda","TZA","Tanzania",2021,"Import",5,2.146,6040,8,"Kg",6040
"S3","RWA","4211","Rwanda","TZA","Tanzania",2022,"Gross Imp.",1,0.005,2,8,"Kg",2
"S3","RWA","4211","Rwanda","TZA","Tanzania",2022,"Import",5,0.005,2,8,"Kg",2
"S3","RWA","4211","Rwanda","UGA","Uganda",2020,"Gross Imp.",1,65.567,57600,8,"Kg",57600
"S3","RWA","4211","Rwanda","UGA","Uganda",2020,"Import",5,65.567,57600,8,"Kg",57600
"S3","RWA","4211","Rwanda","UGA","Uganda",2022,"Gross Imp.",1,24.686,12638.7,8,"Kg",12639
"S3","RWA","4211","Rwanda","UGA","Uganda",2022,"Import",5,24.686,12638.7,8,"Kg",12639
"S3","RWA","4211","Rwanda","UKR","Ukraine",2020,"Gross Imp.",1,786.126,818518,8,"Kg",818518
"S3","RWA","4211","Rwanda","UKR","Ukraine",2020,"Import",5,786.126,818518,8,"Kg",818518
"S3","RWA","4211","Rwanda","WLD"," World",2020,"Export",6,0,0,8,"Kg",0
"S3","RWA","4211","Rwanda","WLD"," World",2020,"Gross Exp.",2,0.43,422,8,"Kg",422
"S3","RWA","4211","Rwanda","WLD"," World",2020,"Gross Imp.",1,3220.642,3082198.36,8,"Kg",3082198
"S3","RWA","4211","Rwanda","WLD"," World",2020,"Import",5,3220.642,3082198.36,8,"Kg",3082198
"S3","RWA","4211","Rwanda","WLD"," World",2020,"Re-Export",3,0.43,422,8,"Kg",422
"S3","RWA","4211","Rwanda","WLD"," World",2021,"Export",6,53.036,32000,8,"Kg",32000
"S3","RWA","4211","Rwanda","WLD"," World",2021,"Gross Exp.",2,57.615,38040,8,"Kg",38040
"S3","RWA","4211","Rwanda","WLD"," World",2021,"Gross Imp.",1,4160.981,3230204,8,"Kg",3230204
"S3","RWA","4211","Rwanda","WLD"," World",2021,"Import",5,4160.981,3230204,8,"Kg",3230204
"S3","RWA","4211","Rwanda","WLD"," World",2021,"Re-Export",3,4.579,6040,8,"Kg",6040
"S3","RWA","4211","Rwanda","WLD"," World",2022,"Gross Imp.",1,5880.372,2850227.5,8,"Kg",2850228
"S3","RWA","4211","Rwanda","WLD"," World",2022,"Import",5,5880.372,2850227.5,8,"Kg",2850228
"S3","RWA","4211","Rwanda","ZAR","Congo, Dem. Rep.",2020,"Export",6,0,0,8,"Kg",0
"S3","RWA","4211","Rwanda","ZAR","Congo, Dem. Rep.",2020,"Gross Exp.",2,0.43,422,8,"Kg",422
"S3","RWA","4211","Rwanda","ZAR","Congo, Dem. Rep.",2020,"Re-Export",3,0.43,422,8,"Kg",422
"S3","RWA","4211","Rwanda","ZAR","Congo, Dem. Rep.",2021,"Export",6,0,0,8,"Kg",0
"S3","RWA","4211","Rwanda","ZAR","Congo, Dem. Rep.",2021,"Gross Exp.",2,4.579,6040,8,"Kg",6040
"S3","RWA","4211","Rwanda","ZAR","Congo, Dem. Rep.",2021,"Re-Export",3,4.579,6040,8,"Kg",6040
"S3","RWA","4212","Rwanda","ARE","United Arab Emirates",2020,"Gross Imp.",1,3.253,2925,8,"Kg",2925
"S3","RWA","4212","Rwanda","ARE","United Arab Emirates",2020,"Import",5,3.253,2925,8,"Kg",2925
"S3","RWA","4212","Rwanda","ARE","United Arab Emirates",2021,"Gross Imp.",1,1.137,320,8,"Kg",320
"S3","RWA","4212","Rwanda","ARE","United Arab Emirates",2021,"Import",5,1.137,320,8,"Kg",320
"S3","RWA","4212","Rwanda","ARE","United Arab Emirates",2022,"Gross Imp.",1,0.304,399,8,"Kg",399
"S3","RWA","4212","Rwanda","ARE","United Arab Emirates",2022,"Import",5,0.304,399,8,"Kg",399
"S3","RWA","4212","Rwanda","CHN","China",2020,"Gross Imp.",1,0.077,105,8,"Kg",105
"S3","RWA","4212","Rwanda","CHN","China",2020,"Import",5,0.077,105,8,"Kg",105
"S3","RWA","4212","Rwanda","CHN","China",2022,"Gross Imp.",1,0.103,200,8,"Kg",200
"S3","RWA","4212","Rwanda","CHN","China",2022,"Import",5,0.103,200,8,"Kg",200
"S3","RWA","4212","Rwanda","KEN","Kenya",2020,"Gross Imp.",1,0.007,5,8,"Kg",5
"S3","RWA","4212","Rwanda","KEN","Kenya",2020,"Import",5,0.007,5,8,"Kg",5
"S3","RWA","4212","Rwanda","PAK","Pakistan",2020,"Gross Imp.",1,0.149,8.64,8,"Kg",9
"S3","RWA","4212","Rwanda","PAK","Pakistan",2020,"Import",5,0.149,8.64,8,"Kg",9
"S3","RWA","4212","Rwanda","TZA","Tanzania",2021,"Gross Imp.",1,0.701,3400,8,"Kg",3400
"S3","RWA","4212","Rwanda","TZA","Tanzania",2021,"Import",5,0.701,3400,8,"Kg",3400
"S3","RWA","4212","Rwanda","WLD"," World",2020,"Export",6,0,0,8,"Kg",0
"S3","RWA","4212","Rwanda","WLD"," World",2020,"Gross Exp.",2,0.667,1795,8,"Kg",1795
"S3","RWA","4212","Rwanda","WLD"," World",2020,"Gross Imp.",1,3.486,3043.64,8,"Kg",3044
"S3","RWA","4212","Rwanda","WLD"," World",2020,"Import",5,3.486,3043.64,8,"Kg",3044
"S3","RWA","4212","Rwanda","WLD"," World",2020,"Re-Export",3,0.667,1795,8,"Kg",1795
"S3","RWA","4212","Rwanda","WLD"," World",2021,"Export",6,0,0,8,"Kg",0
"S3","RWA","4212","Rwanda","WLD"," World",2021,"Gross Exp.",2,3.196,342,8,"Kg",342
"S3","RWA","4212","Rwanda","WLD"," World",2021,"Gross Imp.",1,1.838,3720,8,"Kg",3720
"S3","RWA","4212","Rwanda","WLD"," World",2021,"Import",5,1.838,3720,8,"Kg",3720
"S3","RWA","4212","Rwanda","WLD"," World",2021,"Re-Export",3,3.196,342,8,"Kg",342
"S3","RWA","4212","Rwanda","WLD"," World",2022,"Export",6,0,0,8,"Kg",0
"S3","RWA","4212","Rwanda","WLD"," World",2022,"Gross Exp.",2,0.535,806,8,"Kg",806
"S3","RWA","4212","Rwanda","WLD"," World",2022,"Gross Imp.",1,0.407,599,8,"Kg",599
"S3","RWA","4212","Rwanda","WLD"," World",2022,"Import",5,0.407,599,8,"Kg",599
"S3","RWA","4212","Rwanda","WLD"," World",2022,"Re-Export",3,0.535,806,8,"Kg",806
"S3","RWA","4212","Rwanda","ZAR","Congo, Dem. Rep.",2020,"Export",6,0,0,8,"Kg",0
"S3","RWA","4212","Rwanda","ZAR","Congo, Dem. Rep.",2020,"Gross Exp.",2,0.667,1795,8,"Kg",1795
"S3","RWA","4212","Rwanda","ZAR","Congo, Dem. Rep.",2020,"Re-Export",3,0.667,1795,8,"Kg",1795
"S3","RWA","4212","Rwanda","ZAR","Congo, Dem. Rep.",2021,"Export",6,0,0,8,"Kg",0
"S3","RWA","4212","Rwanda","ZAR","Congo, Dem. Rep.",2021,"Gross Exp.",2,3.196,342,8,"Kg",342
"S3","RWA","4212","Rwanda","ZAR","Congo, Dem. Rep.",2021,"Re-Export",3,3.196,342,8,"Kg",342
"S3","RWA","4212","Rwanda","ZAR","Congo, Dem. Rep.",2022,"Export",6,0,0,8,"Kg",0
"S3","RWA","4212","Rwanda","ZAR","Congo, Dem. Rep.",2022,"Gross Exp.",2,0.535,806,8,"Kg",806
"S3","RWA","4212","Rwanda","ZAR","Congo, Dem. Rep.",2022,"Re-Export",3,0.535,806,8,"Kg",806
"S3","RWA","422","Rwanda","AND","Andorra",2020,"Gross Imp.",1,0.007,22,8,"Kg",22
"S3","RWA","422","Rwanda","AND","Andorra",2020,"Import",5,0.007,22,8,"Kg",22
"S3","RWA","422","Rwanda","ARE","United Arab Emirates",2020,"Gross Imp.",1,313.152,386342,8,"Kg",386342
"S3","RWA","422","Rwanda","ARE","United Arab Emirates",2020,"Import",5,313.152,386342,8,"Kg",386342
"S3","RWA","422","Rwanda","ARE","United Arab Emirates",2021,"Gross Imp.",1,309.104,224203.25,8,"Kg",224203
"S3","RWA","422","Rwanda","ARE","United Arab Emirates",2021,"Import",5,309.104,224203.25,8,"Kg",224203
"S3","RWA","422","Rwanda","ARE","United Arab Emirates",2022,"Export",6,22.198,1254,8,"Kg",1254
"S3","RWA","422","Rwanda","ARE","United Arab Emirates",2022,"Gross Exp.",2,22.418,1854,8,"Kg",1854
"S3","RWA","422","Rwanda","ARE","United Arab Emirates",2022,"Gross Imp.",1,1478.784,900215.64,8,"Kg",900216
"S3","RWA","422","Rwanda","ARE","United Arab Emirates",2022,"Import",5,1478.784,900215.64,8,"Kg",900216
"S3","RWA","422","Rwanda","ARE","United Arab Emirates",2022,"Re-Export",3,0.22,600,8,"Kg",600
"S3","RWA","422","Rwanda","BDI","Burundi",2022,"Export",6,189.591,224640,8,"Kg",224640
"S3","RWA","422","Rwanda","BDI","Burundi",2022,"Gross Exp.",2,379.182,427170.2,8,"Kg",427170
"S3","RWA","422","Rwanda","BDI","Burundi",2022,"Gross Imp.",1,0.096,600,8,"Kg",600
"S3","RWA","422","Rwanda","BDI","Burundi",2022,"Import",5,0.096,600,8,"Kg",600
"S3","RWA","422","Rwanda","BDI","Burundi",2022,"Re-Export",3,189.591,202530.2,8,"Kg",202530
"S3","RWA","422","Rwanda","BEL","Belgium",2020,"Export",6,265.542,9311,8,"Kg",9311
"S3","RWA","422","Rwanda","BEL","Belgium",2020,"Gross Exp.",2,265.542,9311,8,"Kg",9311
"S3","RWA","422","Rwanda","BEL","Belgium",2020,"Gross Imp.",1,3.267,1567.2,8,"Kg",1567
"S3","RWA","422","Rwanda","BEL","Belgium",2020,"Import",5,3.267,1567.2,8,"Kg",1567
"S3","RWA","422","Rwanda","BEL","Belgium",2021,"Gross Imp.",1,2.028,620.9,8,"Kg",621
"S3","RWA","422","Rwanda","BEL","Belgium",2021,"Import",5,2.028,620.9,8,"Kg",621
"S3","RWA","422","Rwanda","BEL","Belgium",2022,"Gross Imp.",1,17.729,1244.6,8,"Kg",1245
"S3","RWA","422","Rwanda","BEL","Belgium",2022,"Import",5,17.729,1244.6,8,"Kg",1245
"S3","RWA","422","Rwanda","CAF","Central African Republic",2021,"Export",6,0.898,73,8,"Kg",73
"S3","RWA","422","Rwanda","CAF","Central African Republic",2021,"Gross Exp.",2,0.898,73,8,"Kg",73
"S3","RWA","422","Rwanda","CAN","Canada",2020,"Export",6,0.808,50,8,"Kg",50
"S3","RWA","422","Rwanda","CAN","Canada",2020,"Gross Exp.",2,0.808,50,8,"Kg",50
"S3","RWA","422","Rwanda","CAN","Canada",2021,"Export",6,0,0,8,"Kg",0
"S3","RWA","422","Rwanda","CAN","Canada",2021,"Gross Exp.",2,3.602,2280,8,"Kg",2280
"S3","RWA","422","Rwanda","CAN","Canada",2021,"Gross Imp.",1,0.035,22,8,"Kg",22
"S3","RWA","422","Rwanda","CAN","Canada",2021,"Import",5,0.035,22,8,"Kg",22
"S3","RWA","422","Rwanda","CAN","Canada",2021,"Re-Export",3,3.602,2280,8,"Kg",2280
"S3","RWA","422","Rwanda","CAN","Canada",2022,"Export",6,5.6,400,8,"Kg",400
"S3","RWA","422","Rwanda","CAN","Canada",2022,"Gross Exp.",2,5.6,400,8,"Kg",400
"S3","RWA","422","Rwanda","CAN","Canada",2022,"Gross Imp.",1,29.253,30094,8,"Kg",30094
"S3","RWA","422","Rwanda","CAN","Canada",2022,"Import",5,29.253,30094,8,"Kg",30094
"S3","RWA","422","Rwanda","CHE","Switzerland",2020,"Export",6,2.52,238,8,"Kg",238
"S3","RWA","422","Rwanda","CHE","Switzerland",2020,"Gross Exp.",2,2.52,238,8,"Kg",238
"S3","RWA","422","Rwanda","CHE","Switzerland",2021,"Export",6,2.522,213,8,"Kg",213
"S3","RWA","422","Rwanda","CHE","Switzerland",2021,"Gross Exp.",2,2.522,213,8,"Kg",213
"S3","RWA","422","Rwanda","CHE","Switzerland",2022,"Export",6,2.526,214,8,"Kg",214
"S3","RWA","422","Rwanda","CHE","Switzerland",2022,"Gross Exp.",2,2.526,214,8,"Kg",214
"S3","RWA","422","Rwanda","CHN","China",2020,"Gross Imp.",1,0.449,434.431,8,"Kg",434
"S3","RWA","422","Rwanda","CHN","China",2020,"Import",5,0.449,434.431,8,"Kg",434
"S3","RWA","422","Rwanda","CHN","China",2021,"Export",6,3.273,50,8,"Kg",50
"S3","RWA","422","Rwanda","CHN","China",2021,"Gross Exp.",2,3.273,50,8,"Kg",50
"S3","RWA","422","Rwanda","CHN","China",2021,"Gross Imp.",1,1.627,1559,8,"Kg",1559
"S3","RWA","422","Rwanda","CHN","China",2021,"Import",5,1.627,1559,8,"Kg",1559
"S3","RWA","422","Rwanda","CHN","China",2022,"Gross Imp.",1,1.493,1891.3,8,"Kg",1891
"S3","RWA","422","Rwanda","CHN","China",2022,"Import",5,1.493,1891.3,8,"Kg",1891
"S3","RWA","422","Rwanda","COG","Congo, Rep.",2020,"Export",6,0.299,21,8,"Kg",21
"S3","RWA","422","Rwanda","COG","Congo, Rep.",2020,"Gross Exp.",2,0.299,21,8,"Kg",21
"S3","RWA","422","Rwanda","COG","Congo, Rep.",2021,"Export",6,0,0,8,"Kg",0
"S3","RWA","422","Rwanda","COG","Congo, Rep.",2021,"Gross Exp.",2,67.66,64448,8,"Kg",64448
"S3","RWA","422","Rwanda","COG","Congo, Rep.",2021,"Re-Export",3,67.66,64448,8,"Kg",64448
"S3","RWA","422","Rwanda","COG","Congo, Rep.",2022,"Gross Imp.",1,40.562,25498,8,"Kg",25498
"S3","RWA","422","Rwanda","COG","Congo, Rep.",2022,"Import",5,40.562,25498,8,"Kg",25498
"S3","RWA","422","Rwanda","DEU","Germany",2020,"Gross Imp.",1,30.972,2000,8,"Kg",2000
"S3","RWA","422","Rwanda","DEU","Germany",2020,"Import",5,30.972,2000,8,"Kg",2000
"S3","RWA","422","Rwanda","EGY","Egypt, Arab Rep.",2021,"Gross Imp.",1,244.152,156930,8,"Kg",156930
"S3","RWA","422","Rwanda","EGY","Egypt, Arab Rep.",2021,"Import",5,244.152,156930,8,"Kg",156930
"S3","RWA","422","Rwanda","EGY","Egypt, Arab Rep.",2022,"Gross Imp.",1,0.353,90,8,"Kg",90
"S3","RWA","422","Rwanda","EGY","Egypt, Arab Rep.",2022,"Import",5,0.353,90,8,"Kg",90
"S3","RWA","422","Rwanda","ESP","Spain",2020,"Export",6,11.503,446,8,"Kg",446
"S3","RWA","422","Rwanda","ESP","Spain",2020,"Gross Exp.",2,11.503,446,8,"Kg",446
"S3","RWA","422","Rwanda","ESP","Spain",2020,"Gross Imp.",1,0.537,20,8,"Kg",20
"S3","RWA","422","Rwanda","ESP","Spain",2020,"Import",5,0.537,20,8,"Kg",20
"S3","RWA","422","Rwanda","ETH","Ethiopia(excludes Eritrea)",2022,"Export",6,0.04,155,8,"Kg",155
"S3","RWA","422","Rwanda","ETH","Ethiopia(excludes Eritrea)",2022,"Gross Exp.",2,0.04,155,8,"Kg",155
"S3","RWA","422","Rwanda","FRA","France",2020,"Export",6,35.752,1326,8,"Kg",1326
"S3","RWA","422","Rwanda","FRA","France",2020,"Gross Exp.",2,35.752,1326,8,"Kg",1326
"S3","RWA","422","Rwanda","FRA","France",2021,"Export",6,103.052,3870,8,"Kg",3870
"S3","RWA","422","Rwanda","FRA","France",2021,"Gross Exp.",2,103.052,3870,8,"Kg",3870
"S3","RWA","422","Rwanda","FRA","France",2021,"Gross Imp.",1,1.921,434.93,8,"Kg",435
"S3","RWA","422","Rwanda","FRA","France",2021,"Import",5,1.921,434.93,8,"Kg",435
"S3","RWA","422","Rwanda","FRA","France",2022,"Export",6,178.453,7310,8,"Kg",7310
"S3","RWA","422","Rwanda","FRA","France",2022,"Gross Exp.",2,178.453,7310,8,"Kg",7310
"S3","RWA","422","Rwanda","FRA","France",2022,"Gross Imp.",1,1.968,482.98,8,"Kg",483
"S3","RWA","422","Rwanda","FRA","France",2022,"Import",5,1.968,482.98,8,"Kg",483
"S3","RWA","422","Rwanda","GAB","Gabon",2020,"Gross Imp.",1,59.588,84800,8,"Kg",84800
"S3","RWA","422","Rwanda","GAB","Gabon",2020,"Import",5,59.588,84800,8,"Kg",84800
"S3","RWA","422","Rwanda","GAB","Gabon",2021,"Export",6,0.218,10,8,"Kg",10
"S3","RWA","422","Rwanda","GAB","Gabon",2021,"Gross Exp.",2,0.218,10,8,"Kg",10
"S3","RWA","422","Rwanda","GAB","Gabon",2021,"Gross Imp.",1,91.344,129680,8,"Kg",129680
"S3","RWA","422","Rwanda","GAB","Gabon",2021,"Import",5,91.344,129680,8,"Kg",129680
"S3","RWA","422","Rwanda","GBR","United Kingdom",2020,"Export",6,4.214,130,8,"Kg",130
"S3","RWA","422","Rwanda","GBR","United Kingdom",2020,"Gross Exp.",2,4.214,130,8,"Kg",130
"S3","RWA","422","Rwanda","GBR","United Kingdom",2020,"Gross Imp.",1,1.24,63,8,"Kg",63
"S3","RWA","422","Rwanda","GBR","United Kingdom",2020,"Import",5,1.24,63,8,"Kg",63
"S3","RWA","422","Rwanda","GBR","United Kingdom",2021,"Export",6,26.393,899,8,"Kg",899
"S3","RWA","422","Rwanda","GBR","United Kingdom",2021,"Gross Exp.",2,26.393,899,8,"Kg",899
"S3","RWA","422","Rwanda","GBR","United Kingdom",2021,"Gross Imp.",1,0.202,2,8,"Kg",2
"S3","RWA","422","Rwanda","GBR","United Kingdom",2021,"Import",5,0.202,2,8,"Kg",2
"S3","RWA","422","Rwanda","GBR","United Kingdom",2022,"Export",6,12.111,491,8,"Kg",491
"S3","RWA","422","Rwanda","GBR","United Kingdom",2022,"Gross Exp.",2,12.111,491,8,"Kg",491
"S3","RWA","422","Rwanda","GHA","Ghana",2020,"Gross Imp.",1,0.32,21,8,"Kg",21
"S3","RWA","422","Rwanda","GHA","Ghana",2020,"Import",5,0.32,21,8,"Kg",21
"S3","RWA","422","Rwanda","GHA","Ghana",2021,"Gross Imp.",1,0.766,105,8,"Kg",105
"S3","RWA","422","Rwanda","GHA","Ghana",2021,"Import",5,0.766,105,8,"Kg",105
"S3","RWA","422","Rwanda","GHA","Ghana",2022,"Gross Imp.",1,0.002,2,8,"Kg",2
"S3","RWA","422","Rwanda","GHA","Ghana",2022,"Import",5,0.002,2,8,"Kg",2
"S3","RWA","422","Rwanda","HKG","Hong Kong, China",2021,"Gross Imp.",1,0.095,50.1,8,"Kg",50
"S3","RWA","422","Rwanda","HKG","Hong Kong, China",2021,"Import",5,0.095,50.1,8,"Kg",50
"S3","RWA","422","Rwanda","HKG","Hong Kong, China",2022,"Gross Imp.",1,0.025,40.5,8,"Kg",41
"S3","RWA","422","Rwanda","HKG","Hong Kong, China",2022,"Import",5,0.025,40.5,8,"Kg",41
"S3","RWA","422","Rwanda","IDN","Indonesia",2020,"Gross Imp.",1,57385.195,68287379,8,"Kg",68287379
"S3","RWA","422","Rwanda","IDN","Indonesia",2020,"Import",5,57385.195,68287379,8,"Kg",68287379
"S3","RWA","422","Rwanda","IDN","Indonesia",2021,"Gross Imp.",1,75854.6,57057886,8,"Kg",57057886
"S3","RWA","422","Rwanda","IDN","Indonesia",2021,"Import",5,75854.6,57057886,8,"Kg",57057886
"S3","RWA","422","Rwanda","IDN","Indonesia",2022,"Gross Imp.",1,83893.225,56942569,8,"Kg",56942569
"S3","RWA","422","Rwanda","IDN","Indonesia",2022,"Import",5,83893.225,56942569,8,"Kg",56942569
"S3","RWA","422","Rwanda","IND","India",2020,"Gross Imp.",1,199.251,179968.92,8,"Kg",179969
"S3","RWA","422","Rwanda","IND","India",2020,"Import",5,199.251,179968.92,8,"Kg",179969
"S3","RWA","422","Rwanda","IND","India",2021,"Gross Imp.",1,325.329,227777.68,8,"Kg",227778
"S3","RWA","422","Rwanda","IND","India",2021,"Import",5,325.329,227777.68,8,"Kg",227778
"S3","RWA","422","Rwanda","IND","India",2022,"Gross Imp.",1,592.515,341972.72,8,"Kg",341973
"S3","RWA","422","Rwanda","IND","India",2022,"Import",5,592.515,341972.72,8,"Kg",341973
"S3","RWA","422","Rwanda","ITA","Italy",2020,"Gross Imp.",1,1.801,250,8,"Kg",250
"S3","RWA","422","Rwanda","ITA","Italy",2020,"Import",5,1.801,250,8,"Kg",250
"S3","RWA","422","Rwanda","ITA","Italy",2021,"Gross Imp.",1,1.339,175,8,"Kg",175
"S3","RWA","422","Rwanda","ITA","Italy",2021,"Import",5,1.339,175,8,"Kg",175
"S3","RWA","422","Rwanda","ITA","Italy",2022,"Gross Imp.",1,1.057,150,8,"Kg",150
"S3","RWA","422","Rwanda","ITA","Italy",2022,"Import",5,1.057,150,8,"Kg",150
"S3","RWA","422","Rwanda","KEN","Kenya",2020,"Gross Imp.",1,5529.968,6446543,8,"Kg",6446543
"S3","RWA","422","Rwanda","KEN","Kenya",2020,"Import",5,5529.968,6446543,8,"Kg",6446543
"S3","RWA","422","Rwanda","KEN","Kenya",2021,"Gross Imp.",1,9307.941,7568136,8,"Kg",7568136
"S3","RWA","422","Rwanda","KEN","Kenya",2021,"Import",5,9307.941,7568136,8,"Kg",7568136
"S3","RWA","422","Rwanda","KEN","Kenya",2022,"Gross Imp.",1,24867.54,14921459.1,8,"Kg",14921459
"S3","RWA","422","Rwanda","KEN","Kenya",2022,"Import",5,24867.54,14921459.1,8,"Kg",14921459
"S3","RWA","422","Rwanda","KOR","Korea, Rep.",2020,"Gross Imp.",1,0.006,24,8,"Kg",24
"S3","RWA","422","Rwanda","KOR","Korea, Rep.",2020,"Import",5,0.006,24,8,"Kg",24
"S3","RWA","422","Rwanda","KOR","Korea, Rep.",2021,"Gross Imp.",1,0.004,3,8,"Kg",3
"S3","RWA","422","Rwanda","KOR","Korea, Rep.",2021,"Import",5,0.004,3,8,"Kg",3
"S3","RWA","422","Rwanda","KOR","Korea, Rep.",2022,"Export",6,0.116,30,8,"Kg",30
"S3","RWA","422","Rwanda","KOR","Korea, Rep.",2022,"Gross Exp.",2,0.116,30,8,"Kg",30
"S3","RWA","422","Rwanda","KOR","Korea, Rep.",2022,"Gross Imp.",1,0.23,90,8,"Kg",90
"S3","RWA","422","Rwanda","KOR","Korea, Rep.",2022,"Import",5,0.23,90,8,"Kg",90
"S3","RWA","422","Rwanda","LBR","Liberia",2020,"Gross Imp.",1,0.001,4,8,"Kg",4
"S3","RWA","422","Rwanda","LBR","Liberia",2020,"Import",5,0.001,4,8,"Kg",4
"S3","RWA","422","Rwanda","MKD","North Macedonia",2022,"Gross Imp.",1,0.955,43,8,"Kg",43
"S3","RWA","422","Rwanda","MKD","North Macedonia",2022,"Import",5,0.955,43,8,"Kg",43
"S3","RWA","422","Rwanda","MLI","Mali",2022,"Gross Imp.",1,0.556,6,8,"Kg",6
"S3","RWA","422","Rwanda","MLI","Mali",2022,"Import",5,0.556,6,8,"Kg",6
"S3","RWA","422","Rwanda","MLT","Malta",2020,"Gross Imp.",1,23.254,25551.7,8,"Kg",25552
"S3","RWA","422","Rwanda","MLT","Malta",2020,"Import",5,23.254,25551.7,8,"Kg",25552
"S3","RWA","422","Rwanda","MUS","Mauritius",2021,"Gross Imp.",1,0.492,13,8,"Kg",13
"S3","RWA","422","Rwanda","MUS","Mauritius",2021,"Import",5,0.492,13,8,"Kg",13
"S3","RWA","422","Rwanda","MWI","Malawi",2021,"Export",6,0,0,8,"Kg",0
"S3","RWA","422","Rwanda","MWI","Malawi",2021,"Gross Exp.",2,314.648,246309,8,"Kg",246309
"S3","RWA","422","Rwanda","MWI","Malawi",2021,"Re-Export",3,314.648,246309,8,"Kg",246309
"S3","RWA","422","Rwanda","MYS","Malaysia",2020,"Gross Imp.",1,19835.109,22151667,8,"Kg",22151667
"S3","RWA","422","Rwanda","MYS","Malaysia",2020,"Import",5,19835.109,22151667,8,"Kg",22151667
"S3","RWA","422","Rwanda","MYS","Malaysia",2021,"Gross Imp.",1,42953.522,33490025,8,"Kg",33490025
"S3","RWA","422","Rwanda","MYS","Malaysia",2021,"Import",5,42953.522,33490025,8,"Kg",33490025
"S3","RWA","422","Rwanda","MYS","Malaysia",2022,"Gross Imp.",1,52940.14,32521891,8,"Kg",32521891
"S3","RWA","422","Rwanda","MYS","Malaysia",2022,"Import",5,52940.14,32521891,8,"Kg",32521891
"S3","RWA","422","Rwanda","NAM","Namibia",2022,"Gross Imp.",1,0.01,3,8,"Kg",3
"S3","RWA","422","Rwanda","NAM","Namibia",2022,"Import",5,0.01,3,8,"Kg",3
"S3","RWA","422","Rwanda","NGA","Nigeria",2020,"Gross Imp.",1,0.248,39,8,"Kg",39
"S3","RWA","422","Rwanda","NGA","Nigeria",2020,"Import",5,0.248,39,8,"Kg",39
"S3","RWA","422","Rwanda","NGA","Nigeria",2021,"Gross Imp.",1,1.319,226,8,"Kg",226
"S3","RWA","422","Rwanda","NGA","Nigeria",2021,"Import",5,1.319,226,8,"Kg",226
"S3","RWA","422","Rwanda","NGA","Nigeria",2022,"Gross Imp.",1,0.528,228,8,"Kg",228
"S3","RWA","422","Rwanda","NGA","Nigeria",2022,"Import",5,0.528,228,8,"Kg",228
"S3","RWA","422","Rwanda","NLD","Netherlands",2020,"Export",6,68.341,2308,8,"Kg",2308
"S3","RWA","422","Rwanda","NLD","Netherlands",2020,"Gross Exp.",2,68.341,2308,8,"Kg",2308
"S3","RWA","422","Rwanda","NLD","Netherlands",2021,"Gross Imp.",1,0.352,50,8,"Kg",50
"S3","RWA","422","Rwanda","NLD","Netherlands",2021,"Import",5,0.352,50,8,"Kg",50
"S3","RWA","422","Rwanda","NLD","Netherlands",2022,"Gross Imp.",1,35.459,13185,8,"Kg",13185
"S3","RWA","422","Rwanda","NLD","Netherlands",2022,"Import",5,35.459,13185,8,"Kg",13185
"S3","RWA","422","Rwanda","NZL","New Zealand",2020,"Export",6,3.022,64,8,"Kg",64
"S3","RWA","422","Rwanda","NZL","New Zealand",2020,"Gross Exp.",2,3.022,64,8,"Kg",64
"S3","RWA","422","Rwanda","NZL","New Zealand",2021,"Export",6,6.047,124,8,"Kg",124
"S3","RWA","422","Rwanda","NZL","New Zealand",2021,"Gross Exp.",2,6.047,124,8,"Kg",124
"S3","RWA","422","Rwanda","NZL","New Zealand",2022,"Export",6,3.026,62,8,"Kg",62
"S3","RWA","422","Rwanda","NZL","New Zealand",2022,"Gross Exp.",2,3.026,62,8,"Kg",62
"S3","RWA","422","Rwanda","PAK","Pakistan",2020,"Gross Imp.",1,0.336,81.44,8,"Kg",81
"S3","RWA","422","Rwanda","PAK","Pakistan",2020,"Import",5,0.336,81.44,8,"Kg",81
"S3","RWA","422","Rwanda","PAK","Pakistan",2021,"Gross Imp.",1,0.372,66.75,8,"Kg",67
"S3","RWA","422","Rwanda","PAK","Pakistan",2021,"Import",5,0.372,66.75,8,"Kg",67
"S3","RWA","045","Rwanda","CHN","China",2022,"Import",5,1.056,389.6,8,"Kg",390
"S3","RWA","045","Rwanda","COG","Congo, Rep.",2020,"Export",6,0.052,20,8,"Kg",20
"S3","RWA","045","Rwanda","COG","Congo, Rep.",2020,"Gross Exp.",2,0.052,20,8,"Kg",20
"S3","RWA","045","Rwanda","DEU","Germany",2020,"Gross Imp.",1,1.048,1520,8,"Kg",1520
"S3","RWA","045","Rwanda","DEU","Germany",2020,"Import",5,1.048,1520,8,"Kg",1520
"S3","RWA","045","Rwanda","DEU","Germany",2022,"Gross Imp.",1,0.544,750,8,"Kg",750
"S3","RWA","045","Rwanda","DEU","Germany",2022,"Import",5,0.544,750,8,"Kg",750
"S3","RWA","045","Rwanda","DNK","Denmark",2020,"Gross Imp.",1,0.172,51,8,"Kg",51
"S3","RWA","045","Rwanda","DNK","Denmark",2020,"Import",5,0.172,51,8,"Kg",51
"S3","RWA","045","Rwanda","DNK","Denmark",2021,"Gross Imp.",1,0.402,88,8,"Kg",88
"S3","RWA","045","Rwanda","DNK","Denmark",2021,"Import",5,0.402,88,8,"Kg",88
"S3","RWA","045","Rwanda","FRA","France",2021,"Gross Imp.",1,0.067,17,8,"Kg",17
"S3","RWA","045","Rwanda","FRA","France",2021,"Import",5,0.067,17,8,"Kg",17
"S3","RWA","045","Rwanda","FRA","France",2022,"Gross Imp.",1,0.773,255.25,8,"Kg",255
"S3","RWA","045","Rwanda","FRA","France",2022,"Import",5,0.773,255.25,8,"Kg",255
"S3","RWA","045","Rwanda","HKG","Hong Kong, China",2021,"Gross Imp.",1,0.066,104,8,"Kg",104
"S3","RWA","045","Rwanda","HKG","Hong Kong, China",2021,"Import",5,0.066,104,8,"Kg",104
"S3","RWA","045","Rwanda","HKG","Hong Kong, China",2022,"Gross Imp.",1,0.041,57.5,8,"Kg",58
"S3","RWA","045","Rwanda","HKG","Hong Kong, China",2022,"Import",5,0.041,57.5,8,"Kg",58
"S3","RWA","045","Rwanda","IND","India",2020,"Gross Imp.",1,0.356,962.6,8,"Kg",963
"S3","RWA","045","Rwanda","IND","India",2020,"Import",5,0.356,962.6,8,"Kg",963
"S3","RWA","045","Rwanda","IND","India",2021,"Gross Imp.",1,1.982,3616.56,8,"Kg",3617
"S3","RWA","045","Rwanda","IND","India",2021,"Import",5,1.982,3616.56,8,"Kg",3617
"S3","RWA","045","Rwanda","IND","India",2022,"Gross Imp.",1,0.835,1400.44,8,"Kg",1400
"S3","RWA","045","Rwanda","IND","India",2022,"Import",5,0.835,1400.44,8,"Kg",1400
"S3","RWA","045","Rwanda","ITA","Italy",2020,"Gross Imp.",1,0.025,25,8,"Kg",25
"S3","RWA","045","Rwanda","ITA","Italy",2020,"Import",5,0.025,25,8,"Kg",25
"S3","RWA","045","Rwanda","KEN","Kenya",2020,"Gross Imp.",1,0.776,241,8,"Kg",241
"S3","RWA","045","Rwanda","KEN","Kenya",2020,"Import",5,0.776,241,8,"Kg",241
"S3","RWA","045","Rwanda","KEN","Kenya",2021,"Gross Imp.",1,0.436,675.5,8,"Kg",676
"S3","RWA","045","Rwanda","KEN","Kenya",2021,"Import",5,0.436,675.5,8,"Kg",676
"S3","RWA","045","Rwanda","KEN","Kenya",2022,"Gross Imp.",1,0.211,340,8,"Kg",340
"S3","RWA","045","Rwanda","KEN","Kenya",2022,"Import",5,0.211,340,8,"Kg",340
"S3","RWA","045","Rwanda","MWI","Malawi",2021,"Gross Imp.",1,5.444,30000,8,"Kg",30000
"S3","RWA","045","Rwanda","MWI","Malawi",2021,"Import",5,5.444,30000,8,"Kg",30000
"S3","RWA","045","Rwanda","NLD","Netherlands",2021,"Gross Imp.",1,0.03,25,8,"Kg",25
"S3","RWA","045","Rwanda","NLD","Netherlands",2021,"Import",5,0.03,25,8,"Kg",25
"S3","RWA","045","Rwanda","PAK","Pakistan",2020,"Gross Imp.",1,0.272,100,8,"Kg",100
"S3","RWA","045","Rwanda","PAK","Pakistan",2020,"Import",5,0.272,100,8,"Kg",100
"S3","RWA","045","Rwanda","PER","Peru",2022,"Gross Imp.",1,0.326,48.08,8,"Kg",48
"S3","RWA","045","Rwanda","PER","Peru",2022,"Import",5,0.326,48.08,8,"Kg",48
"S3","RWA","045","Rwanda","TZA","Tanzania",2020,"Gross Imp.",1,4852.735,24093170,8,"Kg",24093170
"S3","RWA","045","Rwanda","TZA","Tanzania",2020,"Import",5,4852.735,24093170,8,"Kg",24093170
"S3","RWA","045","Rwanda","TZA","Tanzania",2021,"Gross Imp.",1,5725.694,30570304,8,"Kg",30570304
"S3","RWA","045","Rwanda","TZA","Tanzania",2021,"Import",5,5725.694,30570304,8,"Kg",30570304
"S3","RWA","045","Rwanda","TZA","Tanzania",2022,"Gross Imp.",1,3795.831,22965900,8,"Kg",22965900
"S3","RWA","045","Rwanda","TZA","Tanzania",2022,"Import",5,3795.831,22965900,8,"Kg",22965900
"S3","RWA","045","Rwanda","UGA","Uganda",2022,"Gross Imp.",1,3390.532,15791438,8,"Kg",15791438
"S3","RWA","045","Rwanda","UGA","Uganda",2022,"Import",5,3390.532,15791438,8,"Kg",15791438
"S3","RWA","045","Rwanda","USA","United States",2020,"Export",6,48.059,28014,8,"Kg",28014
"S3","RWA","045","Rwanda","USA","United States",2020,"Gross Exp.",2,48.059,28014,8,"Kg",28014
"S3","RWA","045","Rwanda","USA","United States",2021,"Export",6,4.542,4088,8,"Kg",4088
"S3","RWA","045","Rwanda","USA","United States",2021,"Gross Exp.",2,4.542,4088,8,"Kg",4088
"S3","RWA","045","Rwanda","USA","United States",2022,"Export",6,12.094,11176,8,"Kg",11176
"S3","RWA","045","Rwanda","USA","United States",2022,"Gross Exp.",2,12.094,11176,8,"Kg",11176
"S3","RWA","045","Rwanda","WLD"," World",2020,"Export",6,57.812,74454,8,"Kg",74454
"S3","RWA","045","Rwanda","WLD"," World",2020,"Gross Exp.",2,59.815,74924,8,"Kg",74924
"S3","RWA","045","Rwanda","WLD"," World",2020,"Gross Imp.",1,5179.98,26810702.44,8,"Kg",26810702
"S3","RWA","045","Rwanda","WLD"," World",2020,"Import",5,5179.98,26810702.44,8,"Kg",26810702
"S3","RWA","045","Rwanda","WLD"," World",2020,"Re-Export",3,2.003,470,8,"Kg",470
"S3","RWA","045","Rwanda","WLD"," World",2021,"Export",6,18.66,35238,8,"Kg",35238
"S3","RWA","045","Rwanda","WLD"," World",2021,"Gross Exp.",2,19.168,36938,8,"Kg",36938
"S3","RWA","045","Rwanda","WLD"," World",2021,"Gross Imp.",1,6151.215,33808119,8,"Kg",33808119
"S3","RWA","045","Rwanda","WLD"," World",2021,"Import",5,6151.215,33808119,8,"Kg",33808119
"S3","RWA","045","Rwanda","WLD"," World",2021,"Re-Export",3,0.508,1700,8,"Kg",1700
"S3","RWA","045","Rwanda","WLD"," World",2022,"Export",6,15.438,16476,8,"Kg",16476
"S3","RWA","045","Rwanda","WLD"," World",2022,"Gross Exp.",2,16.527,18076,8,"Kg",18076
"S3","RWA","045","Rwanda","WLD"," World",2022,"Gross Imp.",1,7643.47,41571954.31,8,"Kg",41571954
"S3","RWA","045","Rwanda","WLD"," World",2022,"Import",5,7643.47,41571954.31,8,"Kg",41571954
"S3","RWA","045","Rwanda","WLD"," World",2022,"Re-Export",3,1.089,1600,8,"Kg",1600
"S3","RWA","045","Rwanda","ZAF","South Africa",2020,"Gross Imp.",1,0.954,69,8,"Kg",69
"S3","RWA","045","Rwanda","ZAF","South Africa",2020,"Import",5,0.954,69,8,"Kg",69
"S3","RWA","045","Rwanda","ZAF","South Africa",2021,"Gross Imp.",1,0.404,125,8,"Kg",125
"S3","RWA","045","Rwanda","ZAF","South Africa",2021,"Import",5,0.404,125,8,"Kg",125
"S3","RWA","045","Rwanda","ZAF","South Africa",2022,"Gross Imp.",1,0.157,10,8,"Kg",10
"S3","RWA","045","Rwanda","ZAF","South Africa",2022,"Import",5,0.157,10,8,"Kg",10
"S3","RWA","045","Rwanda","ZAR","Congo, Dem. Rep.",2020,"Export",6,4.393,43900,8,"Kg",43900
"S3","RWA","045","Rwanda","ZAR","Congo, Dem. Rep.",2020,"Gross Exp.",2,6.396,44370,8,"Kg",44370
"S3","RWA","045","Rwanda","ZAR","Congo, Dem. Rep.",2020,"Gross Imp.",1,317.601,2712340,8,"Kg",2712340
"S3","RWA","045","Rwanda","ZAR","Congo, Dem. Rep.",2020,"Import",5,317.601,2712340,8,"Kg",2712340
"S3","RWA","045","Rwanda","ZAR","Congo, Dem. Rep.",2020,"Re-Export",3,2.003,470,8,"Kg",470
"S3","RWA","045","Rwanda","ZAR","Congo, Dem. Rep.",2021,"Export",6,6.012,27100,8,"Kg",27100
"S3","RWA","045","Rwanda","ZAR","Congo, Dem. Rep.",2021,"Gross Exp.",2,6.52,28800,8,"Kg",28800
"S3","RWA","045","Rwanda","ZAR","Congo, Dem. Rep.",2021,"Gross Imp.",1,410.483,3199400,8,"Kg",3199400
"S3","RWA","045","Rwanda","ZAR","Congo, Dem. Rep.",2021,"Import",5,410.483,3199400,8,"Kg",3199400
"S3","RWA","045","Rwanda","ZAR","Congo, Dem. Rep.",2021,"Re-Export",3,0.508,1700,8,"Kg",1700
"S3","RWA","045","Rwanda","ZAR","Congo, Dem. Rep.",2022,"Export",6,0.494,2500,8,"Kg",2500
"S3","RWA","045","Rwanda","ZAR","Congo, Dem. Rep.",2022,"Gross Exp.",2,1.583,4100,8,"Kg",4100
"S3","RWA","045","Rwanda","ZAR","Congo, Dem. Rep.",2022,"Gross Imp.",1,405.299,2589874,8,"Kg",2589874
"S3","RWA","045","Rwanda","ZAR","Congo, Dem. Rep.",2022,"Import",5,405.299,2589874,8,"Kg",2589874
"S3","RWA","045","Rwanda","ZAR","Congo, Dem. Rep.",2022,"Re-Export",3,1.089,1600,8,"Kg",1600
"S3","RWA","045","Rwanda","ZMB","Zambia",2022,"Gross Imp.",1,30.287,210130,8,"Kg",210130
"S3","RWA","045","Rwanda","ZMB","Zambia",2022,"Import",5,30.287,210130,8,"Kg",210130
"S3","RWA","046","Rwanda","ALB","Albania",2022,"Gross Imp.",1,0.182,300,8,"Kg",300
"S3","RWA","046","Rwanda","ALB","Albania",2022,"Import",5,0.182,300,8,"Kg",300
"S3","RWA","046","Rwanda","ARE","United Arab Emirates",2020,"Gross Imp.",1,49.864,138735,8,"Kg",138735
"S3","RWA","046","Rwanda","ARE","United Arab Emirates",2020,"Import",5,49.864,138735,8,"Kg",138735
"S3","RWA","046","Rwanda","ARE","United Arab Emirates",2021,"Gross Imp.",1,1.714,2658,8,"Kg",2658
"S3","RWA","046","Rwanda","ARE","United Arab Emirates",2021,"Import",5,1.714,2658,8,"Kg",2658
"S3","RWA","046","Rwanda","ARE","United Arab Emirates",2022,"Gross Imp.",1,144.639,156600.7,8,"Kg",156601
"S3","RWA","046","Rwanda","ARE","United Arab Emirates",2022,"Import",5,144.639,156600.7,8,"Kg",156601
"S3","RWA","046","Rwanda","AUS","Australia",2021,"Export",6,2.023,2004,8,"Kg",2004
"S3","RWA","046","Rwanda","AUS","Australia",2021,"Gross Exp.",2,2.023,2004,8,"Kg",2004
"S3","RWA","046","Rwanda","BEL","Belgium",2020,"Gross Imp.",1,1.23,1593,8,"Kg",1593
"S3","RWA","046","Rwanda","BEL","Belgium",2020,"Import",5,1.23,1593,8,"Kg",1593
"S3","RWA","046","Rwanda","BEL","Belgium",2021,"Export",6,1.047,676,8,"Kg",676
"S3","RWA","046","Rwanda","BEL","Belgium",2021,"Gross Exp.",2,1.047,676,8,"Kg",676
"S3","RWA","046","Rwanda","BEL","Belgium",2021,"Gross Imp.",1,0.466,328.2,8,"Kg",328
"S3","RWA","046","Rwanda","BEL","Belgium",2021,"Import",5,0.466,328.2,8,"Kg",328
"S3","RWA","046","Rwanda","BEL","Belgium",2022,"Export",6,0.261,380,8,"Kg",380
"S3","RWA","046","Rwanda","BEL","Belgium",2022,"Gross Exp.",2,0.261,380,8,"Kg",380
"S3","RWA","046","Rwanda","BEL","Belgium",2022,"Gross Imp.",1,1.064,823.5,8,"Kg",824
"S3","RWA","046","Rwanda","BEL","Belgium",2022,"Import",5,1.064,823.5,8,"Kg",824
"S3","RWA","046","Rwanda","CHN","China",2021,"Gross Imp.",1,0.086,90,8,"Kg",90
"S3","RWA","046","Rwanda","CHN","China",2021,"Import",5,0.086,90,8,"Kg",90
"S3","RWA","046","Rwanda","CHN","China",2022,"Gross Imp.",1,4.822,6118,8,"Kg",6118
"S3","RWA","046","Rwanda","CHN","China",2022,"Import",5,4.822,6118,8,"Kg",6118
"S3","RWA","046","Rwanda","DEU","Germany",2020,"Gross Imp.",1,1.976,1597,8,"Kg",1597
"S3","RWA","046","Rwanda","DEU","Germany",2020,"Import",5,1.976,1597,8,"Kg",1597
"S3","RWA","046","Rwanda","DEU","Germany",2021,"Gross Imp.",1,0.133,25,8,"Kg",25
"S3","RWA","046","Rwanda","DEU","Germany",2021,"Import",5,0.133,25,8,"Kg",25
"S3","RWA","046","Rwanda","DEU","Germany",2022,"Gross Imp.",1,0.691,810.4,8,"Kg",810
"S3","RWA","046","Rwanda","DEU","Germany",2022,"Import",5,0.691,810.4,8,"Kg",810
"S3","RWA","046","Rwanda","DNK","Denmark",2020,"Gross Imp.",1,0.084,113,8,"Kg",113
"S3","RWA","046","Rwanda","DNK","Denmark",2020,"Import",5,0.084,113,8,"Kg",113
"S3","RWA","046","Rwanda","DNK","Denmark",2021,"Gross Imp.",1,4.408,1069,8,"Kg",1069
"S3","RWA","046","Rwanda","DNK","Denmark",2021,"Import",5,4.408,1069,8,"Kg",1069
"S3","RWA","046","Rwanda","EGY","Egypt, Arab Rep.",2020,"Gross Imp.",1,0.069,210,8,"Kg",210
"S3","RWA","046","Rwanda","EGY","Egypt, Arab Rep.",2020,"Import",5,0.069,210,8,"Kg",210
"S3","RWA","046","Rwanda","EGY","Egypt, Arab Rep.",2021,"Gross Imp.",1,20.577,31375,8,"Kg",31375
"S3","RWA","046","Rwanda","EGY","Egypt, Arab Rep.",2021,"Import",5,20.577,31375,8,"Kg",31375
"S3","RWA","046","Rwanda","ESP","Spain",2022,"Gross Imp.",1,0.162,210,8,"Kg",210
"S3","RWA","046","Rwanda","ESP","Spain",2022,"Import",5,0.162,210,8,"Kg",210
"S3","RWA","046","Rwanda","FRA","France",2021,"Gross Imp.",1,3.042,383.25,8,"Kg",383
"S3","RWA","046","Rwanda","FRA","France",2021,"Import",5,3.042,383.25,8,"Kg",383
"S3","RWA","046","Rwanda","FRA","France",2022,"Gross Imp.",1,7.584,4572.13,8,"Kg",4572
"S3","RWA","046","Rwanda","FRA","France",2022,"Import",5,7.584,4572.13,8,"Kg",4572
"S3","RWA","046","Rwanda","GBR","United Kingdom",2020,"Export",6,0.075,60,8,"Kg",60
"S3","RWA","046","Rwanda","GBR","United Kingdom",2020,"Gross Exp.",2,0.075,60,8,"Kg",60
"S3","RWA","046","Rwanda","GBR","United Kingdom",2021,"Gross Imp.",1,0.074,15,8,"Kg",15
"S3","RWA","046","Rwanda","GBR","United Kingdom",2021,"Import",5,0.074,15,8,"Kg",15
"S3","RWA","046","Rwanda","HKG","Hong Kong, China",2020,"Gross Imp.",1,209.285,400576.2,8,"Kg",400576
"S3","RWA","046","Rwanda","HKG","Hong Kong, China",2020,"Import",5,209.285,400576.2,8,"Kg",400576
"S3","RWA","046","Rwanda","HKG","Hong Kong, China",2021,"Gross Imp.",1,58.67,100280,8,"Kg",100280
"S3","RWA","046","Rwanda","HKG","Hong Kong, China",2021,"Import",5,58.67,100280,8,"Kg",100280
"S3","RWA","046","Rwanda","IND","India",2020,"Gross Imp.",1,95.576,183909.14,8,"Kg",183909
"S3","RWA","046","Rwanda","IND","India",2020,"Import",5,95.576,183909.14,8,"Kg",183909
"S3","RWA","046","Rwanda","IND","India",2021,"Gross Imp.",1,186.939,354039.62,8,"Kg",354040
"S3","RWA","046","Rwanda","IND","India",2021,"Import",5,186.939,354039.62,8,"Kg",354040
"S3","RWA","046","Rwanda","IND","India",2022,"Gross Imp.",1,160.235,245813.5,8,"Kg",245814
"S3","RWA","046","Rwanda","IND","India",2022,"Import",5,160.235,245813.5,8,"Kg",245814
"S3","RWA","046","Rwanda","ITA","Italy",2020,"Gross Imp.",1,6.309,1600,8,"Kg",1600
"S3","RWA","046","Rwanda","ITA","Italy",2020,"Import",5,6.309,1600,8,"Kg",1600
"S3","RWA","046","Rwanda","ITA","Italy",2021,"Gross Imp.",1,9.087,4419.52,8,"Kg",4420
"S3","RWA","046","Rwanda","ITA","Italy",2021,"Import",5,9.087,4419.52,8,"Kg",4420
"S3","RWA","046","Rwanda","ITA","Italy",2022,"Gross Imp.",1,17.046,15000,8,"Kg",15000
"S3","RWA","046","Rwanda","ITA","Italy",2022,"Import",5,17.046,15000,8,"Kg",15000
"S3","RWA","046","Rwanda","JPN","Japan",2021,"Gross Imp.",1,0.02,2,8,"Kg",2
"S3","RWA","046","Rwanda","JPN","Japan",2021,"Import",5,0.02,2,8,"Kg",2
"S3","RWA","046","Rwanda","KEN","Kenya",2020,"Gross Imp.",1,12.101,19561,8,"Kg",19561
"S3","RWA","046","Rwanda","KEN","Kenya",2020,"Import",5,12.101,19561,8,"Kg",19561
"S3","RWA","046","Rwanda","KEN","Kenya",2021,"Gross Imp.",1,8.648,12624,8,"Kg",12624
"S3","RWA","046","Rwanda","KEN","Kenya",2021,"Import",5,8.648,12624,8,"Kg",12624
"S3","RWA","046","Rwanda","KEN","Kenya",2022,"Gross Imp.",1,19.65,25567,8,"Kg",25567
"S3","RWA","046","Rwanda","KEN","Kenya",2022,"Import",5,19.65,25567,8,"Kg",25567
"S3","RWA","046","Rwanda","KOR","Korea, Rep.",2020,"Gross Imp.",1,0.029,107,8,"Kg",107
"S3","RWA","046","Rwanda","KOR","Korea, Rep.",2020,"Import",5,0.029,107,8,"Kg",107
"S3","RWA","046","Rwanda","OMN","Oman",2020,"Gross Imp.",1,18.061,43500,8,"Kg",43500
"S3","RWA","046","Rwanda","OMN","Oman",2020,"Import",5,18.061,43500,8,"Kg",43500
"S3","RWA","046","Rwanda","TCD","Chad",2022,"Gross Imp.",1,9.145,24799.5,8,"Kg",24800
"S3","RWA","046","Rwanda","TCD","Chad",2022,"Import",5,9.145,24799.5,8,"Kg",24800
"S3","RWA","046","Rwanda","THA","Thailand",2022,"Gross Imp.",1,0.048,24,8,"Kg",24
"S3","RWA","046","Rwanda","THA","Thailand",2022,"Import",5,0.048,24,8,"Kg",24
"S3","RWA","046","Rwanda","TKL","Tokelau",2022,"Gross Imp.",1,0.059,10,8,"Kg",10
"S3","RWA","046","Rwanda","TKL","Tokelau",2022,"Import",5,0.059,10,8,"Kg",10
"S3","RWA","046","Rwanda","TUR","Turkey",2020,"Gross Imp.",1,5256.82,13170404,8,"Kg",13170404
"S3","RWA","046","Rwanda","TUR","Turkey",2020,"Import",5,5256.82,13170404,8,"Kg",13170404
"S3","RWA","046","Rwanda","TUR","Turkey",2021,"Gross Imp.",1,10194.526,19266197.73,8,"Kg",19266198
"S3","RWA","046","Rwanda","TUR","Turkey",2021,"Import",5,10194.526,19266197.73,8,"Kg",19266198
"S3","RWA","046","Rwanda","TUR","Turkey",2022,"Gross Imp.",1,7382.764,11700825,8,"Kg",11700825
"S3","RWA","046","Rwanda","TUR","Turkey",2022,"Import",5,7382.764,11700825,8,"Kg",11700825
"S3","RWA","046","Rwanda","TZA","Tanzania",2020,"Gross Imp.",1,0.037,50,8,"Kg",50
"S3","RWA","046","Rwanda","TZA","Tanzania",2020,"Import",5,0.037,50,8,"Kg",50
"S3","RWA","046","Rwanda","TZA","Tanzania",2021,"Gross Imp.",1,68.391,113000,8,"Kg",113000
"S3","RWA","046","Rwanda","TZA","Tanzania",2021,"Import",5,68.391,113000,8,"Kg",113000
"S3","RWA","046","Rwanda","TZA","Tanzania",2022,"Gross Imp.",1,0.187,325,8,"Kg",325
"S3","RWA","046","Rwanda","TZA","Tanzania",2022,"Import",5,0.187,325,8,"Kg",325
"S3","RWA","046","Rwanda","UGA","Uganda",2022,"Gross Imp.",1,0.021,15,8,"Kg",15
"S3","RWA","046","Rwanda","UGA","Uganda",2022,"Import",5,0.021,15,8,"Kg",15
"S3","RWA","046","Rwanda","UKR","Ukraine",2020,"Gross Imp.",1,1556.83,4423121,8,"Kg",4423121
"S3","RWA","046","Rwanda","UKR","Ukraine",2020,"Import",5,1556.83,4423121,8,"Kg",4423121
"S3","RWA","046","Rwanda","UKR","Ukraine",2021,"Gross Imp.",1,420.337,967940,8,"Kg",967940
"S3","RWA","046","Rwanda","UKR","Ukraine",2021,"Import",5,420.337,967940,8,"Kg",967940
"S3","RWA","046","Rwanda","USA","United States",2020,"Export",6,8.622,8352,8,"Kg",8352
"S3","RWA","046","Rwanda","USA","United States",2020,"Gross Exp.",2,8.622,8352,8,"Kg",8352
"S3","RWA","046","Rwanda","USA","United States",2021,"Export",6,115.061,85650,8,"Kg",85650
"S3","RWA","046","Rwanda","USA","United States",2021,"Gross Exp.",2,115.061,85650,8,"Kg",85650
"S3","RWA","046","Rwanda","USA","United States",2022,"Export",6,70.239,53187,8,"Kg",53187
"S3","RWA","046","Rwanda","USA","United States",2022,"Gross Exp.",2,70.239,53187,8,"Kg",53187
"S3","RWA","046","Rwanda","WLD"," World",2020,"Export",6,24074.644,46594632,8,"Kg",46594632
"S3","RWA","046","Rwanda","WLD"," World",2020,"Gross Exp.",2,31717.158,61994432,8,"Kg",61994432
"S3","RWA","046","Rwanda","WLD"," World",2020,"Gross Imp.",1,7208.932,18386169.34,8,"Kg",18386169
"S3","RWA","046","Rwanda","WLD"," World",2020,"Import",5,7208.932,18386169.34,8,"Kg",18386169
"S3","RWA","046","Rwanda","WLD"," World",2020,"Re-Export",3,7642.514,15399800,8,"Kg",15399800
"S3","RWA","046","Rwanda","WLD"," World",2021,"Export",6,27123.202,45743010,8,"Kg",45743010
"S3","RWA","046","Rwanda","WLD"," World",2021,"Gross Exp.",2,39164.956,66259320,8,"Kg",66259320
"S3","RWA","046","Rwanda","WLD"," World",2021,"Gross Imp.",1,10977.365,20855126.32,8,"Kg",20855126
"S3","RWA","046","Rwanda","WLD"," World",2021,"Import",5,10977.365,20855126.32,8,"Kg",20855126
"S3","RWA","046","Rwanda","WLD"," World",2021,"Re-Export",3,12041.754,20516310,8,"Kg",20516310
"S3","RWA","046","Rwanda","WLD"," World",2022,"Export",6,39566.171,53068227,8,"Kg",53068227
"S3","RWA","046","Rwanda","WLD"," World",2022,"Gross Exp.",2,45249.921,61189125,8,"Kg",61189125
"S3","RWA","046","Rwanda","WLD"," World",2022,"Gross Imp.",1,7748.299,12181813.73,8,"Kg",12181814
"S3","RWA","046","Rwanda","WLD"," World",2022,"Import",5,7748.299,12181813.73,8,"Kg",12181814
"S3","RWA","046","Rwanda","WLD"," World",2022,"Re-Export",3,5683.75,8120898,8,"Kg",8120898
"S3","RWA","046","Rwanda","ZAF","South Africa",2020,"Gross Imp.",1,0.433,93,8,"Kg",93
"S3","RWA","046","Rwanda","ZAF","South Africa",2020,"Import",5,0.433,93,8,"Kg",93
"S3","RWA","046","Rwanda","ZAF","South Africa",2022,"Export",6,0.071,550,8,"Kg",550
"S3","RWA","046","Rwanda","ZAF","South Africa",2022,"Gross Exp.",2,0.071,550,8,"Kg",550
"S3","RWA","046","Rwanda","ZAR","Congo, Dem. Rep.",2020,"Export",6,24065.947,46586220,8,"Kg",46586220
"S3","RWA","046","Rwanda","ZAR","Congo, Dem. Rep.",2020,"Gross Exp.",2,31708.461,61986020,8,"Kg",61986020
"S3","RWA","046","Rwanda","ZAR","Congo, Dem. Rep.",2020,"Gross Imp.",1,0.229,1000,8,"Kg",1000
"S3","RWA","046","Rwanda","ZAR","Congo, Dem. Rep.",2020,"Import",5,0.229,1000,8,"Kg",1000
"S3","RWA","046","Rwanda","ZAR","Congo, Dem. Rep.",2020,"Re-Export",3,7642.514,15399800,8,"Kg",15399800
"S3","RWA","046","Rwanda","ZAR","Congo, Dem. Rep.",2021,"Export",6,27005.07,45654680,8,"Kg",45654680
"S3","RWA","046","Rwanda","ZAR","Congo, Dem. Rep.",2021,"Gross Exp.",2,39046.824,66170990,8,"Kg",66170990
"S3","RWA","046","Rwanda","ZAR","Congo, Dem. Rep.",2021,"Gross Imp.",1,0.248,680,8,"Kg",680
"S3","RWA","046","Rwanda","ZAR","Congo, Dem. Rep.",2021,"Import",5,0.248,680,8,"Kg",680
"S3","RWA","046","Rwanda","ZAR","Congo, Dem. Rep.",2021,"Re-Export",3,12041.754,20516310,8,"Kg",20516310
"S3","RWA","046","Rwanda","ZAR","Congo, Dem. Rep.",2022,"Export",6,39495.6,53014110,8,"Kg",53014110
"S3","RWA","046","Rwanda","ZAR","Congo, Dem. Rep.",2022,"Gross Exp.",2,45179.35,61135008,8,"Kg",61135008
"S3","RWA","046","Rwanda","ZAR","Congo, Dem. Rep.",2022,"Re-Export",3,5683.75,8120898,8,"Kg",8120898
"S3","RWA","047","Rwanda","ARE","United Arab Emirates",2020,"Export",6,0.081,20,8,"Kg",20
"S3","RWA","047","Rwanda","ARE","United Arab Emirates",2020,"Gross Exp.",2,0.081,20,8,"Kg",20
"S3","RWA","047","Rwanda","ARE","United Arab Emirates",2020,"Gross Imp.",1,24.966,23296,8,"Kg",23296
"S3","RWA","047","Rwanda","ARE","United Arab Emirates",2020,"Import",5,24.966,23296,8,"Kg",23296
"S3","RWA","047","Rwanda","ARE","United Arab Emirates",2021,"Export",6,0.197,228,8,"Kg",228
"S3","RWA","047","Rwanda","ARE","United Arab Emirates",2021,"Gross Exp.",2,0.197,228,8,"Kg",228
"S3","RWA","047","Rwanda","ARE","United Arab Emirates",2021,"Gross Imp.",1,26.897,22632,8,"Kg",22632
"S3","RWA","047","Rwanda","ARE","United Arab Emirates",2021,"Import",5,26.897,22632,8,"Kg",22632
"S3","RWA","047","Rwanda","ARE","United Arab Emirates",2022,"Gross Imp.",1,46.047,72136.1,8,"Kg",72136
"S3","RWA","047","Rwanda","ARE","United Arab Emirates",2022,"Import",5,46.047,72136.1,8,"Kg",72136
"S3","RWA","047","Rwanda","BEL","Belgium",2020,"Export",6,13.237,10503,8,"Kg",10503
"S3","RWA","047","Rwanda","BEL","Belgium",2020,"Gross Exp.",2,13.237,10503,8,"Kg",10503
"S3","RWA","047","Rwanda","BEL","Belgium",2020,"Gross Imp.",1,0.16,120,8,"Kg",120
"S3","RWA","047","Rwanda","BEL","Belgium",2020,"Import",5,0.16,120,8,"Kg",120
"S3","RWA","047","Rwanda","BEL","Belgium",2021,"Export",6,5.681,4125,8,"Kg",4125
"S3","RWA","047","Rwanda","BEL","Belgium",2021,"Gross Exp.",2,5.681,4125,8,"Kg",4125
"S3","RWA","047","Rwanda","BEL","Belgium",2021,"Gross Imp.",1,0.408,253.5,8,"Kg",254
"S3","RWA","047","Rwanda","BEL","Belgium",2021,"Import",5,0.408,253.5,8,"Kg",254
"S3","RWA","047","Rwanda","BEL","Belgium",2022,"Export",6,11.143,4536,8,"Kg",4536
"S3","RWA","047","Rwanda","BEL","Belgium",2022,"Gross Exp.",2,11.143,4536,8,"Kg",4536
"S3","RWA","047","Rwanda","BEL","Belgium",2022,"Gross Imp.",1,0.529,236.14,8,"Kg",236
"S3","RWA","047","Rwanda","BEL","Belgium",2022,"Import",5,0.529,236.14,8,"Kg",236
"S3","RWA","047","Rwanda","BRA","Brazil",2020,"Gross Imp.",1,18.056,50120,8,"Kg",50120
"S3","RWA","047","Rwanda","BRA","Brazil",2020,"Import",5,18.056,50120,8,"Kg",50120
"S3","RWA","047","Rwanda","BRA","Brazil",2021,"Gross Imp.",1,23.644,50120,8,"Kg",50120
"S3","RWA","047","Rwanda","BRA","Brazil",2021,"Import",5,23.644,50120,8,"Kg",50120
"S3","RWA","047","Rwanda","CAN","Canada",2020,"Export",6,20.223,10356,8,"Kg",10356
"S3","RWA","047","Rwanda","CAN","Canada",2020,"Gross Exp.",2,20.223,10356,8,"Kg",10356
"S3","RWA","047","Rwanda","CAN","Canada",2020,"Gross Imp.",1,0.047,70,8,"Kg",70
"S3","RWA","047","Rwanda","CAN","Canada",2020,"Import",5,0.047,70,8,"Kg",70
"S3","RWA","047","Rwanda","CAN","Canada",2021,"Export",6,12.468,5944,8,"Kg",5944
"S3","RWA","047","Rwanda","CAN","Canada",2021,"Gross Exp.",2,12.468,5944,8,"Kg",5944
"S3","RWA","047","Rwanda","CAN","Canada",2021,"Gross Imp.",1,0.095,120,8,"Kg",120
"S3","RWA","047","Rwanda","CAN","Canada",2021,"Import",5,0.095,120,8,"Kg",120
"S3","RWA","047","Rwanda","CAN","Canada",2022,"Export",6,18.387,10622,8,"Kg",10622
"S3","RWA","047","Rwanda","CAN","Canada",2022,"Gross Exp.",2,18.387,10622,8,"Kg",10622
"S3","RWA","047","Rwanda","CAN","Canada",2022,"Gross Imp.",1,0.214,200,8,"Kg",200
"S3","RWA","047","Rwanda","CAN","Canada",2022,"Import",5,0.214,200,8,"Kg",200
"S3","RWA","047","Rwanda","CHN","China",2020,"Gross Imp.",1,0.252,453,8,"Kg",453
"S3","RWA","047","Rwanda","CHN","China",2020,"Import",5,0.252,453,8,"Kg",453
"S3","RWA","047","Rwanda","CHN","China",2021,"Gross Imp.",1,0.368,585.42,8,"Kg",585
"S3","RWA","047","Rwanda","CHN","China",2021,"Import",5,0.368,585.42,8,"Kg",585
"S3","RWA","047","Rwanda","CHN","China",2022,"Gross Imp.",1,1.562,2286,8,"Kg",2286
"S3","RWA","047","Rwanda","CHN","China",2022,"Import",5,1.562,2286,8,"Kg",2286
"S3","RWA","047","Rwanda","COG","Congo, Rep.",2020,"Export",6,0.999,470,8,"Kg",470
"S3","RWA","047","Rwanda","COG","Congo, Rep.",2020,"Gross Exp.",2,0.999,470,8,"Kg",470
"S3","RWA","047","Rwanda","DEU","Germany",2020,"Gross Imp.",1,0.039,17,8,"Kg",17
"S3","RWA","047","Rwanda","DEU","Germany",2020,"Import",5,0.039,17,8,"Kg",17
"S3","RWA","047","Rwanda","DEU","Germany",2021,"Gross Imp.",1,1.154,75,8,"Kg",75
"S3","RWA","047","Rwanda","DEU","Germany",2021,"Import",5,1.154,75,8,"Kg",75
"S3","RWA","047","Rwanda","DEU","Germany",2022,"Gross Imp.",1,0.111,250,8,"Kg",250
"S3","RWA","047","Rwanda","DEU","Germany",2022,"Import",5,0.111,250,8,"Kg",250
"S3","RWA","047","Rwanda","DNK","Denmark",2020,"Gross Imp.",1,0.036,53,8,"Kg",53
"S3","RWA","047","Rwanda","DNK","Denmark",2020,"Import",5,0.036,53,8,"Kg",53
"S3","RWA","047","Rwanda","DNK","Denmark",2021,"Gross Imp.",1,0.52,501,8,"Kg",501
"S3","RWA","047","Rwanda","DNK","Denmark",2021,"Import",5,0.52,501,8,"Kg",501
"S3","RWA","047","Rwanda","EGY","Egypt, Arab Rep.",2020,"Gross Imp.",1,16.56,71040,8,"Kg",71040
"S3","RWA","047","Rwanda","EGY","Egypt, Arab Rep.",2020,"Import",5,16.56,71040,8,"Kg",71040
"S3","RWA","047","Rwanda","EGY","Egypt, Arab Rep.",2021,"Gross Imp.",1,72.133,155490,8,"Kg",155490
"S3","RWA","047","Rwanda","EGY","Egypt, Arab Rep.",2021,"Import",5,72.133,155490,8,"Kg",155490
"S3","RWA","047","Rwanda","EGY","Egypt, Arab Rep.",2022,"Gross Imp.",1,6.66,24625,8,"Kg",24625
"S3","RWA","047","Rwanda","EGY","Egypt, Arab Rep.",2022,"Import",5,6.66,24625,8,"Kg",24625
"S3","RWA","047","Rwanda","ETH","Ethiopia(excludes Eritrea)",2020,"Gross Imp.",1,0.319,50,8,"Kg",50
"S3","RWA","047","Rwanda","ETH","Ethiopia(excludes Eritrea)",2020,"Import",5,0.319,50,8,"Kg",50
"S3","RWA","047","Rwanda","ETH","Ethiopia(excludes Eritrea)",2021,"Gross Imp.",1,0.037,30,8,"Kg",30
"S3","RWA","047","Rwanda","ETH","Ethiopia(excludes Eritrea)",2021,"Import",5,0.037,30,8,"Kg",30
"S3","RWA","047","Rwanda","FRA","France",2021,"Gross Imp.",1,4.672,3000,8,"Kg",3000
"S3","RWA","047","Rwanda","FRA","France",2021,"Import",5,4.672,3000,8,"Kg",3000
"S3","RWA","047","Rwanda","FRA","France",2022,"Gross Imp.",1,0.17,66.36,8,"Kg",66
"S3","RWA","047","Rwanda","FRA","France",2022,"Import",5,0.17,66.36,8,"Kg",66
"S3","RWA","047","Rwanda","GBR","United Kingdom",2021,"Export",6,0.006,42,8,"Kg",42
"S3","RWA","047","Rwanda","GBR","United Kingdom",2021,"Gross Exp.",2,0.006,42,8,"Kg",42
"S3","RWA","047","Rwanda","GBR","United Kingdom",2022,"Gross Imp.",1,0.065,10,8,"Kg",10
"S3","RWA","047","Rwanda","GBR","United Kingdom",2022,"Import",5,0.065,10,8,"Kg",10
"S3","RWA","047","Rwanda","HKG","Hong Kong, China",2020,"Gross Imp.",1,0.011,50,8,"Kg",50
"S3","RWA","047","Rwanda","HKG","Hong Kong, China",2020,"Import",5,0.011,50,8,"Kg",50
"S3","RWA","047","Rwanda","HKG","Hong Kong, China",2021,"Gross Imp.",1,0.022,51,8,"Kg",51
"S3","RWA","047","Rwanda","HKG","Hong Kong, China",2021,"Import",5,0.022,51,8,"Kg",51
"S3","RWA","047","Rwanda","HKG","Hong Kong, China",2022,"Gross Imp.",1,0.126,318,8,"Kg",318
"S3","RWA","047","Rwanda","HKG","Hong Kong, China",2022,"Import",5,0.126,318,8,"Kg",318
"S3","RWA","047","Rwanda","HUN","Hungary",2020,"Gross Imp.",1,91.749,211120,8,"Kg",211120
"S3","RWA","047","Rwanda","HUN","Hungary",2020,"Import",5,91.749,211120,8,"Kg",211120
"S3","RWA","047","Rwanda","HUN","Hungary",2022,"Gross Imp.",1,0.252,147,8,"Kg",147
"S3","RWA","047","Rwanda","HUN","Hungary",2022,"Import",5,0.252,147,8,"Kg",147
"S3","RWA","047","Rwanda","IND","India",2020,"Gross Imp.",1,3.59,3722.6,8,"Kg",3723
"S3","RWA","047","Rwanda","IND","India",2020,"Import",5,3.59,3722.6,8,"Kg",3723
"S3","RWA","047","Rwanda","IND","India",2021,"Gross Imp.",1,15.478,33960.52,8,"Kg",33961
"S3","RWA","047","Rwanda","IND","India",2021,"Import",5,15.478,33960.52,8,"Kg",33961
"S3","RWA","047","Rwanda","IND","India",2022,"Gross Imp.",1,16.594,52988.61,8,"Kg",52989
"S3","RWA","047","Rwanda","IND","India",2022,"Import",5,16.594,52988.61,8,"Kg",52989
"S3","RWA","047","Rwanda","KEN","Kenya",2020,"Export",6,23.5,24800,8,"Kg",24800
"S3","RWA","047","Rwanda","KEN","Kenya",2020,"Gross Exp.",2,23.5,24800,8,"Kg",24800
"S3","RWA","047","Rwanda","KEN","Kenya",2020,"Gross Imp.",1,152.073,276134,8,"Kg",276134
"S3","RWA","047","Rwanda","KEN","Kenya",2020,"Import",5,152.073,276134,8,"Kg",276134
"S3","RWA","047","Rwanda","KEN","Kenya",2021,"Export",6,105.634,1e+05,8,"Kg",100000
"S3","RWA","047","Rwanda","KEN","Kenya",2021,"Gross Exp.",2,105.634,1e+05,8,"Kg",100000
"S3","RWA","047","Rwanda","KEN","Kenya",2021,"Gross Imp.",1,36.38,38978.8,8,"Kg",38979
"S3","RWA","047","Rwanda","KEN","Kenya",2021,"Import",5,36.38,38978.8,8,"Kg",38979
"S3","RWA","047","Rwanda","KEN","Kenya",2022,"Gross Imp.",1,17.43,27172,8,"Kg",27172
"S3","RWA","047","Rwanda","KEN","Kenya",2022,"Import",5,17.43,27172,8,"Kg",27172
"S3","RWA","047","Rwanda","KOR","Korea, Rep.",2022,"Gross Imp.",1,0.241,135,8,"Kg",135
"S3","RWA","047","Rwanda","KOR","Korea, Rep.",2022,"Import",5,0.241,135,8,"Kg",135
"S3","RWA","047","Rwanda","MDG","Madagascar",2022,"Export",6,0.02,2,8,"Kg",2
"S3","RWA","047","Rwanda","MDG","Madagascar",2022,"Gross Exp.",2,0.02,2,8,"Kg",2
"S3","RWA","047","Rwanda","MWI","Malawi",2021,"Export",6,22.63,22500,8,"Kg",22500
"S3","RWA","047","Rwanda","MWI","Malawi",2021,"Gross Exp.",2,22.63,22500,8,"Kg",22500
"S3","RWA","047","Rwanda","NGA","Nigeria",2021,"Export",6,0.005,18,8,"Kg",18
"S3","RWA","047","Rwanda","NGA","Nigeria",2021,"Gross Exp.",2,0.005,18,8,"Kg",18
"S3","RWA","047","Rwanda","NGA","Nigeria",2022,"Gross Imp.",1,0.193,30,8,"Kg",30
"S3","RWA","047","Rwanda","NGA","Nigeria",2022,"Import",5,0.193,30,8,"Kg",30
"S3","RWA","047","Rwanda","NLD","Netherlands",2020,"Gross Imp.",1,0.323,51,8,"Kg",51
"S3","RWA","047","Rwanda","NLD","Netherlands",2020,"Import",5,0.323,51,8,"Kg",51
"S3","RWA","047","Rwanda","NLD","Netherlands",2021,"Gross Imp.",1,0.303,72,8,"Kg",72
"S3","RWA","047","Rwanda","NLD","Netherlands",2021,"Import",5,0.303,72,8,"Kg",72
"S3","RWA","047","Rwanda","NLD","Netherlands",2022,"Gross Imp.",1,0.034,20,8,"Kg",20
"S3","RWA","047","Rwanda","NLD","Netherlands",2022,"Import",5,0.034,20,8,"Kg",20
"S3","RWA","047","Rwanda","PAK","Pakistan",2021,"Gross Imp.",1,0.03,20,8,"Kg",20
"S3","RWA","047","Rwanda","PAK","Pakistan",2021,"Import",5,0.03,20,8,"Kg",20
"S3","RWA","047","Rwanda","RUS","Russian Federation",2022,"Gross Imp.",1,0.088,125,8,"Kg",125
"S3","RWA","047","Rwanda","RUS","Russian Federation",2022,"Import",5,0.088,125,8,"Kg",125
"S3","RWA","047","Rwanda","SWE","Sweden",2022,"Export",6,0,0,8,"Kg",0
"S3","RWA","047","Rwanda","SWE","Sweden",2022,"Gross Exp.",2,0.478,1448,8,"Kg",1448
"S3","RWA","047","Rwanda","SWE","Sweden",2022,"Re-Export",3,0.478,1448,8,"Kg",1448
"S3","RWA","047","Rwanda","TUR","Turkey",2020,"Gross Imp.",1,0.189,154,8,"Kg",154
"S3","RWA","047","Rwanda","TUR","Turkey",2020,"Import",5,0.189,154,8,"Kg",154
"S3","RWA","047","Rwanda","TUR","Turkey",2022,"Gross Imp.",1,0.09,63,8,"Kg",63
"S3","RWA","047","Rwanda","TUR","Turkey",2022,"Import",5,0.09,63,8,"Kg",63
"S3","RWA","047","Rwanda","TZA","Tanzania",2020,"Gross Imp.",1,0.938,2025,8,"Kg",2025
"S3","RWA","047","Rwanda","TZA","Tanzania",2020,"Import",5,0.938,2025,8,"Kg",2025
"S3","RWA","047","Rwanda","TZA","Tanzania",2021,"Export",6,0.149,1500,8,"Kg",1500
"S3","RWA","047","Rwanda","TZA","Tanzania",2021,"Gross Exp.",2,0.149,1500,8,"Kg",1500
"S3","RWA","047","Rwanda","TZA","Tanzania",2021,"Gross Imp.",1,57.795,150428.2,8,"Kg",150428
"S3","RWA","047","Rwanda","TZA","Tanzania",2021,"Import",5,57.795,150428.2,8,"Kg",150428
"S3","RWA","047","Rwanda","TZA","Tanzania",2022,"Gross Imp.",1,6.287,8892,8,"Kg",8892
"S3","RWA","047","Rwanda","TZA","Tanzania",2022,"Import",5,6.287,8892,8,"Kg",8892
"S3","RWA","047","Rwanda","UGA","Uganda",2021,"Export",6,23.6,24972,8,"Kg",24972
"S3","RWA","047","Rwanda","UGA","Uganda",2021,"Gross Exp.",2,23.6,24972,8,"Kg",24972
"S3","RWA","047","Rwanda","UGA","Uganda",2022,"Export",6,7.044,12000,8,"Kg",12000
"S3","RWA","047","Rwanda","UGA","Uganda",2022,"Gross Exp.",2,7.044,12000,8,"Kg",12000
"S3","RWA","047","Rwanda","UGA","Uganda",2022,"Gross Imp.",1,72.513,210672,8,"Kg",210672
"S3","RWA","047","Rwanda","UGA","Uganda",2022,"Import",5,72.513,210672,8,"Kg",210672
"S3","RWA","047","Rwanda","UKR","Ukraine",2021,"Gross Imp.",1,3.149,18486.9,8,"Kg",18487
"S3","RWA","047","Rwanda","UKR","Ukraine",2021,"Import",5,3.149,18486.9,8,"Kg",18487
"S3","RWA","047","Rwanda","USA","United States",2020,"Export",6,161.388,134554,8,"Kg",134554
"S3","RWA","047","Rwanda","USA","United States",2020,"Gross Exp.",2,161.388,134554,8,"Kg",134554
"S3","RWA","047","Rwanda","USA","United States",2021,"Export",6,148.207,118630,8,"Kg",118630
"S3","RWA","047","Rwanda","USA","United States",2021,"Gross Exp.",2,148.207,118630,8,"Kg",118630
"S3","RWA","047","Rwanda","USA","United States",2021,"Gross Imp.",1,0.006,2,8,"Kg",2
"S3","RWA","047","Rwanda","USA","United States",2021,"Import",5,0.006,2,8,"Kg",2
"S3","RWA","047","Rwanda","USA","United States",2022,"Export",6,112.237,102819,8,"Kg",102819
"S3","RWA","047","Rwanda","USA","United States",2022,"Gross Exp.",2,112.237,102819,8,"Kg",102819
"S3","RWA","047","Rwanda","USA","United States",2022,"Gross Imp.",1,0.042,43,8,"Kg",43
"S3","RWA","047","Rwanda","USA","United States",2022,"Import",5,0.042,43,8,"Kg",43
"S3","RWA","047","Rwanda","WLD"," World",2020,"Export",6,3899.309,14988463,8,"Kg",14988463
"S3","RWA","047","Rwanda","WLD"," World",2020,"Gross Exp.",2,3899.655,14988703,8,"Kg",14988703
"S3","RWA","047","Rwanda","WLD"," World",2020,"Gross Imp.",1,309.588,638787.6,8,"Kg",638788
"S3","RWA","047","Rwanda","WLD"," World",2020,"Import",5,309.588,638787.6,8,"Kg",638788
"S3","RWA","047","Rwanda","WLD"," World",2020,"Re-Export",3,0.346,240,8,"Kg",240
"S3","RWA","047","Rwanda","WLD"," World",2021,"Export",6,10185.302,52897589,8,"Kg",52897589
"S3","RWA","047","Rwanda","WLD"," World",2021,"Gross Exp.",2,10224.42,53002958.7,8,"Kg",53002959
"S3","RWA","047","Rwanda","WLD"," World",2021,"Gross Imp.",1,243.169,474851.34,8,"Kg",474851
"S3","RWA","047","Rwanda","WLD"," World",2021,"Import",5,243.169,474851.34,8,"Kg",474851
"S3","RWA","047","Rwanda","WLD"," World",2021,"Re-Export",3,39.118,105369.7,8,"Kg",105370
"S3","RWA","047","Rwanda","WLD"," World",2022,"Export",6,10440.265,46824979,8,"Kg",46824979
"S3","RWA","047","Rwanda","WLD"," World",2022,"Gross Exp.",2,10599.729,47462778.65,8,"Kg",47462779
"S3","RWA","047","Rwanda","WLD"," World",2022,"Gross Imp.",1,305.328,860225.21,8,"Kg",860225
"S3","RWA","047","Rwanda","WLD"," World",2022,"Import",5,305.328,860225.21,8,"Kg",860225
"S3","RWA","047","Rwanda","WLD"," World",2022,"Re-Export",3,159.464,637799.65,8,"Kg",637800
"S3","RWA","047","Rwanda","ZAF","South Africa",2020,"Gross Imp.",1,0.263,130,8,"Kg",130
"S3","RWA","047","Rwanda","ZAF","South Africa",2020,"Import",5,0.263,130,8,"Kg",130
"S3","RWA","047","Rwanda","ZAF","South Africa",2021,"Gross Imp.",1,0.057,20,8,"Kg",20
"S3","RWA","047","Rwanda","ZAF","South Africa",2021,"Import",5,0.057,20,8,"Kg",20
"S3","RWA","047","Rwanda","ZAF","South Africa",2022,"Gross Imp.",1,0.062,10,8,"Kg",10
"S3","RWA","047","Rwanda","ZAF","South Africa",2022,"Import",5,0.062,10,8,"Kg",10
"S3","RWA","047","Rwanda","ZAR","Congo, Dem. Rep.",2020,"Export",6,3679.882,14807760,8,"Kg",14807760
"S3","RWA","047","Rwanda","ZAR","Congo, Dem. Rep.",2020,"Gross Exp.",2,3680.228,14808000,8,"Kg",14808000
"S3","RWA","047","Rwanda","ZAR","Congo, Dem. Rep.",2020,"Gross Imp.",1,0.017,182,8,"Kg",182
"S3","RWA","047","Rwanda","ZAR","Congo, Dem. Rep.",2020,"Import",5,0.017,182,8,"Kg",182
"S3","RWA","047","Rwanda","ZAR","Congo, Dem. Rep.",2020,"Re-Export",3,0.346,240,8,"Kg",240
"S3","RWA","047","Rwanda","ZAR","Congo, Dem. Rep.",2021,"Export",6,9866.726,52619630,8,"Kg",52619630
"S3","RWA","047","Rwanda","ZAR","Congo, Dem. Rep.",2021,"Gross Exp.",2,9905.844,52724999.7,8,"Kg",52725000
"S3","RWA","047","Rwanda","ZAR","Congo, Dem. Rep.",2021,"Gross Imp.",1,0.02,25,8,"Kg",25
"S3","RWA","047","Rwanda","ZAR","Congo, Dem. Rep.",2021,"Import",5,0.02,25,8,"Kg",25
"S3","RWA","047","Rwanda","ZAR","Congo, Dem. Rep.",2021,"Re-Export",3,39.118,105369.7,8,"Kg",105370
"S3","RWA","047","Rwanda","ZAR","Congo, Dem. Rep.",2022,"Export",6,10291.434,46695000,8,"Kg",46695000
"S3","RWA","047","Rwanda","ZAR","Congo, Dem. Rep.",2022,"Gross Exp.",2,10450.42,47331351.65,8,"Kg",47331352
"S3","RWA","047","Rwanda","ZAR","Congo, Dem. Rep.",2022,"Gross Imp.",1,1.88,7800,8,"Kg",7800
"S3","RWA","047","Rwanda","ZAR","Congo, Dem. Rep.",2022,"Import",5,1.88,7800,8,"Kg",7800
"S3","RWA","047","Rwanda","ZAR","Congo, Dem. Rep.",2022,"Re-Export",3,158.986,636351.65,8,"Kg",636352
"S3","RWA","047","Rwanda","ZMB","Zambia",2022,"Gross Imp.",1,134.138,452000,8,"Kg",452000
"S3","RWA","047","Rwanda","ZMB","Zambia",2022,"Import",5,134.138,452000,8,"Kg",452000
"S3","RWA","048","Rwanda","ALB","Albania",2021,"Gross Imp.",1,0.778,681,8,"Kg",681
"S3","RWA","048","Rwanda","ALB","Albania",2021,"Import",5,0.778,681,8,"Kg",681
"S3","RWA","048","Rwanda","ALB","Albania",2022,"Gross Imp.",1,46.772,35924,8,"Kg",35924
"S3","RWA","048","Rwanda","ALB","Albania",2022,"Import",5,46.772,35924,8,"Kg",35924
"S3","RWA","048","Rwanda","AND","Andorra",2022,"Gross Imp.",1,0.008,170,8,"Kg",170
"S3","RWA","048","Rwanda","AND","Andorra",2022,"Import",5,0.008,170,8,"Kg",170
"S3","RWA","048","Rwanda","ARE","United Arab Emirates",2020,"Export",6,0,0,8,"Kg",0
"S3","RWA","048","Rwanda","ARE","United Arab Emirates",2020,"Gross Exp.",2,3.258,330,8,"Kg",330
"S3","RWA","048","Rwanda","ARE","United Arab Emirates",2020,"Gross Imp.",1,391.306,283649.7,8,"Kg",283650
"S3","RWA","048","Rwanda","ARE","United Arab Emirates",2020,"Import",5,391.306,283649.7,8,"Kg",283650
"S3","RWA","048","Rwanda","ARE","United Arab Emirates",2020,"Re-Export",3,3.258,330,8,"Kg",330
"S3","RWA","048","Rwanda","ARE","United Arab Emirates",2021,"Export",6,0,0,8,"Kg",0
"S3","RWA","048","Rwanda","ARE","United Arab Emirates",2021,"Gross Exp.",2,7.505,770,8,"Kg",770
"S3","RWA","048","Rwanda","ARE","United Arab Emirates",2021,"Gross Imp.",1,264.112,182388.23,8,"Kg",182388
"S3","RWA","048","Rwanda","ARE","United Arab Emirates",2021,"Import",5,264.112,182388.23,8,"Kg",182388
"S3","RWA","048","Rwanda","ARE","United Arab Emirates",2021,"Re-Export",3,7.505,770,8,"Kg",770
"S3","RWA","048","Rwanda","ARE","United Arab Emirates",2022,"Export",6,0,0,8,"Kg",0
"S3","RWA","048","Rwanda","ARE","United Arab Emirates",2022,"Gross Exp.",2,0.082,200,8,"Kg",200
"S3","RWA","048","Rwanda","ARE","United Arab Emirates",2022,"Gross Imp.",1,774.015,647839.09,8,"Kg",647839
"S3","RWA","048","Rwanda","ARE","United Arab Emirates",2022,"Import",5,774.015,647839.09,8,"Kg",647839
"S3","RWA","048","Rwanda","ARE","United Arab Emirates",2022,"Re-Export",3,0.082,200,8,"Kg",200
"S3","RWA","048","Rwanda","ARG","Argentina",2022,"Gross Imp.",1,0.085,86,8,"Kg",86
"S3","RWA","048","Rwanda","ARG","Argentina",2022,"Import",5,0.085,86,8,"Kg",86
"S3","RWA","048","Rwanda","AUS","Australia",2021,"Gross Imp.",1,0.007,1,8,"Kg",1
"S3","RWA","048","Rwanda","AUS","Australia",2021,"Import",5,0.007,1,8,"Kg",1
"S3","RWA","048","Rwanda","AUS","Australia",2022,"Gross Imp.",1,3689.056,3927603,8,"Kg",3927603
"S3","RWA","048","Rwanda","AUS","Australia",2022,"Import",5,3689.056,3927603,8,"Kg",3927603
"S3","RWA","048","Rwanda","AUT","Austria",2022,"Gross Imp.",1,0.053,7.56,8,"Kg",8
"S3","RWA","048","Rwanda","AUT","Austria",2022,"Import",5,0.053,7.56,8,"Kg",8
"S3","RWA","048","Rwanda","BEL","Belgium",2020,"Gross Imp.",1,8978.763,14843203.74,8,"Kg",14843204
"S3","RWA","048","Rwanda","BEL","Belgium",2020,"Import",5,8978.763,14843203.74,8,"Kg",14843204
"S3","RWA","048","Rwanda","BEL","Belgium",2021,"Gross Imp.",1,12595.629,18694606.07,8,"Kg",18694606
"S3","RWA","048","Rwanda","BEL","Belgium",2021,"Import",5,12595.629,18694606.07,8,"Kg",18694606
"S3","RWA","048","Rwanda","BEL","Belgium",2022,"Export",6,38.769,26612,8,"Kg",26612
"S3","RWA","048","Rwanda","BEL","Belgium",2022,"Gross Exp.",2,38.769,26612,8,"Kg",26612
"S3","RWA","048","Rwanda","BEL","Belgium",2022,"Gross Imp.",1,51655.695,18921610.98,8,"Kg",18921611
"S3","RWA","048","Rwanda","BEL","Belgium",2022,"Import",5,51655.695,18921610.98,8,"Kg",18921611
"S3","RWA","048","Rwanda","BFA","Burkina Faso",2022,"Export",6,61.266,49992,8,"Kg",49992
"S3","RWA","048","Rwanda","BFA","Burkina Faso",2022,"Gross Exp.",2,61.266,49992,8,"Kg",49992
"S3","RWA","048","Rwanda","BLM","Saint Barthélemy",2022,"Gross Imp.",1,0.782,440,8,"Kg",440
"S3","RWA","048","Rwanda","BLM","Saint Barthélemy",2022,"Import",5,0.782,440,8,"Kg",440
"S3","RWA","048","Rwanda","BRA","Brazil",2021,"Gross Imp.",1,0.371,560,8,"Kg",560
"S3","RWA","048","Rwanda","BRA","Brazil",2021,"Import",5,0.371,560,8,"Kg",560
"S3","RWA","048","Rwanda","BRA","Brazil",2022,"Gross Imp.",1,335.647,42310.1,8,"Kg",42310
"S3","RWA","048","Rwanda","BRA","Brazil",2022,"Import",5,335.647,42310.1,8,"Kg",42310
"S3","RWA","048","Rwanda","BWA","Botswana",2022,"Gross Imp.",1,0.002,5,8,"Kg",5
"S3","RWA","048","Rwanda","BWA","Botswana",2022,"Import",5,0.002,5,8,"Kg",5
"S3","RWA","048","Rwanda","CAN","Canada",2020,"Gross Imp.",1,0.539,152,8,"Kg",152
"S3","RWA","048","Rwanda","CAN","Canada",2020,"Import",5,0.539,152,8,"Kg",152
"S3","RWA","048","Rwanda","CAN","Canada",2021,"Gross Imp.",1,0.168,191,8,"Kg",191
"S3","RWA","048","Rwanda","CAN","Canada",2021,"Import",5,0.168,191,8,"Kg",191
"S3","RWA","048","Rwanda","CAN","Canada",2022,"Gross Imp.",1,0.491,911.16,8,"Kg",911
"S3","RWA","048","Rwanda","CAN","Canada",2022,"Import",5,0.491,911.16,8,"Kg",911
"S3","RWA","048","Rwanda","CHE","Switzerland",2021,"Gross Imp.",1,0.019,20,8,"Kg",20
"S3","RWA","048","Rwanda","CHE","Switzerland",2021,"Import",5,0.019,20,8,"Kg",20
"S3","RWA","048","Rwanda","CHE","Switzerland",2022,"Gross Imp.",1,1.127,129.14,8,"Kg",129
"S3","RWA","048","Rwanda","CHE","Switzerland",2022,"Import",5,1.127,129.14,8,"Kg",129
"S3","RWA","048","Rwanda","CHN","China",2020,"Gross Imp.",1,67.4,82472.88,8,"Kg",82473
"S3","RWA","048","Rwanda","CHN","China",2020,"Import",5,67.4,82472.88,8,"Kg",82473
"S3","RWA","048","Rwanda","CHN","China",2021,"Gross Imp.",1,128.53,131354.49,8,"Kg",131354
"S3","RWA","048","Rwanda","CHN","China",2021,"Import",5,128.53,131354.49,8,"Kg",131354
"S3","RWA","048","Rwanda","CHN","China",2022,"Gross Imp.",1,355.294,275177.7,8,"Kg",275178
"S3","RWA","048","Rwanda","CHN","China",2022,"Import",5,355.294,275177.7,8,"Kg",275178
"S3","RWA","048","Rwanda","CIV","Cote d'Ivoire",2020,"Gross Imp.",1,63.622,43800,8,"Kg",43800
"S3","RWA","048","Rwanda","CIV","Cote d'Ivoire",2020,"Import",5,63.622,43800,8,"Kg",43800
"S3","RWA","048","Rwanda","CIV","Cote d'Ivoire",2022,"Export",6,9.845,7575,8,"Kg",7575
"S3","RWA","048","Rwanda","CIV","Cote d'Ivoire",2022,"Gross Exp.",2,9.845,7575,8,"Kg",7575
"S3","RWA","048","Rwanda","COG","Congo, Rep.",2020,"Gross Imp.",1,0.301,50,8,"Kg",50
"S3","RWA","048","Rwanda","COG","Congo, Rep.",2020,"Import",5,0.301,50,8,"Kg",50
"S3","RWA","048","Rwanda","COG","Congo, Rep.",2022,"Export",6,0.068,100,8,"Kg",100
"S3","RWA","048","Rwanda","COG","Congo, Rep.",2022,"Gross Exp.",2,0.068,100,8,"Kg",100
"S3","RWA","048","Rwanda","CYP","Cyprus",2021,"Gross Imp.",1,0.127,35,8,"Kg",35
"S3","RWA","048","Rwanda","CYP","Cyprus",2021,"Import",5,0.127,35,8,"Kg",35
"S3","RWA","048","Rwanda","CYP","Cyprus",2022,"Gross Imp.",1,0.141,44,8,"Kg",44
"S3","RWA","048","Rwanda","CYP","Cyprus",2022,"Import",5,0.141,44,8,"Kg",44
"S3","RWA","048","Rwanda","DEU","Germany",2020,"Gross Imp.",1,945.312,1542361.6,8,"Kg",1542362
"S3","RWA","422","Rwanda","PAK","Pakistan",2022,"Gross Imp.",1,95.888,56311.2,8,"Kg",56311
"S3","RWA","422","Rwanda","PAK","Pakistan",2022,"Import",5,95.888,56311.2,8,"Kg",56311
"S3","RWA","422","Rwanda","SEN","Senegal",2022,"Gross Imp.",1,377.851,241452,8,"Kg",241452
"S3","RWA","422","Rwanda","SEN","Senegal",2022,"Import",5,377.851,241452,8,"Kg",241452
"S3","RWA","422","Rwanda","SGP","Singapore",2020,"Gross Imp.",1,396.004,407219,8,"Kg",407219
"S3","RWA","422","Rwanda","SGP","Singapore",2020,"Import",5,396.004,407219,8,"Kg",407219
"S3","RWA","422","Rwanda","SGP","Singapore",2021,"Gross Imp.",1,2333.794,1859392.4,8,"Kg",1859392
"S3","RWA","422","Rwanda","SGP","Singapore",2021,"Import",5,2333.794,1859392.4,8,"Kg",1859392
"S3","RWA","422","Rwanda","SGP","Singapore",2022,"Gross Imp.",1,1311.292,997071.5,8,"Kg",997072
"S3","RWA","422","Rwanda","SGP","Singapore",2022,"Import",5,1311.292,997071.5,8,"Kg",997072
"S3","RWA","422","Rwanda","SUD","Sudan",2021,"Export",6,0,0,8,"Kg",0
"S3","RWA","422","Rwanda","SUD","Sudan",2021,"Gross Exp.",2,275.179,272730,8,"Kg",272730
"S3","RWA","422","Rwanda","SUD","Sudan",2021,"Re-Export",3,275.179,272730,8,"Kg",272730
"S3","RWA","422","Rwanda","SWE","Sweden",2022,"Export",6,0.423,15,8,"Kg",15
"S3","RWA","422","Rwanda","SWE","Sweden",2022,"Gross Exp.",2,0.423,15,8,"Kg",15
"S3","RWA","422","Rwanda","THA","Thailand",2021,"Gross Imp.",1,1676.967,1300448,8,"Kg",1300448
"S3","RWA","422","Rwanda","THA","Thailand",2021,"Import",5,1676.967,1300448,8,"Kg",1300448
"S3","RWA","422","Rwanda","TUR","Turkey",2020,"Gross Imp.",1,66.435,50059.8,8,"Kg",50060
"S3","RWA","422","Rwanda","TUR","Turkey",2020,"Import",5,66.435,50059.8,8,"Kg",50060
"S3","RWA","422","Rwanda","TUR","Turkey",2021,"Gross Imp.",1,0.586,360,8,"Kg",360
"S3","RWA","422","Rwanda","TUR","Turkey",2021,"Import",5,0.586,360,8,"Kg",360
"S3","RWA","422","Rwanda","TZA","Tanzania",2020,"Gross Imp.",1,165.192,239639,8,"Kg",239639
"S3","RWA","422","Rwanda","TZA","Tanzania",2020,"Import",5,165.192,239639,8,"Kg",239639
"S3","RWA","422","Rwanda","TZA","Tanzania",2021,"Gross Imp.",1,825.193,1054167,8,"Kg",1054167
"S3","RWA","422","Rwanda","TZA","Tanzania",2021,"Import",5,825.193,1054167,8,"Kg",1054167
"S3","RWA","422","Rwanda","TZA","Tanzania",2022,"Export",6,0,0,8,"Kg",0
"S3","RWA","422","Rwanda","TZA","Tanzania",2022,"Gross Exp.",2,358.619,218685,8,"Kg",218685
"S3","RWA","422","Rwanda","TZA","Tanzania",2022,"Gross Imp.",1,319.502,336494,8,"Kg",336494
"S3","RWA","422","Rwanda","TZA","Tanzania",2022,"Import",5,319.502,336494,8,"Kg",336494
"S3","RWA","422","Rwanda","TZA","Tanzania",2022,"Re-Export",3,358.619,218685,8,"Kg",218685
"S3","RWA","422","Rwanda","UGA","Uganda",2020,"Export",6,10.105,1090,8,"Kg",1090
"S3","RWA","422","Rwanda","UGA","Uganda",2020,"Gross Exp.",2,10.105,1090,8,"Kg",1090
"S3","RWA","422","Rwanda","UGA","Uganda",2021,"Export",6,6.545,1835,8,"Kg",1835
"S3","RWA","422","Rwanda","UGA","Uganda",2021,"Gross Exp.",2,6.545,1835,8,"Kg",1835
"S3","RWA","422","Rwanda","UGA","Uganda",2022,"Export",6,491.49,302400,8,"Kg",302400
"S3","RWA","422","Rwanda","UGA","Uganda",2022,"Gross Exp.",2,1630.403,921041,8,"Kg",921041
"S3","RWA","422","Rwanda","UGA","Uganda",2022,"Gross Imp.",1,50.286,25082,8,"Kg",25082
"S3","RWA","422","Rwanda","UGA","Uganda",2022,"Import",5,50.286,25082,8,"Kg",25082
"S3","RWA","422","Rwanda","UGA","Uganda",2022,"Re-Export",3,1138.913,618641,8,"Kg",618641
"S3","RWA","422","Rwanda","UKR","Ukraine",2022,"Gross Imp.",1,0.034,5.4,8,"Kg",5
"S3","RWA","422","Rwanda","UKR","Ukraine",2022,"Import",5,0.034,5.4,8,"Kg",5
"S3","RWA","422","Rwanda","USA","United States",2020,"Export",6,34.462,2099,8,"Kg",2099
"S3","RWA","422","Rwanda","USA","United States",2020,"Gross Exp.",2,34.462,2099,8,"Kg",2099
"S3","RWA","422","Rwanda","USA","United States",2021,"Export",6,35.173,1755,8,"Kg",1755
"S3","RWA","422","Rwanda","USA","United States",2021,"Gross Exp.",2,35.173,1755,8,"Kg",1755
"S3","RWA","422","Rwanda","USA","United States",2021,"Gross Imp.",1,0.02,5,8,"Kg",5
"S3","RWA","422","Rwanda","USA","United States",2021,"Import",5,0.02,5,8,"Kg",5
"S3","RWA","422","Rwanda","USA","United States",2022,"Export",6,14.978,308,8,"Kg",308
"S3","RWA","422","Rwanda","USA","United States",2022,"Gross Exp.",2,14.978,308,8,"Kg",308
"S3","RWA","422","Rwanda","USA","United States",2022,"Gross Imp.",1,0.052,120,8,"Kg",120
"S3","RWA","422","Rwanda","USA","United States",2022,"Import",5,0.052,120,8,"Kg",120
"S3","RWA","422","Rwanda","WLD"," World",2020,"Export",6,436.57,17083,8,"Kg",17083
"S3","RWA","422","Rwanda","WLD"," World",2020,"Gross Exp.",2,26973.532,26569143,8,"Kg",26569143
"S3","RWA","422","Rwanda","WLD"," World",2020,"Gross Imp.",1,86964.209,101687775.491,8,"Kg",101687775
"S3","RWA","422","Rwanda","WLD"," World",2020,"Import",5,86964.209,101687775.491,8,"Kg",101687775
"S3","RWA","422","Rwanda","WLD"," World",2020,"Re-Export",3,26536.962,26552060,8,"Kg",26552060
"S3","RWA","422","Rwanda","WLD"," World",2021,"Export",6,2006.911,1083567,8,"Kg",1083567
"S3","RWA","422","Rwanda","WLD"," World",2021,"Gross Exp.",2,51365.841,37221730,8,"Kg",37221730
"S3","RWA","422","Rwanda","WLD"," World",2021,"Gross Imp.",1,138185.961,107802218.01,8,"Kg",107802218
"S3","RWA","422","Rwanda","WLD"," World",2021,"Import",5,138185.961,107802218.01,8,"Kg",107802218
"S3","RWA","422","Rwanda","WLD"," World",2021,"Re-Export",3,49358.93,36138163,8,"Kg",36138163
"S3","RWA","422","Rwanda","WLD"," World",2022,"Export",6,6367.782,4076221,8,"Kg",4076221
"S3","RWA","422","Rwanda","WLD"," World",2022,"Gross Exp.",2,60903.332,37843036.2,8,"Kg",37843036
"S3","RWA","422","Rwanda","WLD"," World",2022,"Gross Imp.",1,179503.567,121345536.94,8,"Kg",121345537
"S3","RWA","422","Rwanda","WLD"," World",2022,"Import",5,179503.567,121345536.94,8,"Kg",121345537
"S3","RWA","422","Rwanda","WLD"," World",2022,"Re-Export",3,54535.55,33766815.2,8,"Kg",33766815
"S3","RWA","422","Rwanda","ZAF","South Africa",2021,"Gross Imp.",1,0.322,75,8,"Kg",75
"S3","RWA","422","Rwanda","ZAF","South Africa",2021,"Import",5,0.322,75,8,"Kg",75
"S3","RWA","422","Rwanda","ZAF","South Africa",2022,"Gross Imp.",1,0.614,16,8,"Kg",16
"S3","RWA","422","Rwanda","ZAF","South Africa",2022,"Import",5,0.614,16,8,"Kg",16
"S3","RWA","422","Rwanda","ZAR","Congo, Dem. Rep.",2020,"Export",6,0,0,8,"Kg",0
"S3","RWA","422","Rwanda","ZAR","Congo, Dem. Rep.",2020,"Gross Exp.",2,26536.962,26552060,8,"Kg",26552060
"S3","RWA","422","Rwanda","ZAR","Congo, Dem. Rep.",2020,"Gross Imp.",1,2951.876,3424080,8,"Kg",3424080
"S3","RWA","422","Rwanda","ZAR","Congo, Dem. Rep.",2020,"Import",5,2951.876,3424080,8,"Kg",3424080
"S3","RWA","422","Rwanda","ZAR","Congo, Dem. Rep.",2020,"Re-Export",3,26536.962,26552060,8,"Kg",26552060
"S3","RWA","422","Rwanda","ZAR","Congo, Dem. Rep.",2021,"Export",6,1822.789,1074738,8,"Kg",1074738
"S3","RWA","422","Rwanda","ZAR","Congo, Dem. Rep.",2021,"Gross Exp.",2,50520.63,36627134,8,"Kg",36627134
"S3","RWA","422","Rwanda","ZAR","Congo, Dem. Rep.",2021,"Gross Imp.",1,4252.535,4729805,8,"Kg",4729805
"S3","RWA","422","Rwanda","ZAR","Congo, Dem. Rep.",2021,"Import",5,4252.535,4729805,8,"Kg",4729805
"S3","RWA","422","Rwanda","ZAR","Congo, Dem. Rep.",2021,"Re-Export",3,48697.841,35552396,8,"Kg",35552396
"S3","RWA","422","Rwanda","ZAR","Congo, Dem. Rep.",2022,"Export",6,5447.229,3538942,8,"Kg",3538942
"S3","RWA","422","Rwanda","ZAR","Congo, Dem. Rep.",2022,"Gross Exp.",2,58126.682,36172099,8,"Kg",36172099
"S3","RWA","422","Rwanda","ZAR","Congo, Dem. Rep.",2022,"Gross Imp.",1,13445.568,13987229,8,"Kg",13987229
"S3","RWA","422","Rwanda","ZAR","Congo, Dem. Rep.",2022,"Import",5,13445.568,13987229,8,"Kg",13987229
"S3","RWA","422","Rwanda","ZAR","Congo, Dem. Rep.",2022,"Re-Export",3,52679.453,32633157,8,"Kg",32633157
"S3","RWA","422","Rwanda","ZMB","Zambia",2022,"Export",6,0,0,8,"Kg",0
"S3","RWA","422","Rwanda","ZMB","Zambia",2022,"Gross Exp.",2,168.755,93202,8,"Kg",93202
"S3","RWA","422","Rwanda","ZMB","Zambia",2022,"Re-Export",3,168.755,93202,8,"Kg",93202
"S3","RWA","562","Rwanda","ARE","United Arab Emirates",2020,"Gross Imp.",1,3418.457,8519260,8,"Kg",8519260
"S3","RWA","562","Rwanda","ARE","United Arab Emirates",2020,"Import",5,3418.457,8519260,8,"Kg",8519260
"S3","RWA","562","Rwanda","ARE","United Arab Emirates",2021,"Gross Imp.",1,4782.684,9053881,8,"Kg",9053881
"S3","RWA","562","Rwanda","ARE","United Arab Emirates",2021,"Import",5,4782.684,9053881,8,"Kg",9053881
"S3","RWA","562","Rwanda","ARE","United Arab Emirates",2022,"Gross Imp.",1,5691.962,5514530,8,"Kg",5514530
"S3","RWA","562","Rwanda","ARE","United Arab Emirates",2022,"Import",5,5691.962,5514530,8,"Kg",5514530
"S3","RWA","562","Rwanda","BEL","Belgium",2020,"Gross Imp.",1,1.96,85,8,"Kg",85
"S3","RWA","562","Rwanda","BEL","Belgium",2020,"Import",5,1.96,85,8,"Kg",85
"S3","RWA","562","Rwanda","BEL","Belgium",2021,"Gross Imp.",1,4.123,691,8,"Kg",691
"S3","RWA","562","Rwanda","BEL","Belgium",2021,"Import",5,4.123,691,8,"Kg",691
"S3","RWA","562","Rwanda","BEL","Belgium",2022,"Gross Imp.",1,37.828,20327.2,8,"Kg",20327
"S3","RWA","562","Rwanda","BEL","Belgium",2022,"Import",5,37.828,20327.2,8,"Kg",20327
"S3","RWA","562","Rwanda","CAN","Canada",2020,"Gross Imp.",1,0.078,250,8,"Kg",250
"S3","RWA","562","Rwanda","CAN","Canada",2020,"Import",5,0.078,250,8,"Kg",250
"S3","RWA","562","Rwanda","CAN","Canada",2021,"Gross Imp.",1,0.321,1593,8,"Kg",1593
"S3","RWA","562","Rwanda","CAN","Canada",2021,"Import",5,0.321,1593,8,"Kg",1593
"S3","RWA","562","Rwanda","CHE","Switzerland",2020,"Gross Imp.",1,169.906,429980,8,"Kg",429980
"S3","RWA","562","Rwanda","CHE","Switzerland",2020,"Import",5,169.906,429980,8,"Kg",429980
"S3","RWA","562","Rwanda","CHE","Switzerland",2021,"Gross Imp.",1,323.927,561500,8,"Kg",561500
"S3","RWA","562","Rwanda","CHE","Switzerland",2021,"Import",5,323.927,561500,8,"Kg",561500
"S3","RWA","562","Rwanda","CHE","Switzerland",2022,"Gross Imp.",1,181.534,183700,8,"Kg",183700
"S3","RWA","562","Rwanda","CHE","Switzerland",2022,"Import",5,181.534,183700,8,"Kg",183700
"S3","RWA","562","Rwanda","CHL","Chile",2021,"Gross Imp.",1,12.181,11800,8,"Kg",11800
"S3","RWA","562","Rwanda","CHL","Chile",2021,"Import",5,12.181,11800,8,"Kg",11800
"S3","RWA","562","Rwanda","CHL","Chile",2022,"Gross Imp.",1,15.934,8000,8,"Kg",8000
"S3","RWA","562","Rwanda","CHL","Chile",2022,"Import",5,15.934,8000,8,"Kg",8000
"S3","RWA","562","Rwanda","CHN","China",2020,"Gross Imp.",1,2060.414,5012212,8,"Kg",5012212
"S3","RWA","562","Rwanda","CHN","China",2020,"Import",5,2060.414,5012212,8,"Kg",5012212
"S3","RWA","562","Rwanda","CHN","China",2021,"Gross Imp.",1,4877.39,9990251.5,8,"Kg",9990252
"S3","RWA","562","Rwanda","CHN","China",2021,"Import",5,4877.39,9990251.5,8,"Kg",9990252
"S3","RWA","562","Rwanda","CHN","China",2022,"Gross Imp.",1,3661.755,3989464,8,"Kg",3989464
"S3","RWA","562","Rwanda","CHN","China",2022,"Import",5,3661.755,3989464,8,"Kg",3989464
"S3","RWA","562","Rwanda","DEU","Germany",2020,"Gross Imp.",1,109.343,15836,8,"Kg",15836
"S3","RWA","562","Rwanda","DEU","Germany",2020,"Import",5,109.343,15836,8,"Kg",15836
"S3","RWA","562","Rwanda","DEU","Germany",2021,"Gross Imp.",1,131.35,21514.456,8,"Kg",21514
"S3","RWA","562","Rwanda","DEU","Germany",2021,"Import",5,131.35,21514.456,8,"Kg",21514
"S3","RWA","562","Rwanda","DEU","Germany",2022,"Gross Imp.",1,148.336,25866,8,"Kg",25866
"S3","RWA","562","Rwanda","DEU","Germany",2022,"Import",5,148.336,25866,8,"Kg",25866
"S3","RWA","562","Rwanda","EGY","Egypt, Arab Rep.",2020,"Gross Imp.",1,122.769,140000,8,"Kg",140000
"S3","RWA","562","Rwanda","EGY","Egypt, Arab Rep.",2020,"Import",5,122.769,140000,8,"Kg",140000
"S3","RWA","562","Rwanda","EGY","Egypt, Arab Rep.",2022,"Gross Imp.",1,200.747,131156,8,"Kg",131156
"S3","RWA","562","Rwanda","EGY","Egypt, Arab Rep.",2022,"Import",5,200.747,131156,8,"Kg",131156
"S3","RWA","562","Rwanda","ESP","Spain",2020,"Gross Imp.",1,54.201,18953,8,"Kg",18953
"S3","RWA","562","Rwanda","ESP","Spain",2020,"Import",5,54.201,18953,8,"Kg",18953
"S3","RWA","562","Rwanda","ESP","Spain",2021,"Gross Imp.",1,106.864,38555,8,"Kg",38555
"S3","RWA","562","Rwanda","ESP","Spain",2021,"Import",5,106.864,38555,8,"Kg",38555
"S3","RWA","562","Rwanda","ESP","Spain",2022,"Gross Imp.",1,324.573,116895,8,"Kg",116895
"S3","RWA","562","Rwanda","ESP","Spain",2022,"Import",5,324.573,116895,8,"Kg",116895
"S3","RWA","562","Rwanda","FIN","Finland",2020,"Gross Imp.",1,11367.347,22976500,8,"Kg",22976500
"S3","RWA","562","Rwanda","FIN","Finland",2020,"Import",5,11367.347,22976500,8,"Kg",22976500
"S3","RWA","562","Rwanda","FIN","Finland",2021,"Gross Imp.",1,12308.689,19206050,8,"Kg",19206050
"S3","RWA","562","Rwanda","FIN","Finland",2021,"Import",5,12308.689,19206050,8,"Kg",19206050
"S3","RWA","562","Rwanda","FIN","Finland",2022,"Gross Imp.",1,21556.077,20727100,8,"Kg",20727100
"S3","RWA","562","Rwanda","FIN","Finland",2022,"Import",5,21556.077,20727100,8,"Kg",20727100
"S3","RWA","562","Rwanda","FRA","France",2020,"Gross Imp.",1,35.853,28018.5,8,"Kg",28019
"S3","RWA","562","Rwanda","FRA","France",2020,"Import",5,35.853,28018.5,8,"Kg",28019
"S3","RWA","562","Rwanda","FRA","France",2021,"Gross Imp.",1,39.692,5092,8,"Kg",5092
"S3","RWA","562","Rwanda","FRA","France",2021,"Import",5,39.692,5092,8,"Kg",5092
"S3","RWA","562","Rwanda","FRA","France",2022,"Gross Imp.",1,2.939,295,8,"Kg",295
"S3","RWA","562","Rwanda","FRA","France",2022,"Import",5,2.939,295,8,"Kg",295
"S3","RWA","562","Rwanda","GBR","United Kingdom",2021,"Gross Imp.",1,21.447,2020,8,"Kg",2020
"S3","RWA","562","Rwanda","GBR","United Kingdom",2021,"Import",5,21.447,2020,8,"Kg",2020
"S3","RWA","562","Rwanda","GBR","United Kingdom",2022,"Gross Imp.",1,12.613,2001,8,"Kg",2001
"S3","RWA","562","Rwanda","GBR","United Kingdom",2022,"Import",5,12.613,2001,8,"Kg",2001
"S3","RWA","562","Rwanda","IDN","Indonesia",2020,"Gross Imp.",1,2.061,500,8,"Kg",500
"S3","RWA","562","Rwanda","IDN","Indonesia",2020,"Import",5,2.061,500,8,"Kg",500
"S3","RWA","562","Rwanda","IDN","Indonesia",2021,"Gross Imp.",1,3.876,11675,8,"Kg",11675
"S3","RWA","562","Rwanda","IDN","Indonesia",2021,"Import",5,3.876,11675,8,"Kg",11675
"S3","RWA","562","Rwanda","IND","India",2020,"Gross Imp.",1,2563.074,6275651.4,8,"Kg",6275651
"S3","RWA","562","Rwanda","IND","India",2020,"Import",5,2563.074,6275651.4,8,"Kg",6275651
"S3","RWA","562","Rwanda","IND","India",2021,"Gross Imp.",1,1777.951,3537820,8,"Kg",3537820
"S3","RWA","562","Rwanda","IND","India",2021,"Import",5,1777.951,3537820,8,"Kg",3537820
"S3","RWA","562","Rwanda","IND","India",2022,"Gross Imp.",1,171.271,81363,8,"Kg",81363
"S3","RWA","562","Rwanda","IND","India",2022,"Import",5,171.271,81363,8,"Kg",81363
"S3","RWA","562","Rwanda","ISR","Israel",2020,"Gross Imp.",1,51.285,36070,8,"Kg",36070
"S3","RWA","562","Rwanda","ISR","Israel",2020,"Import",5,51.285,36070,8,"Kg",36070
"S3","RWA","562","Rwanda","ISR","Israel",2021,"Gross Imp.",1,158.234,95473,8,"Kg",95473
"S3","RWA","562","Rwanda","ISR","Israel",2021,"Import",5,158.234,95473,8,"Kg",95473
"S3","RWA","562","Rwanda","ISR","Israel",2022,"Gross Imp.",1,87.65,25913,8,"Kg",25913
"S3","RWA","562","Rwanda","ISR","Israel",2022,"Import",5,87.65,25913,8,"Kg",25913
"S3","RWA","562","Rwanda","ITA","Italy",2020,"Gross Imp.",1,57.178,33684,8,"Kg",33684
"S3","RWA","562","Rwanda","ITA","Italy",2020,"Import",5,57.178,33684,8,"Kg",33684
"S3","RWA","562","Rwanda","ITA","Italy",2021,"Gross Imp.",1,53.4,17140,8,"Kg",17140
"S3","RWA","562","Rwanda","ITA","Italy",2021,"Import",5,53.4,17140,8,"Kg",17140
"S3","RWA","562","Rwanda","ITA","Italy",2022,"Gross Imp.",1,65.637,37085,8,"Kg",37085
"S3","RWA","562","Rwanda","ITA","Italy",2022,"Import",5,65.637,37085,8,"Kg",37085
"S3","RWA","562","Rwanda","JOR","Jordan",2020,"Gross Imp.",1,85.197,127475,8,"Kg",127475
"S3","RWA","562","Rwanda","JOR","Jordan",2020,"Import",5,85.197,127475,8,"Kg",127475
"S3","RWA","562","Rwanda","JOR","Jordan",2021,"Gross Imp.",1,117.136,126225,8,"Kg",126225
"S3","RWA","562","Rwanda","JOR","Jordan",2021,"Import",5,117.136,126225,8,"Kg",126225
"S3","RWA","562","Rwanda","JOR","Jordan",2022,"Gross Imp.",1,114.468,56050,8,"Kg",56050
"S3","RWA","562","Rwanda","JOR","Jordan",2022,"Import",5,114.468,56050,8,"Kg",56050
"S3","RWA","562","Rwanda","KEN","Kenya",2020,"Gross Imp.",1,615.877,467484.7,8,"Kg",467485
"S3","RWA","562","Rwanda","KEN","Kenya",2020,"Import",5,615.877,467484.7,8,"Kg",467485
"S3","RWA","562","Rwanda","KEN","Kenya",2021,"Export",6,1.01,115,8,"Kg",115
"S3","RWA","562","Rwanda","KEN","Kenya",2021,"Gross Exp.",2,1.01,115,8,"Kg",115
"S3","RWA","562","Rwanda","KEN","Kenya",2021,"Gross Imp.",1,350.263,224670.9,8,"Kg",224671
"S3","RWA","562","Rwanda","KEN","Kenya",2021,"Import",5,350.263,224670.9,8,"Kg",224671
"S3","RWA","562","Rwanda","KEN","Kenya",2022,"Export",6,48.977,96000,8,"Kg",96000
"S3","RWA","562","Rwanda","KEN","Kenya",2022,"Gross Exp.",2,48.977,96000,8,"Kg",96000
"S3","RWA","562","Rwanda","KEN","Kenya",2022,"Gross Imp.",1,6629.042,7741412,8,"Kg",7741412
"S3","RWA","562","Rwanda","KEN","Kenya",2022,"Import",5,6629.042,7741412,8,"Kg",7741412
"S3","RWA","562","Rwanda","KOR","Korea, Rep.",2020,"Gross Imp.",1,1.022,1505,8,"Kg",1505
"S3","RWA","562","Rwanda","KOR","Korea, Rep.",2020,"Import",5,1.022,1505,8,"Kg",1505
"S3","RWA","562","Rwanda","KOR","Korea, Rep.",2021,"Gross Imp.",1,0.842,1330,8,"Kg",1330
"S3","RWA","562","Rwanda","KOR","Korea, Rep.",2021,"Import",5,0.842,1330,8,"Kg",1330
"S3","RWA","562","Rwanda","KOR","Korea, Rep.",2022,"Gross Imp.",1,0.043,2,8,"Kg",2
"S3","RWA","562","Rwanda","KOR","Korea, Rep.",2022,"Import",5,0.043,2,8,"Kg",2
"S3","RWA","562","Rwanda","LTU","Lithuania",2020,"Gross Imp.",1,12.562,30000,8,"Kg",30000
"S3","RWA","562","Rwanda","LTU","Lithuania",2020,"Import",5,12.562,30000,8,"Kg",30000
"S3","RWA","562","Rwanda","LTU","Lithuania",2021,"Gross Imp.",1,131.888,270000,8,"Kg",270000
"S3","RWA","562","Rwanda","LTU","Lithuania",2021,"Import",5,131.888,270000,8,"Kg",270000
"S3","RWA","562","Rwanda","MAR","Morocco",2020,"Gross Imp.",1,6782.158,14001000,8,"Kg",14001000
"S3","RWA","562","Rwanda","MAR","Morocco",2020,"Import",5,6782.158,14001000,8,"Kg",14001000
"S3","RWA","562","Rwanda","MAR","Morocco",2021,"Gross Imp.",1,697.431,1645500,8,"Kg",1645500
"S3","RWA","562","Rwanda","MAR","Morocco",2021,"Import",5,697.431,1645500,8,"Kg",1645500
"S3","RWA","562","Rwanda","MAR","Morocco",2022,"Gross Imp.",1,24322.606,27204000,8,"Kg",27204000
"S3","RWA","562","Rwanda","MAR","Morocco",2022,"Import",5,24322.606,27204000,8,"Kg",27204000
"S3","RWA","562","Rwanda","MYS","Malaysia",2020,"Gross Imp.",1,47.234,27053.6,8,"Kg",27054
"S3","RWA","562","Rwanda","MYS","Malaysia",2020,"Import",5,47.234,27053.6,8,"Kg",27054
"S3","RWA","562","Rwanda","NLD","Netherlands",2020,"Gross Imp.",1,84.064,180000,8,"Kg",180000
"S3","RWA","562","Rwanda","NLD","Netherlands",2020,"Import",5,84.064,180000,8,"Kg",180000
"S3","RWA","562","Rwanda","NLD","Netherlands",2022,"Gross Imp.",1,768.685,858000,8,"Kg",858000
"S3","RWA","562","Rwanda","NLD","Netherlands",2022,"Import",5,768.685,858000,8,"Kg",858000
"S3","RWA","562","Rwanda","NOR","Norway",2020,"Gross Imp.",1,1882.364,3891450,8,"Kg",3891450
"S3","RWA","562","Rwanda","NOR","Norway",2020,"Import",5,1882.364,3891450,8,"Kg",3891450
"S3","RWA","562","Rwanda","NOR","Norway",2021,"Gross Imp.",1,235.008,518850,8,"Kg",518850
"S3","RWA","562","Rwanda","NOR","Norway",2021,"Import",5,235.008,518850,8,"Kg",518850
"S3","RWA","562","Rwanda","NOR","Norway",2022,"Gross Imp.",1,483.123,558250,8,"Kg",558250
"S3","RWA","562","Rwanda","NOR","Norway",2022,"Import",5,483.123,558250,8,"Kg",558250
"S3","RWA","562","Rwanda","OMN","Oman",2022,"Gross Imp.",1,8630.948,8709000,8,"Kg",8709000
"S3","RWA","562","Rwanda","OMN","Oman",2022,"Import",5,8630.948,8709000,8,"Kg",8709000
"S3","RWA","562","Rwanda","QAT","Qatar",2020,"Gross Imp.",1,5630.749,12028500,8,"Kg",12028500
"S3","RWA","562","Rwanda","QAT","Qatar",2020,"Import",5,5630.749,12028500,8,"Kg",12028500
"S3","RWA","562","Rwanda","QAT","Qatar",2021,"Gross Imp.",1,2879.837,4130000,8,"Kg",4130000
"S3","RWA","562","Rwanda","QAT","Qatar",2021,"Import",5,2879.837,4130000,8,"Kg",4130000
"S3","RWA","562","Rwanda","QAT","Qatar",2022,"Gross Imp.",1,4688.804,6940000,8,"Kg",6940000
"S3","RWA","562","Rwanda","QAT","Qatar",2022,"Import",5,4688.804,6940000,8,"Kg",6940000
"S3","RWA","562","Rwanda","RUS","Russian Federation",2020,"Gross Imp.",1,6375.868,13346690,8,"Kg",13346690
"S3","RWA","562","Rwanda","RUS","Russian Federation",2020,"Import",5,6375.868,13346690,8,"Kg",13346690
"S3","RWA","562","Rwanda","RUS","Russian Federation",2021,"Gross Imp.",1,8355.263,12694000,8,"Kg",12694000
"S3","RWA","562","Rwanda","RUS","Russian Federation",2021,"Import",5,8355.263,12694000,8,"Kg",12694000
"S3","RWA","562","Rwanda","RUS","Russian Federation",2022,"Gross Imp.",1,9353.961,8850000,8,"Kg",8850000
"S3","RWA","562","Rwanda","RUS","Russian Federation",2022,"Import",5,9353.961,8850000,8,"Kg",8850000
"S3","RWA","562","Rwanda","SAU","Saudi Arabia",2020,"Gross Imp.",1,9653.389,17753500,8,"Kg",17753500
"S3","RWA","562","Rwanda","SAU","Saudi Arabia",2020,"Import",5,9653.389,17753500,8,"Kg",17753500
"S3","RWA","562","Rwanda","SAU","Saudi Arabia",2021,"Gross Imp.",1,15470.527,23271000,8,"Kg",23271000
"S3","RWA","562","Rwanda","SAU","Saudi Arabia",2021,"Import",5,15470.527,23271000,8,"Kg",23271000
"S3","RWA","562","Rwanda","SAU","Saudi Arabia",2022,"Gross Imp.",1,13405.37,12078500,8,"Kg",12078500
"S3","RWA","562","Rwanda","SAU","Saudi Arabia",2022,"Import",5,13405.37,12078500,8,"Kg",12078500
"S3","RWA","562","Rwanda","SVN","Slovenia",2022,"Gross Imp.",1,0.099,4,8,"Kg",4
"S3","RWA","562","Rwanda","SVN","Slovenia",2022,"Import",5,0.099,4,8,"Kg",4
"S3","RWA","562","Rwanda","SWZ","Eswatini",2020,"Gross Imp.",1,15.504,724,8,"Kg",724
"S3","RWA","562","Rwanda","SWZ","Eswatini",2020,"Import",5,15.504,724,8,"Kg",724
"S3","RWA","562","Rwanda","SWZ","Eswatini",2021,"Gross Imp.",1,101.598,4836,8,"Kg",4836
"S3","RWA","562","Rwanda","SWZ","Eswatini",2021,"Import",5,101.598,4836,8,"Kg",4836
"S3","RWA","562","Rwanda","SWZ","Eswatini",2022,"Gross Imp.",1,12.459,330,8,"Kg",330
"S3","RWA","562","Rwanda","SWZ","Eswatini",2022,"Import",5,12.459,330,8,"Kg",330
"S3","RWA","562","Rwanda","TUR","Turkey",2020,"Gross Imp.",1,209.822,485625,8,"Kg",485625
"S3","RWA","562","Rwanda","TUR","Turkey",2020,"Import",5,209.822,485625,8,"Kg",485625
"S3","RWA","562","Rwanda","TUR","Turkey",2021,"Gross Imp.",1,3.037,5475,8,"Kg",5475
"S3","RWA","562","Rwanda","TUR","Turkey",2021,"Import",5,3.037,5475,8,"Kg",5475
"S3","RWA","562","Rwanda","TUR","Turkey",2022,"Gross Imp.",1,0.193,175,8,"Kg",175
"S3","RWA","562","Rwanda","TUR","Turkey",2022,"Import",5,0.193,175,8,"Kg",175
"S3","RWA","562","Rwanda","TZA","Tanzania",2020,"Gross Imp.",1,382.866,661000,8,"Kg",661000
"S3","RWA","562","Rwanda","TZA","Tanzania",2020,"Import",5,382.866,661000,8,"Kg",661000
"S3","RWA","562","Rwanda","TZA","Tanzania",2021,"Export",6,83.762,158150,8,"Kg",158150
"S3","RWA","562","Rwanda","TZA","Tanzania",2021,"Gross Exp.",2,83.762,158150,8,"Kg",158150
"S3","RWA","562","Rwanda","TZA","Tanzania",2021,"Gross Imp.",1,373.436,568000,8,"Kg",568000
"S3","RWA","562","Rwanda","TZA","Tanzania",2021,"Import",5,373.436,568000,8,"Kg",568000
"S3","RWA","562","Rwanda","TZA","Tanzania",2022,"Gross Imp.",1,24.215,30000,8,"Kg",30000
"S3","RWA","562","Rwanda","TZA","Tanzania",2022,"Import",5,24.215,30000,8,"Kg",30000
"S3","RWA","562","Rwanda","UGA","Uganda",2022,"Gross Imp.",1,0.005,1,8,"Kg",1
"S3","RWA","562","Rwanda","UGA","Uganda",2022,"Import",5,0.005,1,8,"Kg",1
"S3","RWA","562","Rwanda","UKR","Ukraine",2020,"Gross Imp.",1,569.183,1300000,8,"Kg",1300000
"S3","RWA","562","Rwanda","UKR","Ukraine",2020,"Import",5,569.183,1300000,8,"Kg",1300000
"S3","RWA","562","Rwanda","USA","United States",2021,"Export",6,138.079,63642,8,"Kg",63642
"S3","RWA","562","Rwanda","USA","United States",2021,"Gross Exp.",2,138.079,63642,8,"Kg",63642
"S3","RWA","562","Rwanda","USA","United States",2021,"Gross Imp.",1,82.115,21519,8,"Kg",21519
"S3","RWA","562","Rwanda","USA","United States",2021,"Import",5,82.115,21519,8,"Kg",21519
"S3","RWA","562","Rwanda","USA","United States",2022,"Gross Imp.",1,0.022,7,8,"Kg",7
"S3","RWA","562","Rwanda","USA","United States",2022,"Import",5,0.022,7,8,"Kg",7
"S3","RWA","562","Rwanda","VNM","Vietnam",2021,"Gross Imp.",1,327.39,631000,8,"Kg",631000
"S3","RWA","562","Rwanda","VNM","Vietnam",2021,"Import",5,327.39,631000,8,"Kg",631000
"S3","RWA","562","Rwanda","VNM","Vietnam",2022,"Gross Imp.",1,152.885,251000,8,"Kg",251000
"S3","RWA","562","Rwanda","VNM","Vietnam",2022,"Import",5,152.885,251000,8,"Kg",251000
"S3","RWA","562","Rwanda","WLD"," World",2020,"Export",6,2.007,5200,8,"Kg",5200
"S3","RWA","562","Rwanda","WLD"," World",2020,"Gross Exp.",2,2.007,5200,8,"Kg",5200
"S3","RWA","562","Rwanda","WLD"," World",2020,"Gross Imp.",1,52423.272,107818967.2,8,"Kg",107818967
"S3","RWA","562","Rwanda","WLD"," World",2020,"Import",5,52423.272,107818967.2,8,"Kg",107818967
"S3","RWA","562","Rwanda","WLD"," World",2021,"Export",6,222.851,221907,8,"Kg",221907
"S3","RWA","562","Rwanda","WLD"," World",2021,"Gross Exp.",2,222.851,221907,8,"Kg",221907
"S3","RWA","562","Rwanda","WLD"," World",2021,"Gross Imp.",1,54087.647,86786814.856,8,"Kg",86786815
"S3","RWA","562","Rwanda","WLD"," World",2021,"Import",5,54087.647,86786814.856,8,"Kg",86786815
"S3","RWA","562","Rwanda","WLD"," World",2022,"Export",6,74.318,96519,8,"Kg",96519
"S3","RWA","562","Rwanda","WLD"," World",2022,"Gross Exp.",2,74.318,96519,8,"Kg",96519
"S3","RWA","562","Rwanda","WLD"," World",2022,"Gross Imp.",1,100943.995,104215411.2,8,"Kg",104215411
"S3","RWA","562","Rwanda","WLD"," World",2022,"Import",5,100943.995,104215411.2,8,"Kg",104215411
"S3","RWA","562","Rwanda","ZAF","South Africa",2020,"Gross Imp.",1,61.284,29940,8,"Kg",29940
"S3","RWA","562","Rwanda","ZAF","South Africa",2020,"Import",5,61.284,29940,8,"Kg",29940
"S3","RWA","562","Rwanda","ZAF","South Africa",2021,"Gross Imp.",1,346.579,103353,8,"Kg",103353
"S3","RWA","562","Rwanda","ZAF","South Africa",2021,"Import",5,346.579,103353,8,"Kg",103353
"S3","RWA","562","Rwanda","ZAF","South Africa",2022,"Gross Imp.",1,181.892,66985,8,"Kg",66985
"S3","RWA","562","Rwanda","ZAF","South Africa",2022,"Import",5,181.892,66985,8,"Kg",66985
"S3","RWA","562","Rwanda","ZAR","Congo, Dem. Rep.",2020,"Export",6,2.007,5200,8,"Kg",5200
"S3","RWA","562","Rwanda","ZAR","Congo, Dem. Rep.",2020,"Gross Exp.",2,2.007,5200,8,"Kg",5200
"S3","RWA","562","Rwanda","ZAR","Congo, Dem. Rep.",2020,"Gross Imp.",1,0.203,20,8,"Kg",20
"S3","RWA","562","Rwanda","ZAR","Congo, Dem. Rep.",2020,"Import",5,0.203,20,8,"Kg",20
"S3","RWA","562","Rwanda","ZAR","Congo, Dem. Rep.",2022,"Export",6,25.341,519,8,"Kg",519
"S3","RWA","562","Rwanda","ZAR","Congo, Dem. Rep.",2022,"Gross Exp.",2,25.341,519,8,"Kg",519
"S3","RWA","562","Rwanda","ZMB","Zambia",2022,"Gross Imp.",1,16.318,8000,8,"Kg",8000
"S3","RWA","562","Rwanda","ZMB","Zambia",2022,"Import",5,16.318,8000,8,"Kg",8000
"S3","RWA","562","Rwanda","ZWE","Zimbabwe",2021,"Gross Imp.",1,13.171,16000,8,"Kg",16000
"S3","RWA","562","Rwanda","ZWE","Zimbabwe",2021,"Import",5,13.171,16000,8,"Kg",16000
"S3","RWA","5621","Rwanda","ARE","United Arab Emirates",2020,"Gross Imp.",1,0.633,600,8,"Kg",600
"S3","RWA","5621","Rwanda","ARE","United Arab Emirates",2020,"Import",5,0.633,600,8,"Kg",600
"S3","RWA","5621","Rwanda","ARE","United Arab Emirates",2022,"Gross Imp.",1,1414.804,1403300,8,"Kg",1403300
"S3","RWA","5621","Rwanda","ARE","United Arab Emirates",2022,"Import",5,1414.804,1403300,8,"Kg",1403300
"S3","RWA","5621","Rwanda","BEL","Belgium",2021,"Gross Imp.",1,0.169,10,8,"Kg",10
"S3","RWA","5621","Rwanda","BEL","Belgium",2021,"Import",5,0.169,10,8,"Kg",10
"S3","RWA","5621","Rwanda","CHN","China",2020,"Gross Imp.",1,41.177,29272,8,"Kg",29272
"S3","RWA","5621","Rwanda","CHN","China",2020,"Import",5,41.177,29272,8,"Kg",29272
"S3","RWA","5621","Rwanda","CHN","China",2021,"Gross Imp.",1,25.796,79344,8,"Kg",79344
"S3","RWA","5621","Rwanda","CHN","China",2021,"Import",5,25.796,79344,8,"Kg",79344
"S3","RWA","5621","Rwanda","CHN","China",2022,"Gross Imp.",1,0.164,38,8,"Kg",38
"S3","RWA","5621","Rwanda","CHN","China",2022,"Import",5,0.164,38,8,"Kg",38
"S3","RWA","5621","Rwanda","DEU","Germany",2021,"Gross Imp.",1,2.849,5758.456,8,"Kg",5758
"S3","RWA","5621","Rwanda","DEU","Germany",2021,"Import",5,2.849,5758.456,8,"Kg",5758
"S3","RWA","5621","Rwanda","DEU","Germany",2022,"Gross Imp.",1,4.578,750,8,"Kg",750
"S3","RWA","5621","Rwanda","DEU","Germany",2022,"Import",5,4.578,750,8,"Kg",750
"S3","RWA","5621","Rwanda","EGY","Egypt, Arab Rep.",2020,"Gross Imp.",1,122.769,140000,8,"Kg",140000
"S3","RWA","5621","Rwanda","EGY","Egypt, Arab Rep.",2020,"Import",5,122.769,140000,8,"Kg",140000
"S3","RWA","5621","Rwanda","EGY","Egypt, Arab Rep.",2022,"Gross Imp.",1,200.747,131156,8,"Kg",131156
"S3","RWA","5621","Rwanda","EGY","Egypt, Arab Rep.",2022,"Import",5,200.747,131156,8,"Kg",131156
"S3","RWA","5621","Rwanda","ESP","Spain",2020,"Gross Imp.",1,46.837,15181,8,"Kg",15181
"S3","RWA","5621","Rwanda","ESP","Spain",2020,"Import",5,46.837,15181,8,"Kg",15181
"S3","RWA","5621","Rwanda","IND","India",2020,"Gross Imp.",1,126.445,156699.4,8,"Kg",156699
"S3","RWA","5621","Rwanda","IND","India",2020,"Import",5,126.445,156699.4,8,"Kg",156699
"S3","RWA","5621","Rwanda","IND","India",2021,"Gross Imp.",1,155.783,166100,8,"Kg",166100
"S3","RWA","5621","Rwanda","IND","India",2021,"Import",5,155.783,166100,8,"Kg",166100
"S3","RWA","5621","Rwanda","IND","India",2022,"Gross Imp.",1,46.843,51107,8,"Kg",51107
"S3","RWA","5621","Rwanda","IND","India",2022,"Import",5,46.843,51107,8,"Kg",51107
"S3","RWA","5621","Rwanda","ITA","Italy",2020,"Gross Imp.",1,1.991,4000,8,"Kg",4000
"S3","RWA","5621","Rwanda","ITA","Italy",2020,"Import",5,1.991,4000,8,"Kg",4000
"S3","RWA","5621","Rwanda","ITA","Italy",2021,"Gross Imp.",1,0.034,20,8,"Kg",20
"S3","RWA","5621","Rwanda","ITA","Italy",2021,"Import",5,0.034,20,8,"Kg",20
"S3","RWA","5621","Rwanda","KEN","Kenya",2020,"Gross Imp.",1,107.846,134493,8,"Kg",134493
"S3","RWA","5621","Rwanda","KEN","Kenya",2020,"Import",5,107.846,134493,8,"Kg",134493
"S3","RWA","5621","Rwanda","KEN","Kenya",2021,"Gross Imp.",1,51.558,54260,8,"Kg",54260
"S3","RWA","5621","Rwanda","KEN","Kenya",2021,"Import",5,51.558,54260,8,"Kg",54260
"S3","RWA","5621","Rwanda","KEN","Kenya",2022,"Gross Imp.",1,64.757,34850,8,"Kg",34850
"S3","RWA","5621","Rwanda","KEN","Kenya",2022,"Import",5,64.757,34850,8,"Kg",34850
"S3","RWA","5621","Rwanda","NOR","Norway",2020,"Gross Imp.",1,20.15,44450,8,"Kg",44450
"S3","RWA","5621","Rwanda","NOR","Norway",2020,"Import",5,20.15,44450,8,"Kg",44450
"S3","RWA","5621","Rwanda","NOR","Norway",2021,"Gross Imp.",1,4.356,9700,8,"Kg",9700
"S3","RWA","5621","Rwanda","NOR","Norway",2021,"Import",5,4.356,9700,8,"Kg",9700
"S3","RWA","5621","Rwanda","OMN","Oman",2022,"Gross Imp.",1,8630.948,8709000,8,"Kg",8709000
"S3","RWA","5621","Rwanda","OMN","Oman",2022,"Import",5,8630.948,8709000,8,"Kg",8709000
"S3","RWA","5621","Rwanda","QAT","Qatar",2020,"Gross Imp.",1,209.184,590000,8,"Kg",590000
"S3","RWA","5621","Rwanda","QAT","Qatar",2020,"Import",5,209.184,590000,8,"Kg",590000
"S3","RWA","5621","Rwanda","QAT","Qatar",2021,"Gross Imp.",1,2256.217,3e+06,8,"Kg",3000000
"S3","RWA","5621","Rwanda","QAT","Qatar",2021,"Import",5,2256.217,3e+06,8,"Kg",3000000
"S3","RWA","5621","Rwanda","RUS","Russian Federation",2021,"Gross Imp.",1,55.289,52000,8,"Kg",52000
"S3","RWA","5621","Rwanda","RUS","Russian Federation",2021,"Import",5,55.289,52000,8,"Kg",52000
"S3","RWA","5621","Rwanda","SAU","Saudi Arabia",2020,"Gross Imp.",1,2306.553,4100000,8,"Kg",4100000
"S3","RWA","5621","Rwanda","SAU","Saudi Arabia",2020,"Import",5,2306.553,4100000,8,"Kg",4100000
"S3","RWA","5621","Rwanda","SAU","Saudi Arabia",2021,"Gross Imp.",1,615.961,1e+06,8,"Kg",1000000
"S3","RWA","5621","Rwanda","SAU","Saudi Arabia",2021,"Import",5,615.961,1e+06,8,"Kg",1000000
"S3","RWA","5621","Rwanda","SAU","Saudi Arabia",2022,"Gross Imp.",1,588.759,5e+05,8,"Kg",500000
"S3","RWA","5621","Rwanda","SAU","Saudi Arabia",2022,"Import",5,588.759,5e+05,8,"Kg",500000
"S3","RWA","5621","Rwanda","TUR","Turkey",2021,"Gross Imp.",1,2.494,5000,8,"Kg",5000
"S3","RWA","5621","Rwanda","TUR","Turkey",2021,"Import",5,2.494,5000,8,"Kg",5000
"S3","RWA","5621","Rwanda","TZA","Tanzania",2021,"Gross Imp.",1,52.137,60000,8,"Kg",60000
"S3","RWA","5621","Rwanda","TZA","Tanzania",2021,"Import",5,52.137,60000,8,"Kg",60000
"S3","RWA","5621","Rwanda","UGA","Uganda",2022,"Gross Imp.",1,0.005,1,8,"Kg",1
"S3","RWA","5621","Rwanda","UGA","Uganda",2022,"Import",5,0.005,1,8,"Kg",1
"S3","RWA","5621","Rwanda","USA","United States",2021,"Export",6,138.079,63642,8,"Kg",63642
"S3","RWA","5621","Rwanda","USA","United States",2021,"Gross Exp.",2,138.079,63642,8,"Kg",63642
"S3","RWA","5621","Rwanda","USA","United States",2021,"Gross Imp.",1,81.58,21319,8,"Kg",21319
"S3","RWA","5621","Rwanda","USA","United States",2021,"Import",5,81.58,21319,8,"Kg",21319
"S3","RWA","5621","Rwanda","VNM","Vietnam",2022,"Gross Imp.",1,152.885,251000,8,"Kg",251000
"S3","RWA","5621","Rwanda","VNM","Vietnam",2022,"Import",5,152.885,251000,8,"Kg",251000
"S3","RWA","5621","Rwanda","WLD"," World",2020,"Export",6,1.308,4200,8,"Kg",4200
"S3","RWA","5621","Rwanda","WLD"," World",2020,"Gross Exp.",2,1.308,4200,8,"Kg",4200
"S3","RWA","5621","Rwanda","WLD"," World",2020,"Gross Imp.",1,2984.8,5214815.4,8,"Kg",5214815
"S3","RWA","5621","Rwanda","WLD"," World",2020,"Import",5,2984.8,5214815.4,8,"Kg",5214815
"S3","RWA","5621","Rwanda","WLD"," World",2021,"Export",6,138.079,63642,8,"Kg",63642
"S3","RWA","5621","Rwanda","WLD"," World",2021,"Gross Exp.",2,138.079,63642,8,"Kg",63642
"S3","RWA","5621","Rwanda","WLD"," World",2021,"Gross Imp.",1,3307.183,4454061.456,8,"Kg",4454061
"S3","RWA","5621","Rwanda","WLD"," World",2021,"Import",5,3307.183,4454061.456,8,"Kg",4454061
"S3","RWA","5621","Rwanda","WLD"," World",2022,"Gross Imp.",1,11122.364,11089482,8,"Kg",11089482
"S3","RWA","5621","Rwanda","WLD"," World",2022,"Import",5,11122.364,11089482,8,"Kg",11089482
"S3","RWA","5621","Rwanda","ZAF","South Africa",2020,"Gross Imp.",1,1.215,120,8,"Kg",120
"S3","RWA","5621","Rwanda","ZAF","South Africa",2020,"Import",5,1.215,120,8,"Kg",120
"S3","RWA","5621","Rwanda","ZAF","South Africa",2021,"Gross Imp.",1,2.96,550,8,"Kg",550
"S3","RWA","5621","Rwanda","ZAF","South Africa",2021,"Import",5,2.96,550,8,"Kg",550
"S3","RWA","5621","Rwanda","ZAF","South Africa",2022,"Gross Imp.",1,1.555,280,8,"Kg",280
"S3","RWA","5621","Rwanda","ZAF","South Africa",2022,"Import",5,1.555,280,8,"Kg",280
"S3","RWA","5621","Rwanda","ZAR","Congo, Dem. Rep.",2020,"Export",6,1.308,4200,8,"Kg",4200
"S3","RWA","5621","Rwanda","ZAR","Congo, Dem. Rep.",2020,"Gross Exp.",2,1.308,4200,8,"Kg",4200
"S3","RWA","5621","Rwanda","ZMB","Zambia",2022,"Gross Imp.",1,16.318,8000,8,"Kg",8000
"S3","RWA","5621","Rwanda","ZMB","Zambia",2022,"Import",5,16.318,8000,8,"Kg",8000
"S3","RWA","5622","Rwanda","CHN","China",2021,"Gross Imp.",1,2.184,2500,8,"Kg",2500
"S3","RWA","5622","Rwanda","CHN","China",2021,"Import",5,2.184,2500,8,"Kg",2500
"S3","RWA","5622","Rwanda","KEN","Kenya",2020,"Gross Imp.",1,19.865,38600,8,"Kg",38600
"S3","RWA","5622","Rwanda","KEN","Kenya",2020,"Import",5,19.865,38600,8,"Kg",38600
"S3","RWA","5622","Rwanda","KEN","Kenya",2021,"Gross Imp.",1,8.175,17500,8,"Kg",17500
"S3","RWA","5622","Rwanda","KEN","Kenya",2021,"Import",5,8.175,17500,8,"Kg",17500
"S3","RWA","5622","Rwanda","WLD"," World",2020,"Gross Imp.",1,19.865,38600,8,"Kg",38600
"S3","RWA","5622","Rwanda","WLD"," World",2020,"Import",5,19.865,38600,8,"Kg",38600
"S3","RWA","5622","Rwanda","WLD"," World",2021,"Gross Imp.",1,10.359,20000,8,"Kg",20000
"S3","RWA","5622","Rwanda","WLD"," World",2021,"Import",5,10.359,20000,8,"Kg",20000
"S3","RWA","048","Rwanda","DEU","Germany",2020,"Import",5,945.312,1542361.6,8,"Kg",1542362
"S3","RWA","048","Rwanda","DEU","Germany",2021,"Gross Imp.",1,15.422,2849.54,8,"Kg",2850
"S3","RWA","048","Rwanda","DEU","Germany",2021,"Import",5,15.422,2849.54,8,"Kg",2850
"S3","RWA","048","Rwanda","DEU","Germany",2022,"Gross Imp.",1,369.321,536687.13,8,"Kg",536687
"S3","RWA","048","Rwanda","DEU","Germany",2022,"Import",5,369.321,536687.13,8,"Kg",536687
"S3","RWA","048","Rwanda","DNK","Denmark",2020,"Gross Imp.",1,50.339,21889.9,8,"Kg",21890
"S3","RWA","048","Rwanda","DNK","Denmark",2020,"Import",5,50.339,21889.9,8,"Kg",21890
"S3","RWA","048","Rwanda","DNK","Denmark",2021,"Gross Imp.",1,68.27,36157.4,8,"Kg",36157
"S3","RWA","048","Rwanda","DNK","Denmark",2021,"Import",5,68.27,36157.4,8,"Kg",36157
"S3","RWA","048","Rwanda","DNK","Denmark",2022,"Gross Imp.",1,37.636,20519.88,8,"Kg",20520
"S3","RWA","048","Rwanda","DNK","Denmark",2022,"Import",5,37.636,20519.88,8,"Kg",20520
"S3","RWA","048","Rwanda","ECU","Ecuador",2021,"Gross Imp.",1,0.778,169.2,8,"Kg",169
"S3","RWA","048","Rwanda","ECU","Ecuador",2021,"Import",5,0.778,169.2,8,"Kg",169
"S3","RWA","048","Rwanda","ECU","Ecuador",2022,"Gross Imp.",1,2.613,751.76,8,"Kg",752
"S3","RWA","048","Rwanda","ECU","Ecuador",2022,"Import",5,2.613,751.76,8,"Kg",752
"S3","RWA","048","Rwanda","EGY","Egypt, Arab Rep.",2020,"Gross Imp.",1,540.156,978483,8,"Kg",978483
"S3","RWA","048","Rwanda","EGY","Egypt, Arab Rep.",2020,"Import",5,540.156,978483,8,"Kg",978483
"S3","RWA","048","Rwanda","EGY","Egypt, Arab Rep.",2021,"Gross Imp.",1,1288.151,2098132,8,"Kg",2098132
"S3","RWA","048","Rwanda","EGY","Egypt, Arab Rep.",2021,"Import",5,1288.151,2098132,8,"Kg",2098132
"S3","RWA","048","Rwanda","EGY","Egypt, Arab Rep.",2022,"Gross Imp.",1,698.596,884478,8,"Kg",884478
"S3","RWA","048","Rwanda","EGY","Egypt, Arab Rep.",2022,"Import",5,698.596,884478,8,"Kg",884478
"S3","RWA","048","Rwanda","ESP","Spain",2020,"Gross Imp.",1,6.212,1723.77,8,"Kg",1724
"S3","RWA","048","Rwanda","ESP","Spain",2020,"Import",5,6.212,1723.77,8,"Kg",1724
"S3","RWA","048","Rwanda","ESP","Spain",2021,"Gross Imp.",1,65.827,26044.63,8,"Kg",26045
"S3","RWA","048","Rwanda","ESP","Spain",2021,"Import",5,65.827,26044.63,8,"Kg",26045
"S3","RWA","048","Rwanda","ESP","Spain",2022,"Gross Imp.",1,348.038,137965.66,8,"Kg",137966
"S3","RWA","048","Rwanda","ESP","Spain",2022,"Import",5,348.038,137965.66,8,"Kg",137966
"S3","RWA","048","Rwanda","ETH","Ethiopia(excludes Eritrea)",2020,"Gross Imp.",1,0.203,30,8,"Kg",30
"S3","RWA","048","Rwanda","ETH","Ethiopia(excludes Eritrea)",2020,"Import",5,0.203,30,8,"Kg",30
"S3","RWA","048","Rwanda","ETH","Ethiopia(excludes Eritrea)",2021,"Gross Imp.",1,0.06,39,8,"Kg",39
"S3","RWA","048","Rwanda","ETH","Ethiopia(excludes Eritrea)",2021,"Import",5,0.06,39,8,"Kg",39
"S3","RWA","048","Rwanda","FIN","Finland",2021,"Gross Imp.",1,0.049,6,8,"Kg",6
"S3","RWA","048","Rwanda","FIN","Finland",2021,"Import",5,0.049,6,8,"Kg",6
"S3","RWA","048","Rwanda","FRA","France",2020,"Gross Imp.",1,3572.154,6659315.44,8,"Kg",6659315
"S3","RWA","048","Rwanda","FRA","France",2020,"Import",5,3572.154,6659315.44,8,"Kg",6659315
"S3","RWA","048","Rwanda","FRA","France",2021,"Gross Imp.",1,3418.499,5945546.47,8,"Kg",5945546
"S3","RWA","048","Rwanda","FRA","France",2021,"Import",5,3418.499,5945546.47,8,"Kg",5945546
"S3","RWA","048","Rwanda","FRA","France",2022,"Gross Imp.",1,7768.845,11429287.11,8,"Kg",11429287
"S3","RWA","048","Rwanda","FRA","France",2022,"Import",5,7768.845,11429287.11,8,"Kg",11429287
"S3","RWA","048","Rwanda","GBR","United Kingdom",2020,"Export",6,7.908,2212,8,"Kg",2212
"S3","RWA","048","Rwanda","GBR","United Kingdom",2020,"Gross Exp.",2,7.908,2212,8,"Kg",2212
"S3","RWA","048","Rwanda","GBR","United Kingdom",2020,"Gross Imp.",1,206.336,80016.32,8,"Kg",80016
"S3","RWA","048","Rwanda","GBR","United Kingdom",2020,"Import",5,206.336,80016.32,8,"Kg",80016
"S3","RWA","048","Rwanda","GBR","United Kingdom",2021,"Gross Imp.",1,269.873,113999.4,8,"Kg",113999
"S3","RWA","048","Rwanda","GBR","United Kingdom",2021,"Import",5,269.873,113999.4,8,"Kg",113999
"S3","RWA","048","Rwanda","GBR","United Kingdom",2022,"Gross Imp.",1,209.427,90804.95,8,"Kg",90805
"S3","RWA","048","Rwanda","GBR","United Kingdom",2022,"Import",5,209.427,90804.95,8,"Kg",90805
"S3","RWA","048","Rwanda","GRC","Greece",2021,"Gross Imp.",1,0.194,92,8,"Kg",92
"S3","RWA","048","Rwanda","GRC","Greece",2021,"Import",5,0.194,92,8,"Kg",92
"S3","RWA","048","Rwanda","GRC","Greece",2022,"Gross Imp.",1,1.341,187.96,8,"Kg",188
"S3","RWA","048","Rwanda","GRC","Greece",2022,"Import",5,1.341,187.96,8,"Kg",188
"S3","RWA","048","Rwanda","HKG","Hong Kong, China",2020,"Gross Imp.",1,0.693,824.69,8,"Kg",825
"S3","RWA","048","Rwanda","HKG","Hong Kong, China",2020,"Import",5,0.693,824.69,8,"Kg",825
"S3","RWA","048","Rwanda","HKG","Hong Kong, China",2021,"Gross Imp.",1,2.191,1449.34,8,"Kg",1449
"S3","RWA","048","Rwanda","HKG","Hong Kong, China",2021,"Import",5,2.191,1449.34,8,"Kg",1449
"S3","RWA","048","Rwanda","HKG","Hong Kong, China",2022,"Gross Imp.",1,2.684,1992.18,8,"Kg",1992
"S3","RWA","048","Rwanda","HKG","Hong Kong, China",2022,"Import",5,2.684,1992.18,8,"Kg",1992
"S3","RWA","048","Rwanda","HUN","Hungary",2022,"Gross Imp.",1,0.504,250.8,8,"Kg",251
"S3","RWA","048","Rwanda","HUN","Hungary",2022,"Import",5,0.504,250.8,8,"Kg",251
"S3","RWA","048","Rwanda","IDN","Indonesia",2020,"Gross Imp.",1,29.429,27062,8,"Kg",27062
"S3","RWA","048","Rwanda","IDN","Indonesia",2020,"Import",5,29.429,27062,8,"Kg",27062
"S3","RWA","048","Rwanda","IDN","Indonesia",2021,"Gross Imp.",1,90.682,76112,8,"Kg",76112
"S3","RWA","048","Rwanda","IDN","Indonesia",2021,"Import",5,90.682,76112,8,"Kg",76112
"S3","RWA","048","Rwanda","IDN","Indonesia",2022,"Gross Imp.",1,47.009,49850,8,"Kg",49850
"S3","RWA","048","Rwanda","IDN","Indonesia",2022,"Import",5,47.009,49850,8,"Kg",49850
"S3","RWA","048","Rwanda","IND","India",2020,"Gross Imp.",1,4058.573,3938804.91,8,"Kg",3938805
"S3","RWA","048","Rwanda","IND","India",2020,"Import",5,4058.573,3938804.91,8,"Kg",3938805
"S3","RWA","048","Rwanda","IND","India",2021,"Gross Imp.",1,5512.307,5286196.07,8,"Kg",5286196
"S3","RWA","048","Rwanda","IND","India",2021,"Import",5,5512.307,5286196.07,8,"Kg",5286196
"S3","RWA","048","Rwanda","IND","India",2022,"Gross Imp.",1,16229.278,13198277.84,8,"Kg",13198278
"S3","RWA","048","Rwanda","IND","India",2022,"Import",5,16229.278,13198277.84,8,"Kg",13198278
"S3","RWA","048","Rwanda","IRN","Iran, Islamic Rep.",2020,"Gross Imp.",1,73.223,57977.74,8,"Kg",57978
"S3","RWA","048","Rwanda","IRN","Iran, Islamic Rep.",2020,"Import",5,73.223,57977.74,8,"Kg",57978
"S3","RWA","048","Rwanda","IRN","Iran, Islamic Rep.",2021,"Gross Imp.",1,41.529,40227.7,8,"Kg",40228
"S3","RWA","048","Rwanda","IRN","Iran, Islamic Rep.",2021,"Import",5,41.529,40227.7,8,"Kg",40228
"S3","RWA","048","Rwanda","IRN","Iran, Islamic Rep.",2022,"Gross Imp.",1,0.376,100,8,"Kg",100
"S3","RWA","048","Rwanda","IRN","Iran, Islamic Rep.",2022,"Import",5,0.376,100,8,"Kg",100
"S3","RWA","048","Rwanda","ITA","Italy",2020,"Gross Imp.",1,1118.429,1593043.78,8,"Kg",1593044
"S3","RWA","048","Rwanda","ITA","Italy",2020,"Import",5,1118.429,1593043.78,8,"Kg",1593044
"S3","RWA","048","Rwanda","ITA","Italy",2021,"Gross Imp.",1,407.153,622536.85,8,"Kg",622537
"S3","RWA","048","Rwanda","ITA","Italy",2021,"Import",5,407.153,622536.85,8,"Kg",622537
"S3","RWA","048","Rwanda","ITA","Italy",2022,"Export",6,0,0,8,"Kg",0
"S3","RWA","048","Rwanda","ITA","Italy",2022,"Gross Exp.",2,14.141,19500,8,"Kg",19500
"S3","RWA","048","Rwanda","ITA","Italy",2022,"Gross Imp.",1,115.769,69853.42,8,"Kg",69853
"S3","RWA","048","Rwanda","ITA","Italy",2022,"Import",5,115.769,69853.42,8,"Kg",69853
"S3","RWA","048","Rwanda","ITA","Italy",2022,"Re-Export",3,14.141,19500,8,"Kg",19500
"S3","RWA","048","Rwanda","JPN","Japan",2021,"Gross Imp.",1,0.345,25,8,"Kg",25
"S3","RWA","048","Rwanda","JPN","Japan",2021,"Import",5,0.345,25,8,"Kg",25
"S3","RWA","048","Rwanda","KEN","Kenya",2020,"Export",6,14.946,7925,8,"Kg",7925
"S3","RWA","048","Rwanda","KEN","Kenya",2020,"Gross Exp.",2,14.946,7925,8,"Kg",7925
"S3","RWA","048","Rwanda","KEN","Kenya",2020,"Gross Imp.",1,263.615,277249.75,8,"Kg",277250
"S3","RWA","048","Rwanda","KEN","Kenya",2020,"Import",5,263.615,277249.75,8,"Kg",277250
"S3","RWA","048","Rwanda","KEN","Kenya",2021,"Export",6,158.903,93510,8,"Kg",93510
"S3","RWA","048","Rwanda","KEN","Kenya",2021,"Gross Exp.",2,158.903,93510,8,"Kg",93510
"S3","RWA","048","Rwanda","KEN","Kenya",2021,"Gross Imp.",1,362.195,143372.85,8,"Kg",143373
"S3","RWA","048","Rwanda","KEN","Kenya",2021,"Import",5,362.195,143372.85,8,"Kg",143373
"S3","RWA","048","Rwanda","KEN","Kenya",2022,"Export",6,93.652,33972.25,8,"Kg",33972
"S3","RWA","048","Rwanda","KEN","Kenya",2022,"Gross Exp.",2,93.652,33972.25,8,"Kg",33972
"S3","RWA","048","Rwanda","KEN","Kenya",2022,"Gross Imp.",1,794.787,294123.13,8,"Kg",294123
"S3","RWA","048","Rwanda","KEN","Kenya",2022,"Import",5,794.787,294123.13,8,"Kg",294123
"S3","RWA","048","Rwanda","KHM","Cambodia",2021,"Gross Imp.",1,0.136,98.9,8,"Kg",99
"S3","RWA","048","Rwanda","KHM","Cambodia",2021,"Import",5,0.136,98.9,8,"Kg",99
"S3","RWA","048","Rwanda","KOR","Korea, Rep.",2020,"Gross Imp.",1,0.705,521,8,"Kg",521
"S3","RWA","048","Rwanda","KOR","Korea, Rep.",2020,"Import",5,0.705,521,8,"Kg",521
"S3","RWA","048","Rwanda","KOR","Korea, Rep.",2021,"Gross Imp.",1,0.752,316,8,"Kg",316
"S3","RWA","048","Rwanda","KOR","Korea, Rep.",2021,"Import",5,0.752,316,8,"Kg",316
"S3","RWA","048","Rwanda","KOR","Korea, Rep.",2022,"Gross Imp.",1,3.253,2080,8,"Kg",2080
"S3","RWA","048","Rwanda","KOR","Korea, Rep.",2022,"Import",5,3.253,2080,8,"Kg",2080
"S3","RWA","048","Rwanda","KWT","Kuwait",2021,"Gross Imp.",1,0.451,216,8,"Kg",216
"S3","RWA","048","Rwanda","KWT","Kuwait",2021,"Import",5,0.451,216,8,"Kg",216
"S3","RWA","048","Rwanda","LBN","Lebanon",2022,"Gross Imp.",1,21.135,26936,8,"Kg",26936
"S3","RWA","048","Rwanda","LBN","Lebanon",2022,"Import",5,21.135,26936,8,"Kg",26936
"S3","RWA","048","Rwanda","LBR","Liberia",2020,"Gross Imp.",1,0.001,2,8,"Kg",2
"S3","RWA","048","Rwanda","LBR","Liberia",2020,"Import",5,0.001,2,8,"Kg",2
"S3","RWA","048","Rwanda","LVA","Latvia",2022,"Gross Imp.",1,1.302,780,8,"Kg",780
"S3","RWA","048","Rwanda","LVA","Latvia",2022,"Import",5,1.302,780,8,"Kg",780
"S3","RWA","048","Rwanda","MAR","Morocco",2022,"Gross Imp.",1,0.301,161,8,"Kg",161
"S3","RWA","048","Rwanda","MAR","Morocco",2022,"Import",5,0.301,161,8,"Kg",161
"S3","RWA","048","Rwanda","MEX","Mexico",2021,"Gross Imp.",1,0.011,7.2,8,"Kg",7
"S3","RWA","048","Rwanda","MEX","Mexico",2021,"Import",5,0.011,7.2,8,"Kg",7
"S3","RWA","048","Rwanda","MKD","North Macedonia",2022,"Gross Imp.",1,28.316,6679,8,"Kg",6679
"S3","RWA","048","Rwanda","MKD","North Macedonia",2022,"Import",5,28.316,6679,8,"Kg",6679
"S3","RWA","048","Rwanda","MYS","Malaysia",2022,"Gross Imp.",1,0.889,29,8,"Kg",29
"S3","RWA","048","Rwanda","MYS","Malaysia",2022,"Import",5,0.889,29,8,"Kg",29
"S3","RWA","048","Rwanda","NGA","Nigeria",2021,"Export",6,145.341,124950,8,"Kg",124950
"S3","RWA","048","Rwanda","NGA","Nigeria",2021,"Gross Exp.",2,145.341,124950,8,"Kg",124950
"S3","RWA","048","Rwanda","NGA","Nigeria",2022,"Export",6,425.588,299886,8,"Kg",299886
"S3","RWA","048","Rwanda","NGA","Nigeria",2022,"Gross Exp.",2,425.588,299886,8,"Kg",299886
"S3","RWA","048","Rwanda","NGA","Nigeria",2022,"Gross Imp.",1,2.038,380,8,"Kg",380
"S3","RWA","048","Rwanda","NGA","Nigeria",2022,"Import",5,2.038,380,8,"Kg",380
"S3","RWA","048","Rwanda","NLD","Netherlands",2020,"Gross Imp.",1,36.018,9275,8,"Kg",9275
"S3","RWA","048","Rwanda","NLD","Netherlands",2020,"Import",5,36.018,9275,8,"Kg",9275
"S3","RWA","048","Rwanda","NLD","Netherlands",2021,"Gross Imp.",1,1340.652,2071717.88,8,"Kg",2071718
"S3","RWA","048","Rwanda","NLD","Netherlands",2021,"Import",5,1340.652,2071717.88,8,"Kg",2071718
"S3","RWA","048","Rwanda","NLD","Netherlands",2022,"Gross Imp.",1,311.091,525176.47,8,"Kg",525176
"S3","RWA","048","Rwanda","NLD","Netherlands",2022,"Import",5,311.091,525176.47,8,"Kg",525176
"S3","RWA","048","Rwanda","NOR","Norway",2020,"Gross Imp.",1,8.741,5408.6,8,"Kg",5409
"S3","RWA","048","Rwanda","NOR","Norway",2020,"Import",5,8.741,5408.6,8,"Kg",5409
"S3","RWA","048","Rwanda","NOR","Norway",2021,"Gross Imp.",1,18.971,6800,8,"Kg",6800
"S3","RWA","048","Rwanda","NOR","Norway",2021,"Import",5,18.971,6800,8,"Kg",6800
"S3","RWA","048","Rwanda","NOR","Norway",2022,"Gross Imp.",1,7.54,2720,8,"Kg",2720
"S3","RWA","048","Rwanda","NOR","Norway",2022,"Import",5,7.54,2720,8,"Kg",2720
"S3","RWA","048","Rwanda","PAK","Pakistan",2021,"Gross Imp.",1,0.569,241,8,"Kg",241
"S3","RWA","048","Rwanda","PAK","Pakistan",2021,"Import",5,0.569,241,8,"Kg",241
"S3","RWA","048","Rwanda","PAK","Pakistan",2022,"Gross Imp.",1,33.272,22412,8,"Kg",22412
"S3","RWA","048","Rwanda","PAK","Pakistan",2022,"Import",5,33.272,22412,8,"Kg",22412
"S3","RWA","048","Rwanda","PER","Peru",2020,"Gross Imp.",1,0.66,95,8,"Kg",95
"S3","RWA","048","Rwanda","PER","Peru",2020,"Import",5,0.66,95,8,"Kg",95
"S3","RWA","048","Rwanda","POL","Poland",2021,"Gross Imp.",1,0.355,178.85,8,"Kg",179
"S3","RWA","048","Rwanda","POL","Poland",2021,"Import",5,0.355,178.85,8,"Kg",179
"S3","RWA","048","Rwanda","POL","Poland",2022,"Gross Imp.",1,29.537,3458.57,8,"Kg",3459
"S3","RWA","048","Rwanda","POL","Poland",2022,"Import",5,29.537,3458.57,8,"Kg",3459
"S3","RWA","048","Rwanda","PRT","Portugal",2020,"Gross Imp.",1,8.914,826,8,"Kg",826
"S3","RWA","048","Rwanda","PRT","Portugal",2020,"Import",5,8.914,826,8,"Kg",826
"S3","RWA","048","Rwanda","PRT","Portugal",2021,"Gross Imp.",1,235.632,374000,8,"Kg",374000
"S3","RWA","048","Rwanda","PRT","Portugal",2021,"Import",5,235.632,374000,8,"Kg",374000
"S3","RWA","048","Rwanda","PRT","Portugal",2022,"Gross Imp.",1,723.642,1208952.6,8,"Kg",1208953
"S3","RWA","048","Rwanda","PRT","Portugal",2022,"Import",5,723.642,1208952.6,8,"Kg",1208953
"S3","RWA","048","Rwanda","SEN","Senegal",2021,"Gross Imp.",1,0.798,79.93,8,"Kg",80
"S3","RWA","048","Rwanda","SEN","Senegal",2021,"Import",5,0.798,79.93,8,"Kg",80
"S3","RWA","048","Rwanda","SSD","South Sudan",2022,"Export",6,1.096,684,8,"Kg",684
"S3","RWA","048","Rwanda","SSD","South Sudan",2022,"Gross Exp.",2,1.096,684,8,"Kg",684
"S3","RWA","048","Rwanda","SUD","Sudan",2020,"Gross Imp.",1,10.664,2016,8,"Kg",2016
"S3","RWA","048","Rwanda","SUD","Sudan",2020,"Import",5,10.664,2016,8,"Kg",2016
"S3","RWA","048","Rwanda","SWE","Sweden",2022,"Export",6,0.884,720,8,"Kg",720
"S3","RWA","048","Rwanda","SWE","Sweden",2022,"Gross Exp.",2,0.884,720,8,"Kg",720
"S3","RWA","048","Rwanda","SWZ","Eswatini",2021,"Gross Imp.",1,0.027,1,8,"Kg",1
"S3","RWA","048","Rwanda","SWZ","Eswatini",2021,"Import",5,0.027,1,8,"Kg",1
"S3","RWA","048","Rwanda","TCA","Turks and Caicos Isl.",2021,"Gross Imp.",1,1.937,352,8,"Kg",352
"S3","RWA","048","Rwanda","TCA","Turks and Caicos Isl.",2021,"Import",5,1.937,352,8,"Kg",352
"S3","RWA","048","Rwanda","THA","Thailand",2021,"Gross Imp.",1,0.162,300,8,"Kg",300
"S3","RWA","048","Rwanda","THA","Thailand",2021,"Import",5,0.162,300,8,"Kg",300
"S3","RWA","048","Rwanda","THA","Thailand",2022,"Gross Imp.",1,5.944,773,8,"Kg",773
"S3","RWA","048","Rwanda","THA","Thailand",2022,"Import",5,5.944,773,8,"Kg",773
"S3","RWA","048","Rwanda","TUN","Tunisia",2022,"Gross Imp.",1,13.204,6625,8,"Kg",6625
"S3","RWA","048","Rwanda","TUN","Tunisia",2022,"Import",5,13.204,6625,8,"Kg",6625
"S3","RWA","048","Rwanda","TUR","Turkey",2020,"Gross Imp.",1,9201.181,14715963.57,8,"Kg",14715964
"S3","RWA","048","Rwanda","TUR","Turkey",2020,"Import",5,9201.181,14715963.57,8,"Kg",14715964
"S3","RWA","048","Rwanda","TUR","Turkey",2021,"Gross Imp.",1,10179.717,14529315.58,8,"Kg",14529316
"S3","RWA","048","Rwanda","TUR","Turkey",2021,"Import",5,10179.717,14529315.58,8,"Kg",14529316
"S3","RWA","048","Rwanda","TUR","Turkey",2022,"Gross Imp.",1,13650.707,16076334.92,8,"Kg",16076335
"S3","RWA","048","Rwanda","TUR","Turkey",2022,"Import",5,13650.707,16076334.92,8,"Kg",16076335
"S3","RWA","048","Rwanda","TZA","Tanzania",2020,"Gross Imp.",1,42.72,58311,8,"Kg",58311
"S3","RWA","048","Rwanda","TZA","Tanzania",2020,"Import",5,42.72,58311,8,"Kg",58311
"S3","RWA","048","Rwanda","TZA","Tanzania",2021,"Export",6,1.558,1249.2,8,"Kg",1249
"S3","RWA","048","Rwanda","TZA","Tanzania",2021,"Gross Exp.",2,1.558,1249.2,8,"Kg",1249
"S3","RWA","048","Rwanda","TZA","Tanzania",2021,"Gross Imp.",1,481.005,842100.9,8,"Kg",842101
"S3","RWA","048","Rwanda","TZA","Tanzania",2021,"Import",5,481.005,842100.9,8,"Kg",842101
"S3","RWA","048","Rwanda","TZA","Tanzania",2022,"Export",6,281.883,202080,8,"Kg",202080
"S3","RWA","048","Rwanda","TZA","Tanzania",2022,"Gross Exp.",2,288.891,224362,8,"Kg",224362
"S3","RWA","048","Rwanda","TZA","Tanzania",2022,"Gross Imp.",1,129.046,106867,8,"Kg",106867
"S3","RWA","048","Rwanda","TZA","Tanzania",2022,"Import",5,129.046,106867,8,"Kg",106867
"S3","RWA","048","Rwanda","TZA","Tanzania",2022,"Re-Export",3,7.008,22282,8,"Kg",22282
"S3","RWA","048","Rwanda","UGA","Uganda",2020,"Export",6,14724.31,22529527,8,"Kg",22529527
"S3","RWA","048","Rwanda","UGA","Uganda",2020,"Gross Exp.",2,17206.434,27326733,8,"Kg",27326733
"S3","RWA","048","Rwanda","UGA","Uganda",2020,"Re-Export",3,2482.124,4797206,8,"Kg",4797206
"S3","RWA","048","Rwanda","UGA","Uganda",2021,"Export",6,5260.775,8646575,8,"Kg",8646575
"S3","RWA","048","Rwanda","UGA","Uganda",2021,"Gross Exp.",2,8071.06,13888776,8,"Kg",13888776
"S3","RWA","048","Rwanda","UGA","Uganda",2021,"Gross Imp.",1,0.101,50,8,"Kg",50
"S3","RWA","048","Rwanda","UGA","Uganda",2021,"Import",5,0.101,50,8,"Kg",50
"S3","RWA","048","Rwanda","UGA","Uganda",2021,"Re-Export",3,2810.285,5242201,8,"Kg",5242201
"S3","RWA","048","Rwanda","UGA","Uganda",2022,"Export",6,2974.506,4857300,8,"Kg",4857300
"S3","RWA","048","Rwanda","UGA","Uganda",2022,"Gross Exp.",2,6488.799,9916450,8,"Kg",9916450
"S3","RWA","048","Rwanda","UGA","Uganda",2022,"Gross Imp.",1,169.519,154790.96,8,"Kg",154791
"S3","RWA","048","Rwanda","UGA","Uganda",2022,"Import",5,169.519,154790.96,8,"Kg",154791
"S3","RWA","048","Rwanda","UGA","Uganda",2022,"Re-Export",3,3514.293,5059150,8,"Kg",5059150
"S3","RWA","048","Rwanda","USA","United States",2020,"Export",6,65.559,38170,8,"Kg",38170
"S3","RWA","048","Rwanda","USA","United States",2020,"Gross Exp.",2,65.559,38170,8,"Kg",38170
"S3","RWA","048","Rwanda","USA","United States",2020,"Gross Imp.",1,0.103,14.63,8,"Kg",15
"S3","RWA","048","Rwanda","USA","United States",2020,"Import",5,0.103,14.63,8,"Kg",15
"S3","RWA","048","Rwanda","USA","United States",2021,"Export",6,24.887,21919,8,"Kg",21919
"S3","RWA","048","Rwanda","USA","United States",2021,"Gross Exp.",2,24.887,21919,8,"Kg",21919
"S3","RWA","048","Rwanda","USA","United States",2021,"Gross Imp.",1,4.259,3147.84,8,"Kg",3148
"S3","RWA","048","Rwanda","USA","United States",2021,"Import",5,4.259,3147.84,8,"Kg",3148
"S3","RWA","048","Rwanda","USA","United States",2022,"Export",6,54.76,32636,8,"Kg",32636
"S3","RWA","048","Rwanda","USA","United States",2022,"Gross Exp.",2,54.76,32636,8,"Kg",32636
"S3","RWA","048","Rwanda","USA","United States",2022,"Gross Imp.",1,1.816,857.78,8,"Kg",858
"S3","RWA","048","Rwanda","USA","United States",2022,"Import",5,1.816,857.78,8,"Kg",858
"S3","RWA","048","Rwanda","VNM","Vietnam",2022,"Gross Imp.",1,0.241,50.1,8,"Kg",50
"S3","RWA","048","Rwanda","VNM","Vietnam",2022,"Import",5,0.241,50.1,8,"Kg",50
"S3","RWA","048","Rwanda","WLD"," World",2020,"Export",6,14996.992,22824334,8,"Kg",22824334
"S3","RWA","048","Rwanda","WLD"," World",2020,"Gross Exp.",2,22653.898,32509192.7,8,"Kg",32509193
"S3","RWA","048","Rwanda","WLD"," World",2020,"Gross Imp.",1,29797.823,45253991.93,8,"Kg",45253992
"S3","RWA","048","Rwanda","WLD"," World",2020,"Import",5,29797.823,45253991.93,8,"Kg",45253992
"S3","RWA","048","Rwanda","WLD"," World",2020,"Re-Export",3,7656.906,9684858.7,8,"Kg",9684859
"S3","RWA","048","Rwanda","WLD"," World",2021,"Export",6,5694.747,9376410.2,8,"Kg",9376410
"S3","RWA","048","Rwanda","WLD"," World",2021,"Gross Exp.",2,15821.897,21622106.04,8,"Kg",21622106
"S3","RWA","048","Rwanda","WLD"," World",2021,"Gross Imp.",1,36858.828,51248011.03,8,"Kg",51248011
"S3","RWA","048","Rwanda","WLD"," World",2021,"Import",5,36858.828,51248011.03,8,"Kg",51248011
"S3","RWA","048","Rwanda","WLD"," World",2021,"Re-Export",3,10127.15,12245695.84,8,"Kg",12245696
"S3","RWA","048","Rwanda","WLD"," World",2022,"Export",6,4250.524,5733903.25,8,"Kg",5733903
"S3","RWA","048","Rwanda","WLD"," World",2022,"Gross Exp.",2,20234.293,21292449.37,8,"Kg",21292449
"S3","RWA","048","Rwanda","WLD"," World",2022,"Gross Imp.",1,99576.471,69529784.83,8,"Kg",69529785
"S3","RWA","048","Rwanda","WLD"," World",2022,"Import",5,99576.471,69529784.83,8,"Kg",69529785
"S3","RWA","048","Rwanda","WLD"," World",2022,"Re-Export",3,15983.769,15558546.12,8,"Kg",15558546
"S3","RWA","048","Rwanda","ZAF","South Africa",2020,"Gross Imp.",1,104.492,12749.41,8,"Kg",12749
"S3","RWA","048","Rwanda","ZAF","South Africa",2020,"Import",5,104.492,12749.41,8,"Kg",12749
"S3","RWA","048","Rwanda","ZAF","South Africa",2021,"Gross Imp.",1,16.494,5620.27,8,"Kg",5620
"S3","RWA","048","Rwanda","ZAF","South Africa",2021,"Import",5,16.494,5620.27,8,"Kg",5620
"S3","RWA","048","Rwanda","ZAF","South Africa",2022,"Gross Imp.",1,779.977,609080.38,8,"Kg",609080
"S3","RWA","048","Rwanda","ZAF","South Africa",2022,"Import",5,779.977,609080.38,8,"Kg",609080
"S3","RWA","048","Rwanda","ZAR","Congo, Dem. Rep.",2020,"Export",6,184.269,246500,8,"Kg",246500
"S3","RWA","048","Rwanda","ZAR","Congo, Dem. Rep.",2020,"Gross Exp.",2,5355.792,5133822.7,8,"Kg",5133823
"S3","RWA","048","Rwanda","ZAR","Congo, Dem. Rep.",2020,"Gross Imp.",1,17.002,16678.5,8,"Kg",16679
"S3","RWA","048","Rwanda","ZAR","Congo, Dem. Rep.",2020,"Import",5,17.002,16678.5,8,"Kg",16679
"S3","RWA","048","Rwanda","ZAR","Congo, Dem. Rep.",2020,"Re-Export",3,5171.523,4887322.7,8,"Kg",4887323
"S3","RWA","048","Rwanda","ZAR","Congo, Dem. Rep.",2021,"Export",6,103.283,488207,8,"Kg",488207
"S3","RWA","048","Rwanda","ZAR","Congo, Dem. Rep.",2021,"Gross Exp.",2,7412.643,7490931.84,8,"Kg",7490932
"S3","RWA","048","Rwanda","ZAR","Congo, Dem. Rep.",2021,"Gross Imp.",1,3.555,1459.44,8,"Kg",1459
"S3","RWA","048","Rwanda","ZAR","Congo, Dem. Rep.",2021,"Import",5,3.555,1459.44,8,"Kg",1459
"S3","RWA","048","Rwanda","ZAR","Congo, Dem. Rep.",2021,"Re-Export",3,7309.36,7002724.84,8,"Kg",7002725
"S3","RWA","048","Rwanda","ZAR","Congo, Dem. Rep.",2022,"Export",6,308.208,222346,8,"Kg",222346
"S3","RWA","048","Rwanda","ZAR","Congo, Dem. Rep.",2022,"Gross Exp.",2,12701.78,10613918.12,8,"Kg",10613918
"S3","RWA","048","Rwanda","ZAR","Congo, Dem. Rep.",2022,"Gross Imp.",1,13.547,6991.5,8,"Kg",6992
"S3","RWA","048","Rwanda","ZAR","Congo, Dem. Rep.",2022,"Import",5,13.547,6991.5,8,"Kg",6992
"S3","RWA","048","Rwanda","ZAR","Congo, Dem. Rep.",2022,"Re-Export",3,12393.572,10391572.12,8,"Kg",10391572
"S3","RWA","048","Rwanda","ZMB","Zambia",2020,"Gross Imp.",1,0.017,20,8,"Kg",20
"S3","RWA","048","Rwanda","ZMB","Zambia",2020,"Import",5,0.017,20,8,"Kg",20
"S3","RWA","048","Rwanda","ZMB","Zambia",2021,"Gross Imp.",1,39.976,9216,8,"Kg",9216
"S3","RWA","048","Rwanda","ZMB","Zambia",2021,"Import",5,39.976,9216,8,"Kg",9216
"S3","RWA","048","Rwanda","ZMB","Zambia",2022,"Export",6,0,0,8,"Kg",0
"S3","RWA","048","Rwanda","ZMB","Zambia",2022,"Gross Exp.",2,54.672,65842,8,"Kg",65842
"S3","RWA","048","Rwanda","ZMB","Zambia",2022,"Gross Imp.",1,0.433,262,8,"Kg",262
"S3","RWA","048","Rwanda","ZMB","Zambia",2022,"Import",5,0.433,262,8,"Kg",262
"S3","RWA","048","Rwanda","ZMB","Zambia",2022,"Re-Export",3,54.672,65842,8,"Kg",65842
"S3","RWA","048","Rwanda","ZWE","Zimbabwe",2022,"Gross Imp.",1,164.326,2e+05,8,"Kg",200000
"S3","RWA","048","Rwanda","ZWE","Zimbabwe",2022,"Import",5,164.326,2e+05,8,"Kg",200000
"S3","RWA","0541","Rwanda","ARE","United Arab Emirates",2020,"Export",6,0.067,42,8,"Kg",42
"S3","RWA","0541","Rwanda","ARE","United Arab Emirates",2020,"Gross Exp.",2,0.067,42,8,"Kg",42
"S3","RWA","0541","Rwanda","ARE","United Arab Emirates",2020,"Gross Imp.",1,2.058,1600,8,"Kg",1600
"S3","RWA","0541","Rwanda","ARE","United Arab Emirates",2020,"Import",5,2.058,1600,8,"Kg",1600
"S3","RWA","0541","Rwanda","ARE","United Arab Emirates",2021,"Export",6,0.018,11.75,8,"Kg",12
"S3","RWA","0541","Rwanda","ARE","United Arab Emirates",2021,"Gross Exp.",2,0.018,11.75,8,"Kg",12
"S3","RWA","0541","Rwanda","ARE","United Arab Emirates",2021,"Gross Imp.",1,5.725,700,8,"Kg",700
"S3","RWA","0541","Rwanda","ARE","United Arab Emirates",2021,"Import",5,5.725,700,8,"Kg",700
"S3","RWA","0541","Rwanda","ARE","United Arab Emirates",2022,"Gross Imp.",1,2.304,1100,8,"Kg",1100
"S3","RWA","0541","Rwanda","ARE","United Arab Emirates",2022,"Import",5,2.304,1100,8,"Kg",1100
"S3","RWA","0541","Rwanda","BEL","Belgium",2022,"Gross Imp.",1,0.65,10,8,"Kg",10
"S3","RWA","0541","Rwanda","BEL","Belgium",2022,"Import",5,0.65,10,8,"Kg",10
"S3","RWA","0541","Rwanda","CAF","Central African Republic",2021,"Export",6,17.488,27895,8,"Kg",27895
"S3","RWA","0541","Rwanda","CAF","Central African Republic",2021,"Gross Exp.",2,17.488,27895,8,"Kg",27895
"S3","RWA","0541","Rwanda","CAF","Central African Republic",2022,"Export",6,0.63,410,8,"Kg",410
"S3","RWA","0541","Rwanda","CAF","Central African Republic",2022,"Gross Exp.",2,0.63,410,8,"Kg",410
"S3","RWA","0541","Rwanda","KEN","Kenya",2021,"Gross Imp.",1,2.37,11700,8,"Kg",11700
"S3","RWA","0541","Rwanda","KEN","Kenya",2021,"Import",5,2.37,11700,8,"Kg",11700
"S3","RWA","0541","Rwanda","KEN","Kenya",2022,"Gross Imp.",1,179.72,833500,8,"Kg",833500
"S3","RWA","0541","Rwanda","KEN","Kenya",2022,"Import",5,179.72,833500,8,"Kg",833500
"S3","RWA","0541","Rwanda","NLD","Netherlands",2022,"Gross Imp.",1,0.068,60,8,"Kg",60
"S3","RWA","0541","Rwanda","NLD","Netherlands",2022,"Import",5,0.068,60,8,"Kg",60
"S3","RWA","0541","Rwanda","QAT","Qatar",2022,"Export",6,0.139,36,8,"Kg",36
"S3","RWA","0541","Rwanda","QAT","Qatar",2022,"Gross Exp.",2,0.139,36,8,"Kg",36
"S3","RWA","0541","Rwanda","SAU","Saudi Arabia",2021,"Export",6,0.001,4.25,8,"Kg",4
"S3","RWA","0541","Rwanda","SAU","Saudi Arabia",2021,"Gross Exp.",2,0.001,4.25,8,"Kg",4
"S3","RWA","0541","Rwanda","TZA","Tanzania",2020,"Gross Imp.",1,53.504,168510,8,"Kg",168510
"S3","RWA","0541","Rwanda","TZA","Tanzania",2020,"Import",5,53.504,168510,8,"Kg",168510
"S3","RWA","0541","Rwanda","TZA","Tanzania",2021,"Gross Imp.",1,21.868,70400,8,"Kg",70400
"S3","RWA","0541","Rwanda","TZA","Tanzania",2021,"Import",5,21.868,70400,8,"Kg",70400
"S3","RWA","0541","Rwanda","TZA","Tanzania",2022,"Gross Imp.",1,102.411,400450,8,"Kg",400450
"S3","RWA","0541","Rwanda","TZA","Tanzania",2022,"Import",5,102.411,400450,8,"Kg",400450
"S3","RWA","0541","Rwanda","UGA","Uganda",2022,"Export",6,4.282,70500,8,"Kg",70500
"S3","RWA","0541","Rwanda","UGA","Uganda",2022,"Gross Exp.",2,4.282,70500,8,"Kg",70500
"S3","RWA","0541","Rwanda","UGA","Uganda",2022,"Gross Imp.",1,1212.616,4814850,8,"Kg",4814850
"S3","RWA","0541","Rwanda","UGA","Uganda",2022,"Import",5,1212.616,4814850,8,"Kg",4814850
"S3","RWA","0541","Rwanda","WLD"," World",2020,"Export",6,41.255,313542,8,"Kg",313542
"S3","RWA","0541","Rwanda","WLD"," World",2020,"Gross Exp.",2,41.255,313542,8,"Kg",313542
"S3","RWA","0541","Rwanda","WLD"," World",2020,"Gross Imp.",1,176.28,1999980,8,"Kg",1999980
"S3","RWA","0541","Rwanda","WLD"," World",2020,"Import",5,176.28,1999980,8,"Kg",1999980
"S3","RWA","0541","Rwanda","WLD"," World",2021,"Export",6,86.098,586011,8,"Kg",586011
"S3","RWA","0541","Rwanda","WLD"," World",2021,"Gross Exp.",2,86.098,586011,8,"Kg",586011
"S3","RWA","0541","Rwanda","WLD"," World",2021,"Gross Imp.",1,107.497,849000,8,"Kg",849000
"S3","RWA","0541","Rwanda","WLD"," World",2021,"Import",5,107.497,849000,8,"Kg",849000
"S3","RWA","0541","Rwanda","WLD"," World",2022,"Export",6,43.466,213946,8,"Kg",213946
"S3","RWA","0541","Rwanda","WLD"," World",2022,"Gross Exp.",2,43.466,213946,8,"Kg",213946
"S3","RWA","0541","Rwanda","WLD"," World",2022,"Gross Imp.",1,1732.332,7372392,8,"Kg",7372392
"S3","RWA","0541","Rwanda","WLD"," World",2022,"Import",5,1732.332,7372392,8,"Kg",7372392
"S3","RWA","0541","Rwanda","ZAR","Congo, Dem. Rep.",2020,"Export",6,41.188,313500,8,"Kg",313500
"S3","RWA","0541","Rwanda","ZAR","Congo, Dem. Rep.",2020,"Gross Exp.",2,41.188,313500,8,"Kg",313500
"S3","RWA","0541","Rwanda","ZAR","Congo, Dem. Rep.",2020,"Gross Imp.",1,120.718,1829870,8,"Kg",1829870
"S3","RWA","0541","Rwanda","ZAR","Congo, Dem. Rep.",2020,"Import",5,120.718,1829870,8,"Kg",1829870
"S3","RWA","0541","Rwanda","ZAR","Congo, Dem. Rep.",2021,"Export",6,68.591,558100,8,"Kg",558100
"S3","RWA","0541","Rwanda","ZAR","Congo, Dem. Rep.",2021,"Gross Exp.",2,68.591,558100,8,"Kg",558100
"S3","RWA","0541","Rwanda","ZAR","Congo, Dem. Rep.",2021,"Gross Imp.",1,77.533,766200,8,"Kg",766200
"S3","RWA","0541","Rwanda","ZAR","Congo, Dem. Rep.",2021,"Import",5,77.533,766200,8,"Kg",766200
"S3","RWA","0541","Rwanda","ZAR","Congo, Dem. Rep.",2022,"Export",6,38.415,143000,8,"Kg",143000
"S3","RWA","0541","Rwanda","ZAR","Congo, Dem. Rep.",2022,"Gross Exp.",2,38.415,143000,8,"Kg",143000
"S3","RWA","0541","Rwanda","ZAR","Congo, Dem. Rep.",2022,"Gross Imp.",1,234.562,1322422,8,"Kg",1322422
"S3","RWA","0541","Rwanda","ZAR","Congo, Dem. Rep.",2022,"Import",5,234.562,1322422,8,"Kg",1322422
"S3","RWA","0542","Rwanda","ARE","United Arab Emirates",2020,"Export",6,20.161,5000,8,"Kg",5000
"S3","RWA","0542","Rwanda","ARE","United Arab Emirates",2020,"Gross Exp.",2,20.161,5000,8,"Kg",5000
"S3","RWA","0542","Rwanda","ARE","United Arab Emirates",2020,"Gross Imp.",1,28.27,37983.24,8,"Kg",37983
"S3","RWA","0542","Rwanda","ARE","United Arab Emirates",2020,"Import",5,28.27,37983.24,8,"Kg",37983
"S3","RWA","0542","Rwanda","ARE","United Arab Emirates",2021,"Export",6,302.403,337593.75,8,"Kg",337594
"S3","RWA","0542","Rwanda","ARE","United Arab Emirates",2021,"Gross Exp.",2,302.403,337593.75,8,"Kg",337594
"S3","RWA","0542","Rwanda","ARE","United Arab Emirates",2021,"Gross Imp.",1,20.55,31378,8,"Kg",31378
"S3","RWA","0542","Rwanda","ARE","United Arab Emirates",2021,"Import",5,20.55,31378,8,"Kg",31378
"S3","RWA","0542","Rwanda","ARE","United Arab Emirates",2022,"Gross Imp.",1,25.436,42530.18,8,"Kg",42530
"S3","RWA","0542","Rwanda","ARE","United Arab Emirates",2022,"Import",5,25.436,42530.18,8,"Kg",42530
"S3","RWA","0542","Rwanda","ARG","Argentina",2022,"Gross Imp.",1,0.529,1125,8,"Kg",1125
"S3","RWA","0542","Rwanda","ARG","Argentina",2022,"Import",5,0.529,1125,8,"Kg",1125
"S3","RWA","0542","Rwanda","BEL","Belgium",2020,"Export",6,9.871,1377,8,"Kg",1377
"S3","RWA","0542","Rwanda","BEL","Belgium",2020,"Gross Exp.",2,9.871,1377,8,"Kg",1377
"S3","RWA","0542","Rwanda","BEL","Belgium",2020,"Gross Imp.",1,0.169,58.8,8,"Kg",59
"S3","RWA","0542","Rwanda","BEL","Belgium",2020,"Import",5,0.169,58.8,8,"Kg",59
"S3","RWA","0542","Rwanda","BEL","Belgium",2021,"Export",6,1.521,1587,8,"Kg",1587
"S3","RWA","0542","Rwanda","BEL","Belgium",2021,"Gross Exp.",2,1.521,1587,8,"Kg",1587
"S3","RWA","0542","Rwanda","BEL","Belgium",2021,"Gross Imp.",1,1.898,811.8,8,"Kg",812
"S3","RWA","0542","Rwanda","BEL","Belgium",2021,"Import",5,1.898,811.8,8,"Kg",812
"S3","RWA","0542","Rwanda","BEL","Belgium",2022,"Gross Imp.",1,0.537,227.52,8,"Kg",228
"S3","RWA","0542","Rwanda","BEL","Belgium",2022,"Import",5,0.537,227.52,8,"Kg",228
"S3","RWA","0542","Rwanda","BGR","Bulgaria",2020,"Gross Imp.",1,0.097,25,8,"Kg",25
"S3","RWA","0542","Rwanda","BGR","Bulgaria",2020,"Import",5,0.097,25,8,"Kg",25
"S3","RWA","0542","Rwanda","CAN","Canada",2022,"Export",6,21.785,12000,8,"Kg",12000
"S3","RWA","0542","Rwanda","CAN","Canada",2022,"Gross Exp.",2,21.785,12000,8,"Kg",12000
"S3","RWA","0542","Rwanda","CAN","Canada",2022,"Gross Imp.",1,2.159,570,8,"Kg",570
"S3","RWA","0542","Rwanda","CAN","Canada",2022,"Import",5,2.159,570,8,"Kg",570
"S3","RWA","0542","Rwanda","CHN","China",2020,"Gross Imp.",1,2.165,1363.6,8,"Kg",1364
"S3","RWA","0542","Rwanda","CHN","China",2020,"Import",5,2.165,1363.6,8,"Kg",1364
"S3","RWA","0542","Rwanda","CHN","China",2021,"Gross Imp.",1,0.809,1061,8,"Kg",1061
"S3","RWA","0542","Rwanda","CHN","China",2021,"Import",5,0.809,1061,8,"Kg",1061
"S3","RWA","0542","Rwanda","CHN","China",2022,"Gross Imp.",1,2.744,1372.28,8,"Kg",1372
"S3","RWA","0542","Rwanda","CHN","China",2022,"Import",5,2.744,1372.28,8,"Kg",1372
"S3","RWA","0542","Rwanda","DEU","Germany",2022,"Export",6,3.215,4214,8,"Kg",4214
"S3","RWA","0542","Rwanda","DEU","Germany",2022,"Gross Exp.",2,3.215,4214,8,"Kg",4214
"S3","RWA","0542","Rwanda","DNK","Denmark",2020,"Gross Imp.",1,2.937,1498,8,"Kg",1498
"S3","RWA","0542","Rwanda","DNK","Denmark",2020,"Import",5,2.937,1498,8,"Kg",1498
"S3","RWA","0542","Rwanda","DNK","Denmark",2021,"Gross Imp.",1,0.692,371,8,"Kg",371
"S3","RWA","0542","Rwanda","DNK","Denmark",2021,"Import",5,0.692,371,8,"Kg",371
"S3","RWA","0542","Rwanda","EGY","Egypt, Arab Rep.",2020,"Gross Imp.",1,0.08,107,8,"Kg",107
"S3","RWA","0542","Rwanda","EGY","Egypt, Arab Rep.",2020,"Import",5,0.08,107,8,"Kg",107
"S3","RWA","0542","Rwanda","ESP","Spain",2020,"Gross Imp.",1,0.472,302.4,8,"Kg",302
"S3","RWA","0542","Rwanda","ESP","Spain",2020,"Import",5,0.472,302.4,8,"Kg",302
"S3","RWA","0542","Rwanda","ETH","Ethiopia(excludes Eritrea)",2020,"Gross Imp.",1,0.135,20,8,"Kg",20
"S3","RWA","0542","Rwanda","ETH","Ethiopia(excludes Eritrea)",2020,"Import",5,0.135,20,8,"Kg",20
"S3","RWA","0542","Rwanda","ETH","Ethiopia(excludes Eritrea)",2021,"Gross Imp.",1,0.041,31,8,"Kg",31
"S3","RWA","0542","Rwanda","ETH","Ethiopia(excludes Eritrea)",2021,"Import",5,0.041,31,8,"Kg",31
"S3","RWA","0542","Rwanda","FRA","France",2020,"Export",6,26.058,14495,8,"Kg",14495
"S3","RWA","0542","Rwanda","FRA","France",2020,"Gross Exp.",2,26.058,14495,8,"Kg",14495
"S3","RWA","0542","Rwanda","FRA","France",2020,"Gross Imp.",1,5.15,500,8,"Kg",500
"S3","RWA","0542","Rwanda","FRA","France",2020,"Import",5,5.15,500,8,"Kg",500
"S3","RWA","0542","Rwanda","FRA","France",2021,"Export",6,48.005,24000,8,"Kg",24000
"S3","RWA","0542","Rwanda","FRA","France",2021,"Gross Exp.",2,48.005,24000,8,"Kg",24000
"S3","RWA","0542","Rwanda","FRA","France",2021,"Gross Imp.",1,40.233,4032.13,8,"Kg",4032
"S3","RWA","0542","Rwanda","FRA","France",2021,"Import",5,40.233,4032.13,8,"Kg",4032
"S3","RWA","0542","Rwanda","FRA","France",2022,"Export",6,18.13,12000,8,"Kg",12000
"S3","RWA","0542","Rwanda","FRA","France",2022,"Gross Exp.",2,18.13,12000,8,"Kg",12000
"S3","RWA","0542","Rwanda","FRA","France",2022,"Gross Imp.",1,46.562,4756.48,8,"Kg",4756
"S3","RWA","0542","Rwanda","FRA","France",2022,"Import",5,46.562,4756.48,8,"Kg",4756
"S3","RWA","0542","Rwanda","GBR","United Kingdom",2020,"Export",6,1.389,604,8,"Kg",604
"S3","RWA","0542","Rwanda","GBR","United Kingdom",2020,"Gross Exp.",2,1.389,604,8,"Kg",604
"S3","RWA","0542","Rwanda","GBR","United Kingdom",2021,"Export",6,0.112,56,8,"Kg",56
"S3","RWA","0542","Rwanda","GBR","United Kingdom",2021,"Gross Exp.",2,0.112,56,8,"Kg",56
"S3","RWA","0542","Rwanda","HKG","Hong Kong, China",2021,"Gross Imp.",1,0.042,33.6,8,"Kg",34
"S3","RWA","0542","Rwanda","HKG","Hong Kong, China",2021,"Import",5,0.042,33.6,8,"Kg",34
"S3","RWA","0542","Rwanda","HKG","Hong Kong, China",2022,"Gross Imp.",1,0.051,60,8,"Kg",60
"S3","RWA","0542","Rwanda","HKG","Hong Kong, China",2022,"Import",5,0.051,60,8,"Kg",60
"S3","RWA","0542","Rwanda","IDN","Indonesia",2021,"Gross Imp.",1,0.075,30.4,8,"Kg",30
"S3","RWA","0542","Rwanda","IDN","Indonesia",2021,"Import",5,0.075,30.4,8,"Kg",30
"S3","RWA","0542","Rwanda","IND","India",2020,"Gross Imp.",1,37.168,40311.44,8,"Kg",40311
"S3","RWA","0542","Rwanda","IND","India",2020,"Import",5,37.168,40311.44,8,"Kg",40311
"S3","RWA","0542","Rwanda","IND","India",2021,"Export",6,97.301,120000,8,"Kg",120000
"S3","RWA","0542","Rwanda","IND","India",2021,"Gross Exp.",2,97.301,120000,8,"Kg",120000
"S3","RWA","0542","Rwanda","IND","India",2021,"Gross Imp.",1,44.366,39014.81,8,"Kg",39015
"S3","RWA","0542","Rwanda","IND","India",2021,"Import",5,44.366,39014.81,8,"Kg",39015
"S3","RWA","0542","Rwanda","IND","India",2022,"Export",6,580.038,768192,8,"Kg",768192
"S3","RWA","0542","Rwanda","IND","India",2022,"Gross Exp.",2,580.038,768192,8,"Kg",768192
"S3","RWA","0542","Rwanda","IND","India",2022,"Gross Imp.",1,44.558,40695.599,8,"Kg",40696
"S3","RWA","0542","Rwanda","IND","India",2022,"Import",5,44.558,40695.599,8,"Kg",40696
"S3","RWA","0542","Rwanda","ITA","Italy",2022,"Gross Imp.",1,0.257,155,8,"Kg",155
"S3","RWA","0542","Rwanda","ITA","Italy",2022,"Import",5,0.257,155,8,"Kg",155
"S3","RWA","0542","Rwanda","KEN","Kenya",2020,"Gross Imp.",1,320.085,415376,8,"Kg",415376
"S3","RWA","0542","Rwanda","KEN","Kenya",2020,"Import",5,320.085,415376,8,"Kg",415376
"S3","RWA","0542","Rwanda","KEN","Kenya",2021,"Gross Imp.",1,2.534,4697.9,8,"Kg",4698
"S3","RWA","0542","Rwanda","KEN","Kenya",2021,"Import",5,2.534,4697.9,8,"Kg",4698
"S3","RWA","0542","Rwanda","KEN","Kenya",2022,"Export",6,44.984,139290,8,"Kg",139290
"S3","RWA","0542","Rwanda","KEN","Kenya",2022,"Gross Exp.",2,44.984,139290,8,"Kg",139290
"S3","RWA","0542","Rwanda","KEN","Kenya",2022,"Gross Imp.",1,15.772,9759,8,"Kg",9759
"S3","RWA","0542","Rwanda","KEN","Kenya",2022,"Import",5,15.772,9759,8,"Kg",9759
"S3","RWA","0542","Rwanda","KOR","Korea, Rep.",2022,"Gross Imp.",1,0.083,100,8,"Kg",100
"S3","RWA","0542","Rwanda","KOR","Korea, Rep.",2022,"Import",5,0.083,100,8,"Kg",100
"S3","RWA","0542","Rwanda","LBN","Lebanon",2022,"Gross Imp.",1,0.03,5,8,"Kg",5
"S3","RWA","0542","Rwanda","LBN","Lebanon",2022,"Import",5,0.03,5,8,"Kg",5
"S3","RWA","0542","Rwanda","MUS","Mauritius",2021,"Export",6,27.45,45400,8,"Kg",45400
"S3","RWA","0542","Rwanda","MUS","Mauritius",2021,"Gross Exp.",2,27.45,45400,8,"Kg",45400
"S3","RWA","0542","Rwanda","MUS","Mauritius",2022,"Export",6,13.655,22650,8,"Kg",22650
"S3","RWA","0542","Rwanda","MUS","Mauritius",2022,"Gross Exp.",2,13.655,22650,8,"Kg",22650
"S3","RWA","0542","Rwanda","NGA","Nigeria",2022,"Gross Imp.",1,0.212,40,8,"Kg",40
"S3","RWA","0542","Rwanda","NGA","Nigeria",2022,"Import",5,0.212,40,8,"Kg",40
"S3","RWA","0542","Rwanda","NLD","Netherlands",2020,"Gross Imp.",1,0.072,10,8,"Kg",10
"S3","RWA","0542","Rwanda","NLD","Netherlands",2020,"Import",5,0.072,10,8,"Kg",10
"S3","RWA","0542","Rwanda","NLD","Netherlands",2021,"Gross Imp.",1,0.084,30,8,"Kg",30
"S3","RWA","0542","Rwanda","NLD","Netherlands",2021,"Import",5,0.084,30,8,"Kg",30
"S3","RWA","0542","Rwanda","NLD","Netherlands",2022,"Gross Imp.",1,0.048,18.72,8,"Kg",19
"S3","RWA","0542","Rwanda","NLD","Netherlands",2022,"Import",5,0.048,18.72,8,"Kg",19
"S3","RWA","0542","Rwanda","SAU","Saudi Arabia",2021,"Export",6,0.001,1.75,8,"Kg",2
"S3","RWA","0542","Rwanda","SAU","Saudi Arabia",2021,"Gross Exp.",2,0.001,1.75,8,"Kg",2
"S3","RWA","0542","Rwanda","SSD","South Sudan",2020,"Export",6,69.315,139000,8,"Kg",139000
"S3","RWA","0542","Rwanda","SSD","South Sudan",2020,"Gross Exp.",2,69.315,139000,8,"Kg",139000
"S3","RWA","0542","Rwanda","SSD","South Sudan",2022,"Export",6,703.589,481500,8,"Kg",481500
"S3","RWA","0542","Rwanda","SSD","South Sudan",2022,"Gross Exp.",2,703.589,481500,8,"Kg",481500
"S3","RWA","0542","Rwanda","SUD","Sudan",2021,"Export",6,3.332,6000,8,"Kg",6000
"S3","RWA","0542","Rwanda","SUD","Sudan",2021,"Gross Exp.",2,3.332,6000,8,"Kg",6000
"S3","RWA","0542","Rwanda","SWE","Sweden",2021,"Gross Imp.",1,0.011,11,8,"Kg",11
"S3","RWA","0542","Rwanda","SWE","Sweden",2021,"Import",5,0.011,11,8,"Kg",11
"S3","RWA","0542","Rwanda","SWE","Sweden",2022,"Export",6,2.032,2200,8,"Kg",2200
"S3","RWA","0542","Rwanda","SWE","Sweden",2022,"Gross Exp.",2,2.032,2200,8,"Kg",2200
"S3","RWA","0542","Rwanda","SWE","Sweden",2022,"Gross Imp.",1,0.016,1,8,"Kg",1
"S3","RWA","0542","Rwanda","SWE","Sweden",2022,"Import",5,0.016,1,8,"Kg",1
"S3","RWA","0542","Rwanda","TUR","Turkey",2021,"Gross Imp.",1,1.943,725.5,8,"Kg",726
"S3","RWA","0542","Rwanda","TUR","Turkey",2021,"Import",5,1.943,725.5,8,"Kg",726
"S3","RWA","0542","Rwanda","TUR","Turkey",2022,"Gross Imp.",1,0.607,771.9,8,"Kg",772
"S3","RWA","0542","Rwanda","TUR","Turkey",2022,"Import",5,0.607,771.9,8,"Kg",772
"S3","RWA","0542","Rwanda","TZA","Tanzania",2020,"Gross Imp.",1,2231.823,10731202,8,"Kg",10731202
"S3","RWA","0542","Rwanda","TZA","Tanzania",2020,"Import",5,2231.823,10731202,8,"Kg",10731202
"S3","RWA","0542","Rwanda","TZA","Tanzania",2021,"Export",6,1008.728,2059327,8,"Kg",2059327
"S3","RWA","0542","Rwanda","TZA","Tanzania",2021,"Gross Exp.",2,1008.728,2059327,8,"Kg",2059327
"S3","RWA","0542","Rwanda","TZA","Tanzania",2021,"Gross Imp.",1,1302.45,6124720.5,8,"Kg",6124721
"S3","RWA","0542","Rwanda","TZA","Tanzania",2021,"Import",5,1302.45,6124720.5,8,"Kg",6124721
"S3","RWA","0542","Rwanda","TZA","Tanzania",2022,"Gross Imp.",1,1636.621,7180253,8,"Kg",7180253
"S3","RWA","0542","Rwanda","TZA","Tanzania",2022,"Import",5,1636.621,7180253,8,"Kg",7180253
"S3","RWA","0542","Rwanda","UGA","Uganda",2020,"Export",6,2203.2,4320000,8,"Kg",4320000
"S3","RWA","0542","Rwanda","UGA","Uganda",2020,"Gross Exp.",2,2203.2,4320000,8,"Kg",4320000
"S3","RWA","0542","Rwanda","UGA","Uganda",2022,"Export",6,1032.169,6216500,8,"Kg",6216500
"S3","RWA","0542","Rwanda","UGA","Uganda",2022,"Gross Exp.",2,1032.169,6216500,8,"Kg",6216500
"S3","RWA","0542","Rwanda","UGA","Uganda",2022,"Gross Imp.",1,3103.076,10508070,8,"Kg",10508070
"S3","RWA","0542","Rwanda","UGA","Uganda",2022,"Import",5,3103.076,10508070,8,"Kg",10508070
"S3","RWA","0542","Rwanda","USA","United States",2021,"Export",6,1.303,1070,8,"Kg",1070
"S3","RWA","0542","Rwanda","USA","United States",2021,"Gross Exp.",2,1.303,1070,8,"Kg",1070
"S3","RWA","0542","Rwanda","USA","United States",2021,"Gross Imp.",1,0.342,50,8,"Kg",50
"S3","RWA","0542","Rwanda","USA","United States",2021,"Import",5,0.342,50,8,"Kg",50
"S3","RWA","0542","Rwanda","USA","United States",2022,"Gross Imp.",1,1.2,302.48,8,"Kg",302
"S3","RWA","0542","Rwanda","USA","United States",2022,"Import",5,1.2,302.48,8,"Kg",302
"S3","RWA","0542","Rwanda","WLD"," World",2020,"Export",6,2719.831,5342536,8,"Kg",5342536
"S3","RWA","0542","Rwanda","WLD"," World",2020,"Gross Exp.",2,2720.834,5345525,8,"Kg",5345525
"S3","RWA","0542","Rwanda","WLD"," World",2020,"Gross Imp.",1,2646.211,11335888.48,8,"Kg",11335888
"S3","RWA","0542","Rwanda","WLD"," World",2020,"Import",5,2646.211,11335888.48,8,"Kg",11335888
"S3","RWA","0542","Rwanda","WLD"," World",2020,"Re-Export",3,1.003,2989,8,"Kg",2989
"S3","RWA","0542","Rwanda","WLD"," World",2021,"Export",6,2325.143,5621177.5,8,"Kg",5621178
"S3","RWA","0542","Rwanda","WLD"," World",2021,"Gross Exp.",2,2328.373,5623781.5,8,"Kg",5623782
"S3","RWA","0542","Rwanda","WLD"," World",2021,"Gross Imp.",1,1434.715,6209320.64,8,"Kg",6209321
"S3","RWA","0542","Rwanda","WLD"," World",2021,"Import",5,1434.715,6209320.64,8,"Kg",6209321
"S3","RWA","0542","Rwanda","WLD"," World",2021,"Re-Export",3,3.23,2604,8,"Kg",2604
"S3","RWA","0542","Rwanda","WLD"," World",2022,"Export",6,4376.585,15418194,8,"Kg",15418194
"S3","RWA","0542","Rwanda","WLD"," World",2022,"Gross Exp.",2,4381.862,15423090.5,8,"Kg",15423091
"S3","RWA","0542","Rwanda","WLD"," World",2022,"Gross Imp.",1,4922.804,17914363.659,8,"Kg",17914364
"S3","RWA","0542","Rwanda","WLD"," World",2022,"Import",5,4922.804,17914363.659,8,"Kg",17914364
"S3","RWA","0542","Rwanda","WLD"," World",2022,"Re-Export",3,5.277,4896.5,8,"Kg",4897
"S3","RWA","0542","Rwanda","ZAF","South Africa",2020,"Gross Imp.",1,0.519,131,8,"Kg",131
"S3","RWA","0542","Rwanda","ZAF","South Africa",2020,"Import",5,0.519,131,8,"Kg",131
"S3","RWA","0542","Rwanda","ZAF","South Africa",2021,"Gross Imp.",1,18.526,1672,8,"Kg",1672
"S3","RWA","0542","Rwanda","ZAF","South Africa",2021,"Import",5,18.526,1672,8,"Kg",1672
"S3","RWA","0542","Rwanda","ZAF","South Africa",2022,"Gross Imp.",1,2.728,411,8,"Kg",411
"S3","RWA","0542","Rwanda","ZAF","South Africa",2022,"Import",5,2.728,411,8,"Kg",411
"S3","RWA","0542","Rwanda","ZAR","Congo, Dem. Rep.",2020,"Export",6,389.837,862060,8,"Kg",862060
"S3","RWA","0542","Rwanda","ZAR","Congo, Dem. Rep.",2020,"Gross Exp.",2,390.84,865049,8,"Kg",865049
"S3","RWA","0542","Rwanda","ZAR","Congo, Dem. Rep.",2020,"Gross Imp.",1,17.07,107000,8,"Kg",107000
"S3","RWA","0542","Rwanda","ZAR","Congo, Dem. Rep.",2020,"Import",5,17.07,107000,8,"Kg",107000
"S3","RWA","0577","Rwanda","WLD"," World",2022,"Import",5,135.369,63833.354,8,"Kg",63833
"S3","RWA","0577","Rwanda","WLD"," World",2022,"Re-Export",3,2.405,1806.4,8,"Kg",1806
"S3","RWA","0577","Rwanda","ZAF","South Africa",2020,"Gross Imp.",1,1.65,102,8,"Kg",102
"S3","RWA","0577","Rwanda","ZAF","South Africa",2020,"Import",5,1.65,102,8,"Kg",102
"S3","RWA","0577","Rwanda","ZAF","South Africa",2021,"Gross Imp.",1,1.241,197,8,"Kg",197
"S3","RWA","0577","Rwanda","ZAF","South Africa",2021,"Import",5,1.241,197,8,"Kg",197
"S3","RWA","0577","Rwanda","ZAF","South Africa",2022,"Gross Imp.",1,1.161,79,8,"Kg",79
"S3","RWA","0577","Rwanda","ZAF","South Africa",2022,"Import",5,1.161,79,8,"Kg",79
"S3","RWA","0577","Rwanda","ZAR","Congo, Dem. Rep.",2020,"Export",6,0,0,8,"Kg",0
"S3","RWA","0577","Rwanda","ZAR","Congo, Dem. Rep.",2020,"Gross Exp.",2,3.552,4185,8,"Kg",4185
"S3","RWA","0577","Rwanda","ZAR","Congo, Dem. Rep.",2020,"Re-Export",3,3.552,4185,8,"Kg",4185
"S3","RWA","0577","Rwanda","ZAR","Congo, Dem. Rep.",2021,"Export",6,0,0,8,"Kg",0
"S3","RWA","0577","Rwanda","ZAR","Congo, Dem. Rep.",2021,"Gross Exp.",2,1.636,869.6,8,"Kg",870
"S3","RWA","0577","Rwanda","ZAR","Congo, Dem. Rep.",2021,"Re-Export",3,1.636,869.6,8,"Kg",870
"S3","RWA","0577","Rwanda","ZAR","Congo, Dem. Rep.",2022,"Export",6,5.051,5000,8,"Kg",5000
"S3","RWA","0577","Rwanda","ZAR","Congo, Dem. Rep.",2022,"Gross Exp.",2,7.456,6806.4,8,"Kg",6806
"S3","RWA","0577","Rwanda","ZAR","Congo, Dem. Rep.",2022,"Gross Imp.",1,0.07,90,8,"Kg",90
"S3","RWA","0577","Rwanda","ZAR","Congo, Dem. Rep.",2022,"Import",5,0.07,90,8,"Kg",90
"S3","RWA","0577","Rwanda","ZAR","Congo, Dem. Rep.",2022,"Re-Export",3,2.405,1806.4,8,"Kg",1806
"S3","RWA","0579","Rwanda","ALB","Albania",2022,"Gross Imp.",1,0.794,456,8,"Kg",456
"S3","RWA","0579","Rwanda","ALB","Albania",2022,"Import",5,0.794,456,8,"Kg",456
"S3","RWA","0579","Rwanda","ARE","United Arab Emirates",2020,"Export",6,1127.473,643820.3,8,"Kg",643820
"S3","RWA","0579","Rwanda","ARE","United Arab Emirates",2020,"Gross Exp.",2,1127.473,643820.3,8,"Kg",643820
"S3","RWA","0579","Rwanda","ARE","United Arab Emirates",2020,"Gross Imp.",1,7.1,14325.3,8,"Kg",14325
"S3","RWA","0579","Rwanda","ARE","United Arab Emirates",2020,"Import",5,7.1,14325.3,8,"Kg",14325
"S3","RWA","0579","Rwanda","ARE","United Arab Emirates",2021,"Export",6,2706.663,1416483.45,8,"Kg",1416483
"S3","RWA","0579","Rwanda","ARE","United Arab Emirates",2021,"Gross Exp.",2,2706.663,1416483.45,8,"Kg",1416483
"S3","RWA","0579","Rwanda","ARE","United Arab Emirates",2021,"Gross Imp.",1,11.115,15467,8,"Kg",15467
"S3","RWA","0579","Rwanda","ARE","United Arab Emirates",2021,"Import",5,11.115,15467,8,"Kg",15467
"S3","RWA","0579","Rwanda","ARE","United Arab Emirates",2022,"Export",6,4955.359,2289928.6,8,"Kg",2289929
"S3","RWA","0579","Rwanda","ARE","United Arab Emirates",2022,"Gross Exp.",2,4955.359,2289928.6,8,"Kg",2289929
"S3","RWA","0579","Rwanda","ARE","United Arab Emirates",2022,"Gross Imp.",1,16.04,19663.59,8,"Kg",19664
"S3","RWA","0579","Rwanda","ARE","United Arab Emirates",2022,"Import",5,16.04,19663.59,8,"Kg",19664
"S3","RWA","0579","Rwanda","AUT","Austria",2021,"Gross Imp.",1,0.43,42,8,"Kg",42
"S3","RWA","0579","Rwanda","AUT","Austria",2021,"Import",5,0.43,42,8,"Kg",42
"S3","RWA","0579","Rwanda","BEL","Belgium",2020,"Export",6,63.593,18694.4,8,"Kg",18694
"S3","RWA","0579","Rwanda","BEL","Belgium",2020,"Gross Exp.",2,63.593,18694.4,8,"Kg",18694
"S3","RWA","0579","Rwanda","BEL","Belgium",2020,"Gross Imp.",1,1.858,868.02,8,"Kg",868
"S3","RWA","0579","Rwanda","BEL","Belgium",2020,"Import",5,1.858,868.02,8,"Kg",868
"S3","RWA","0579","Rwanda","BEL","Belgium",2021,"Export",6,41.057,3752,8,"Kg",3752
"S3","RWA","0579","Rwanda","BEL","Belgium",2021,"Gross Exp.",2,41.057,3752,8,"Kg",3752
"S3","RWA","0579","Rwanda","BEL","Belgium",2021,"Gross Imp.",1,5.046,1293.8,8,"Kg",1294
"S3","RWA","0579","Rwanda","BEL","Belgium",2021,"Import",5,5.046,1293.8,8,"Kg",1294
"S3","RWA","0579","Rwanda","BEL","Belgium",2022,"Export",6,96.679,8629,8,"Kg",8629
"S3","RWA","0579","Rwanda","BEL","Belgium",2022,"Gross Exp.",2,96.679,8629,8,"Kg",8629
"S3","RWA","0579","Rwanda","BEL","Belgium",2022,"Gross Imp.",1,5.778,1722.4,8,"Kg",1722
"S3","RWA","0579","Rwanda","BEL","Belgium",2022,"Import",5,5.778,1722.4,8,"Kg",1722
"S3","RWA","0579","Rwanda","BEN","Benin",2021,"Export",6,0.002,5.75,8,"Kg",6
"S3","RWA","0579","Rwanda","BEN","Benin",2021,"Gross Exp.",2,0.002,5.75,8,"Kg",6
"S3","RWA","0579","Rwanda","CAF","Central African Republic",2021,"Export",6,0.001,1,8,"Kg",1
"S3","RWA","0579","Rwanda","CAF","Central African Republic",2021,"Gross Exp.",2,0.001,1,8,"Kg",1
"S3","RWA","0579","Rwanda","CHL","Chile",2021,"Gross Imp.",1,2.513,619.2,8,"Kg",619
"S3","RWA","0579","Rwanda","CHL","Chile",2021,"Import",5,2.513,619.2,8,"Kg",619
"S3","RWA","0579","Rwanda","CHN","China",2020,"Gross Imp.",1,1.788,588,8,"Kg",588
"S3","RWA","0579","Rwanda","CHN","China",2020,"Import",5,1.788,588,8,"Kg",588
"S3","RWA","0579","Rwanda","CHN","China",2021,"Gross Imp.",1,1.882,1564.13,8,"Kg",1564
"S3","RWA","0579","Rwanda","CHN","China",2021,"Import",5,1.882,1564.13,8,"Kg",1564
"S3","RWA","0579","Rwanda","CHN","China",2022,"Gross Imp.",1,5.321,6360.05,8,"Kg",6360
"S3","RWA","0579","Rwanda","CHN","China",2022,"Import",5,5.321,6360.05,8,"Kg",6360
"S3","RWA","0579","Rwanda","DEU","Germany",2020,"Export",6,1.485,373.61,8,"Kg",374
"S3","RWA","0579","Rwanda","DEU","Germany",2020,"Gross Exp.",2,1.485,373.61,8,"Kg",374
"S3","RWA","0579","Rwanda","DEU","Germany",2020,"Gross Imp.",1,0.553,56,8,"Kg",56
"S3","RWA","0579","Rwanda","DEU","Germany",2020,"Import",5,0.553,56,8,"Kg",56
"S3","RWA","0579","Rwanda","DEU","Germany",2021,"Export",6,5.996,2388,8,"Kg",2388
"S3","RWA","0579","Rwanda","DEU","Germany",2021,"Gross Exp.",2,5.996,2388,8,"Kg",2388
"S3","RWA","0579","Rwanda","DEU","Germany",2021,"Gross Imp.",1,1.796,239,8,"Kg",239
"S3","RWA","0579","Rwanda","DEU","Germany",2021,"Import",5,1.796,239,8,"Kg",239
"S3","RWA","0579","Rwanda","DEU","Germany",2022,"Export",6,0.013,4,8,"Kg",4
"S3","RWA","0579","Rwanda","DEU","Germany",2022,"Gross Exp.",2,0.013,4,8,"Kg",4
"S3","RWA","0579","Rwanda","DEU","Germany",2022,"Gross Imp.",1,0.688,36,8,"Kg",36
"S3","RWA","0579","Rwanda","DEU","Germany",2022,"Import",5,0.688,36,8,"Kg",36
"S3","RWA","0579","Rwanda","DNK","Denmark",2020,"Gross Imp.",1,0.289,74,8,"Kg",74
"S3","RWA","0579","Rwanda","DNK","Denmark",2020,"Import",5,0.289,74,8,"Kg",74
"S3","RWA","0579","Rwanda","DNK","Denmark",2021,"Gross Imp.",1,0.868,157,8,"Kg",157
"S3","RWA","0579","Rwanda","DNK","Denmark",2021,"Import",5,0.868,157,8,"Kg",157
"S3","RWA","0579","Rwanda","EGY","Egypt, Arab Rep.",2020,"Gross Imp.",1,16.087,26684,8,"Kg",26684
"S3","RWA","0579","Rwanda","EGY","Egypt, Arab Rep.",2020,"Import",5,16.087,26684,8,"Kg",26684
"S3","RWA","0579","Rwanda","EGY","Egypt, Arab Rep.",2022,"Gross Imp.",1,3.517,667,8,"Kg",667
"S3","RWA","0579","Rwanda","EGY","Egypt, Arab Rep.",2022,"Import",5,3.517,667,8,"Kg",667
"S3","RWA","0579","Rwanda","ESP","Spain",2022,"Gross Imp.",1,4.725,737,8,"Kg",737
"S3","RWA","0579","Rwanda","ESP","Spain",2022,"Import",5,4.725,737,8,"Kg",737
"S3","RWA","0579","Rwanda","FRA","France",2020,"Export",6,101.701,9378,8,"Kg",9378
"S3","RWA","0579","Rwanda","FRA","France",2020,"Gross Exp.",2,101.701,9378,8,"Kg",9378
"S3","RWA","0579","Rwanda","FRA","France",2021,"Export",6,164.275,14096,8,"Kg",14096
"S3","RWA","0579","Rwanda","FRA","France",2021,"Gross Exp.",2,164.275,14096,8,"Kg",14096
"S3","RWA","0579","Rwanda","FRA","France",2021,"Gross Imp.",1,0.413,65.6,8,"Kg",66
"S3","RWA","0579","Rwanda","FRA","France",2021,"Import",5,0.413,65.6,8,"Kg",66
"S3","RWA","0579","Rwanda","FRA","France",2022,"Export",6,19.171,2085,8,"Kg",2085
"S3","RWA","0579","Rwanda","FRA","France",2022,"Gross Exp.",2,19.171,2085,8,"Kg",2085
"S3","RWA","0579","Rwanda","FRA","France",2022,"Gross Imp.",1,4.044,686.04,8,"Kg",686
"S3","RWA","0579","Rwanda","FRA","France",2022,"Import",5,4.044,686.04,8,"Kg",686
"S3","RWA","0579","Rwanda","GAB","Gabon",2022,"Export",6,1.293,4976,8,"Kg",4976
"S3","RWA","0579","Rwanda","GAB","Gabon",2022,"Gross Exp.",2,1.293,4976,8,"Kg",4976
"S3","RWA","0579","Rwanda","GBR","United Kingdom",2020,"Export",6,275.227,80289.4,8,"Kg",80289
"S3","RWA","0579","Rwanda","GBR","United Kingdom",2020,"Gross Exp.",2,275.227,80289.4,8,"Kg",80289
"S3","RWA","0579","Rwanda","GBR","United Kingdom",2021,"Export",6,444.506,103194.5,8,"Kg",103195
"S3","RWA","0579","Rwanda","GBR","United Kingdom",2021,"Gross Exp.",2,444.506,103194.5,8,"Kg",103195
"S3","RWA","0579","Rwanda","GBR","United Kingdom",2022,"Export",6,19.309,4915.25,8,"Kg",4915
"S3","RWA","0579","Rwanda","GBR","United Kingdom",2022,"Gross Exp.",2,19.309,4915.25,8,"Kg",4915
"S3","RWA","0579","Rwanda","GRC","Greece",2022,"Gross Imp.",1,9.148,2340,8,"Kg",2340
"S3","RWA","0579","Rwanda","GRC","Greece",2022,"Import",5,9.148,2340,8,"Kg",2340
"S3","RWA","0579","Rwanda","HKG","Hong Kong, China",2020,"Gross Imp.",1,0.155,75.72,8,"Kg",76
"S3","RWA","0579","Rwanda","HKG","Hong Kong, China",2020,"Import",5,0.155,75.72,8,"Kg",76
"S3","RWA","0579","Rwanda","HKG","Hong Kong, China",2021,"Gross Imp.",1,0.521,192.13,8,"Kg",192
"S3","RWA","0579","Rwanda","HKG","Hong Kong, China",2021,"Import",5,0.521,192.13,8,"Kg",192
"S3","RWA","0579","Rwanda","HKG","Hong Kong, China",2022,"Gross Imp.",1,0.333,271.4,8,"Kg",271
"S3","RWA","0579","Rwanda","HKG","Hong Kong, China",2022,"Import",5,0.333,271.4,8,"Kg",271
"S3","RWA","0579","Rwanda","HUN","Hungary",2021,"Export",6,6.466,1672,8,"Kg",1672
"S3","RWA","0579","Rwanda","HUN","Hungary",2021,"Gross Exp.",2,6.466,1672,8,"Kg",1672
"S3","RWA","0579","Rwanda","IND","India",2020,"Gross Imp.",1,1.668,723,8,"Kg",723
"S3","RWA","0579","Rwanda","IND","India",2020,"Import",5,1.668,723,8,"Kg",723
"S3","RWA","0579","Rwanda","IND","India",2021,"Gross Imp.",1,4.391,2132.86,8,"Kg",2133
"S3","RWA","0579","Rwanda","IND","India",2021,"Import",5,4.391,2132.86,8,"Kg",2133
"S3","RWA","0579","Rwanda","IND","India",2022,"Gross Imp.",1,1.583,1235.4,8,"Kg",1235
"S3","RWA","0579","Rwanda","IND","India",2022,"Import",5,1.583,1235.4,8,"Kg",1235
"S3","RWA","0579","Rwanda","IRN","Iran, Islamic Rep.",2022,"Gross Imp.",1,0.113,100,8,"Kg",100
"S3","RWA","0579","Rwanda","IRN","Iran, Islamic Rep.",2022,"Import",5,0.113,100,8,"Kg",100
"S3","RWA","0579","Rwanda","ITA","Italy",2020,"Gross Imp.",1,0.332,200,8,"Kg",200
"S3","RWA","0579","Rwanda","ITA","Italy",2020,"Import",5,0.332,200,8,"Kg",200
"S3","RWA","0579","Rwanda","ITA","Italy",2022,"Gross Imp.",1,0.77,330.64,8,"Kg",331
"S3","RWA","0579","Rwanda","ITA","Italy",2022,"Import",5,0.77,330.64,8,"Kg",331
"S3","RWA","0579","Rwanda","KEN","Kenya",2020,"Export",6,77.371,92500,8,"Kg",92500
"S3","RWA","0579","Rwanda","KEN","Kenya",2020,"Gross Exp.",2,77.371,92500,8,"Kg",92500
"S3","RWA","0579","Rwanda","KEN","Kenya",2020,"Gross Imp.",1,747.136,1382628.2,8,"Kg",1382628
"S3","RWA","0579","Rwanda","KEN","Kenya",2020,"Import",5,747.136,1382628.2,8,"Kg",1382628
"S3","RWA","0579","Rwanda","KEN","Kenya",2021,"Gross Imp.",1,1293.288,2582300,8,"Kg",2582300
"S3","RWA","0579","Rwanda","KEN","Kenya",2021,"Import",5,1293.288,2582300,8,"Kg",2582300
"S3","RWA","0579","Rwanda","KEN","Kenya",2022,"Export",6,2.06,7000,8,"Kg",7000
"S3","RWA","0579","Rwanda","KEN","Kenya",2022,"Gross Exp.",2,2.06,7000,8,"Kg",7000
"S3","RWA","0579","Rwanda","KEN","Kenya",2022,"Gross Imp.",1,3042.487,5903305.97,8,"Kg",5903306
"S3","RWA","0579","Rwanda","KEN","Kenya",2022,"Import",5,3042.487,5903305.97,8,"Kg",5903306
"S3","RWA","0579","Rwanda","MLI","Mali",2021,"Export",6,0.184,20,8,"Kg",20
"S3","RWA","0579","Rwanda","MLI","Mali",2021,"Gross Exp.",2,0.184,20,8,"Kg",20
"S3","RWA","0579","Rwanda","MYS","Malaysia",2022,"Export",6,0.023,32,8,"Kg",32
"S3","RWA","0579","Rwanda","MYS","Malaysia",2022,"Gross Exp.",2,0.023,32,8,"Kg",32
"S3","RWA","0579","Rwanda","NGA","Nigeria",2022,"Gross Imp.",1,0.01,1,8,"Kg",1
"S3","RWA","0579","Rwanda","NGA","Nigeria",2022,"Import",5,0.01,1,8,"Kg",1
"S3","RWA","0579","Rwanda","NLD","Netherlands",2020,"Export",6,2.479,2196.9,8,"Kg",2197
"S3","RWA","0579","Rwanda","NLD","Netherlands",2020,"Gross Exp.",2,2.479,2196.9,8,"Kg",2197
"S3","RWA","0579","Rwanda","NLD","Netherlands",2020,"Gross Imp.",1,1.395,290,8,"Kg",290
"S3","RWA","0579","Rwanda","NLD","Netherlands",2020,"Import",5,1.395,290,8,"Kg",290
"S3","RWA","0579","Rwanda","NLD","Netherlands",2021,"Export",6,0.042,16,8,"Kg",16
"S3","RWA","0579","Rwanda","NLD","Netherlands",2021,"Gross Exp.",2,0.042,16,8,"Kg",16
"S3","RWA","0579","Rwanda","NLD","Netherlands",2021,"Gross Imp.",1,0.613,56.2,8,"Kg",56
"S3","RWA","0579","Rwanda","NLD","Netherlands",2021,"Import",5,0.613,56.2,8,"Kg",56
"S3","RWA","0579","Rwanda","NLD","Netherlands",2022,"Export",6,0.068,18,8,"Kg",18
"S3","RWA","0579","Rwanda","NLD","Netherlands",2022,"Gross Exp.",2,0.068,18,8,"Kg",18
"S3","RWA","0579","Rwanda","NLD","Netherlands",2022,"Gross Imp.",1,0.26,47,8,"Kg",47
"S3","RWA","0579","Rwanda","NLD","Netherlands",2022,"Import",5,0.26,47,8,"Kg",47
"S3","RWA","0579","Rwanda","QAT","Qatar",2020,"Export",6,11.459,3400,8,"Kg",3400
"S3","RWA","0579","Rwanda","QAT","Qatar",2020,"Gross Exp.",2,11.459,3400,8,"Kg",3400
"S3","RWA","0579","Rwanda","QAT","Qatar",2021,"Export",6,40.344,16354,8,"Kg",16354
"S3","RWA","0579","Rwanda","QAT","Qatar",2021,"Gross Exp.",2,40.344,16354,8,"Kg",16354
"S3","RWA","0579","Rwanda","QAT","Qatar",2022,"Export",6,4.873,2904,8,"Kg",2904
"S3","RWA","0579","Rwanda","QAT","Qatar",2022,"Gross Exp.",2,4.873,2904,8,"Kg",2904
"S3","RWA","0579","Rwanda","SAU","Saudi Arabia",2020,"Export",6,2.83,2128,8,"Kg",2128
"S3","RWA","0579","Rwanda","SAU","Saudi Arabia",2020,"Gross Exp.",2,2.83,2128,8,"Kg",2128
"S3","RWA","0579","Rwanda","SAU","Saudi Arabia",2020,"Gross Imp.",1,5.859,24000,8,"Kg",24000
"S3","RWA","0579","Rwanda","SAU","Saudi Arabia",2020,"Import",5,5.859,24000,8,"Kg",24000
"S3","RWA","0579","Rwanda","SAU","Saudi Arabia",2021,"Export",6,0.002,12.5,8,"Kg",13
"S3","RWA","0579","Rwanda","SAU","Saudi Arabia",2021,"Gross Exp.",2,0.002,12.5,8,"Kg",13
"S3","RWA","0579","Rwanda","SAU","Saudi Arabia",2022,"Export",6,5.281,2340,8,"Kg",2340
"S3","RWA","0579","Rwanda","SAU","Saudi Arabia",2022,"Gross Exp.",2,5.281,2340,8,"Kg",2340
"S3","RWA","0579","Rwanda","SAU","Saudi Arabia",2022,"Gross Imp.",1,6.737,250,8,"Kg",250
"S3","RWA","0579","Rwanda","SAU","Saudi Arabia",2022,"Import",5,6.737,250,8,"Kg",250
"S3","RWA","0579","Rwanda","SSD","South Sudan",2021,"Export",6,34.826,69000,8,"Kg",69000
"S3","RWA","0579","Rwanda","SSD","South Sudan",2021,"Gross Exp.",2,34.826,69000,8,"Kg",69000
"S3","RWA","0579","Rwanda","SWE","Sweden",2020,"Export",6,5.654,1540,8,"Kg",1540
"S3","RWA","0579","Rwanda","SWE","Sweden",2020,"Gross Exp.",2,5.654,1540,8,"Kg",1540
"S3","RWA","0579","Rwanda","SWE","Sweden",2021,"Export",6,2.879,1012,8,"Kg",1012
"S3","RWA","0579","Rwanda","SWE","Sweden",2021,"Gross Exp.",2,2.879,1012,8,"Kg",1012
"S3","RWA","0579","Rwanda","TUN","Tunisia",2022,"Gross Imp.",1,0.499,91.4,8,"Kg",91
"S3","RWA","0579","Rwanda","TUN","Tunisia",2022,"Import",5,0.499,91.4,8,"Kg",91
"S3","RWA","0579","Rwanda","TUR","Turkey",2020,"Gross Imp.",1,0.308,42,8,"Kg",42
"S3","RWA","0579","Rwanda","TUR","Turkey",2020,"Import",5,0.308,42,8,"Kg",42
"S3","RWA","0579","Rwanda","TUR","Turkey",2021,"Gross Imp.",1,0.129,18.79,8,"Kg",19
"S3","RWA","0579","Rwanda","TUR","Turkey",2021,"Import",5,0.129,18.79,8,"Kg",19
"S3","RWA","0579","Rwanda","TUR","Turkey",2022,"Gross Imp.",1,4.531,547,8,"Kg",547
"S3","RWA","0579","Rwanda","TUR","Turkey",2022,"Import",5,4.531,547,8,"Kg",547
"S3","RWA","0579","Rwanda","TZA","Tanzania",2020,"Gross Imp.",1,1764.252,2866485,8,"Kg",2866485
"S3","RWA","0579","Rwanda","TZA","Tanzania",2020,"Import",5,1764.252,2866485,8,"Kg",2866485
"S3","RWA","0579","Rwanda","TZA","Tanzania",2021,"Gross Imp.",1,2546.588,4376725,8,"Kg",4376725
"S3","RWA","0579","Rwanda","TZA","Tanzania",2021,"Import",5,2546.588,4376725,8,"Kg",4376725
"S3","RWA","0579","Rwanda","TZA","Tanzania",2022,"Gross Imp.",1,3036.021,5377555,8,"Kg",5377555
"S3","RWA","0579","Rwanda","TZA","Tanzania",2022,"Import",5,3036.021,5377555,8,"Kg",5377555
"S3","RWA","0579","Rwanda","UGA","Uganda",2021,"Export",6,0.073,500,8,"Kg",500
"S3","RWA","0579","Rwanda","UGA","Uganda",2021,"Gross Exp.",2,0.073,500,8,"Kg",500
"S3","RWA","0579","Rwanda","UGA","Uganda",2022,"Export",6,9.57,76203,8,"Kg",76203
"S3","RWA","0579","Rwanda","UGA","Uganda",2022,"Gross Exp.",2,9.57,76203,8,"Kg",76203
"S3","RWA","0579","Rwanda","UGA","Uganda",2022,"Gross Imp.",1,219.349,803298,8,"Kg",803298
"S3","RWA","0579","Rwanda","UGA","Uganda",2022,"Import",5,219.349,803298,8,"Kg",803298
"S3","RWA","0579","Rwanda","USA","United States",2020,"Gross Imp.",1,0.029,4.4,8,"Kg",4
"S3","RWA","0579","Rwanda","USA","United States",2020,"Import",5,0.029,4.4,8,"Kg",4
"S3","RWA","0579","Rwanda","USA","United States",2021,"Export",6,0.028,36,8,"Kg",36
"S3","RWA","0579","Rwanda","USA","United States",2021,"Gross Exp.",2,0.028,36,8,"Kg",36
"S3","RWA","0579","Rwanda","USA","United States",2022,"Export",6,2.375,12,8,"Kg",12
"S3","RWA","0579","Rwanda","USA","United States",2022,"Gross Exp.",2,2.375,12,8,"Kg",12
"S3","RWA","0579","Rwanda","USA","United States",2022,"Gross Imp.",1,0.019,2.8,8,"Kg",3
"S3","RWA","0579","Rwanda","USA","United States",2022,"Import",5,0.019,2.8,8,"Kg",3
"S3","RWA","0579","Rwanda","WLD"," World",2020,"Export",6,1673.262,879120.61,8,"Kg",879121
"S3","RWA","0579","Rwanda","WLD"," World",2020,"Gross Exp.",2,1674.457,880046.81,8,"Kg",880047
"S3","RWA","0579","Rwanda","WLD"," World",2020,"Gross Imp.",1,2549.809,4317267.64,8,"Kg",4317268
"S3","RWA","0579","Rwanda","WLD"," World",2020,"Import",5,2549.809,4317267.64,8,"Kg",4317268
"S3","RWA","0579","Rwanda","WLD"," World",2020,"Re-Export",3,1.195,926.2,8,"Kg",926
"S3","RWA","0579","Rwanda","WLD"," World",2021,"Export",6,3447.56,1629043.2,8,"Kg",1629043
"S3","RWA","0579","Rwanda","WLD"," World",2021,"Gross Exp.",2,3449.842,1630304.2,8,"Kg",1630304
"S3","RWA","0579","Rwanda","WLD"," World",2021,"Gross Imp.",1,3870.629,6981072.71,8,"Kg",6981073
"S3","RWA","0579","Rwanda","WLD"," World",2021,"Import",5,3870.629,6981072.71,8,"Kg",6981073
"S3","RWA","0579","Rwanda","WLD"," World",2021,"Re-Export",3,2.282,1261,8,"Kg",1261
"S3","RWA","0579","Rwanda","WLD"," World",2022,"Export",6,5116.965,2405046.85,8,"Kg",2405047
"S3","RWA","0579","Rwanda","WLD"," World",2022,"Gross Exp.",2,5119.266,2407767.57,8,"Kg",2407768
"S3","RWA","0579","Rwanda","WLD"," World",2022,"Gross Imp.",1,6392.855,12130532.69,8,"Kg",12130533
"S3","RWA","0579","Rwanda","WLD"," World",2022,"Import",5,6392.855,12130532.69,8,"Kg",12130533
"S3","RWA","0579","Rwanda","WLD"," World",2022,"Re-Export",3,2.301,2720.72,8,"Kg",2721
"S3","RWA","0579","Rwanda","ZAF","South Africa",2020,"Gross Imp.",1,1,224,8,"Kg",224
"S3","RWA","0579","Rwanda","ZAF","South Africa",2020,"Import",5,1,224,8,"Kg",224
"S3","RWA","0579","Rwanda","ZAF","South Africa",2021,"Gross Imp.",1,1.035,200,8,"Kg",200
"S3","RWA","0579","Rwanda","ZAF","South Africa",2021,"Import",5,1.035,200,8,"Kg",200
"S3","RWA","0579","Rwanda","ZAF","South Africa",2022,"Gross Imp.",1,29.758,7566,8,"Kg",7566
"S3","RWA","0579","Rwanda","ZAF","South Africa",2022,"Import",5,29.758,7566,8,"Kg",7566
"S3","RWA","0579","Rwanda","ZAR","Congo, Dem. Rep.",2020,"Export",6,3.99,24800,8,"Kg",24800
"S3","RWA","0579","Rwanda","ZAR","Congo, Dem. Rep.",2020,"Gross Exp.",2,5.185,25726.2,8,"Kg",25726
"S3","RWA","0579","Rwanda","ZAR","Congo, Dem. Rep.",2020,"Re-Export",3,1.195,926.2,8,"Kg",926
"S3","RWA","0579","Rwanda","ZAR","Congo, Dem. Rep.",2021,"Export",6,0.215,500,8,"Kg",500
"S3","RWA","0579","Rwanda","ZAR","Congo, Dem. Rep.",2021,"Gross Exp.",2,2.497,1761,8,"Kg",1761
"S3","RWA","0579","Rwanda","ZAR","Congo, Dem. Rep.",2021,"Re-Export",3,2.282,1261,8,"Kg",1261
"S3","RWA","0579","Rwanda","ZAR","Congo, Dem. Rep.",2022,"Export",6,0.893,6000,8,"Kg",6000
"S3","RWA","0579","Rwanda","ZAR","Congo, Dem. Rep.",2022,"Gross Exp.",2,3.194,8720.72,8,"Kg",8721
"S3","RWA","0579","Rwanda","ZAR","Congo, Dem. Rep.",2022,"Gross Imp.",1,0.331,3263,8,"Kg",3263
"S3","RWA","0579","Rwanda","ZAR","Congo, Dem. Rep.",2022,"Import",5,0.331,3263,8,"Kg",3263
"S3","RWA","0579","Rwanda","ZAR","Congo, Dem. Rep.",2022,"Re-Export",3,2.301,2720.72,8,"Kg",2721
"S3","RWA","0581","Rwanda","ALB","Albania",2022,"Gross Imp.",1,5.582,2776,8,"Kg",2776
"S3","RWA","0581","Rwanda","ALB","Albania",2022,"Import",5,5.582,2776,8,"Kg",2776
"S3","RWA","0581","Rwanda","ARE","United Arab Emirates",2020,"Gross Imp.",1,2.992,3312,8,"Kg",3312
"S3","RWA","0581","Rwanda","ARE","United Arab Emirates",2020,"Import",5,2.992,3312,8,"Kg",3312
"S3","RWA","0581","Rwanda","ARE","United Arab Emirates",2021,"Gross Imp.",1,22.333,19322,8,"Kg",19322
"S3","RWA","0581","Rwanda","ARE","United Arab Emirates",2021,"Import",5,22.333,19322,8,"Kg",19322
"S3","RWA","0581","Rwanda","ARE","United Arab Emirates",2022,"Gross Imp.",1,24.46,40866.9,8,"Kg",40867
"S3","RWA","0581","Rwanda","ARE","United Arab Emirates",2022,"Import",5,24.46,40866.9,8,"Kg",40867
"S3","RWA","0581","Rwanda","BEL","Belgium",2020,"Gross Imp.",1,56.862,31374.76,8,"Kg",31375
"S3","RWA","0581","Rwanda","BEL","Belgium",2020,"Import",5,56.862,31374.76,8,"Kg",31375
"S3","RWA","0581","Rwanda","BEL","Belgium",2021,"Gross Imp.",1,37.88,19305.95,8,"Kg",19306
"S3","RWA","0581","Rwanda","BEL","Belgium",2021,"Import",5,37.88,19305.95,8,"Kg",19306
"S3","RWA","0581","Rwanda","BEL","Belgium",2022,"Gross Imp.",1,64.348,36701.09,8,"Kg",36701
"S3","RWA","0581","Rwanda","BEL","Belgium",2022,"Import",5,64.348,36701.09,8,"Kg",36701
"S3","RWA","0581","Rwanda","CHN","China",2020,"Gross Imp.",1,0.226,162.52,8,"Kg",163
"S3","RWA","0581","Rwanda","CHN","China",2020,"Import",5,0.226,162.52,8,"Kg",163
"S3","RWA","0581","Rwanda","CHN","China",2021,"Gross Imp.",1,0.522,178,8,"Kg",178
"S3","RWA","0581","Rwanda","CHN","China",2021,"Import",5,0.522,178,8,"Kg",178
"S3","RWA","0581","Rwanda","CHN","China",2022,"Gross Imp.",1,0.403,555.44,8,"Kg",555
"S3","RWA","0581","Rwanda","CHN","China",2022,"Import",5,0.403,555.44,8,"Kg",555
"S3","RWA","0581","Rwanda","DEU","Germany",2020,"Gross Imp.",1,2.262,1168,8,"Kg",1168
"S3","RWA","0581","Rwanda","DEU","Germany",2020,"Import",5,2.262,1168,8,"Kg",1168
"S3","RWA","0581","Rwanda","DEU","Germany",2021,"Gross Imp.",1,0.396,44,8,"Kg",44
"S3","RWA","0581","Rwanda","DEU","Germany",2021,"Import",5,0.396,44,8,"Kg",44
"S3","RWA","0581","Rwanda","DEU","Germany",2022,"Gross Imp.",1,2.021,224,8,"Kg",224
"S3","RWA","0581","Rwanda","DEU","Germany",2022,"Import",5,2.021,224,8,"Kg",224
"S3","RWA","0581","Rwanda","DNK","Denmark",2020,"Gross Imp.",1,2.319,1151,8,"Kg",1151
"S3","RWA","0581","Rwanda","DNK","Denmark",2020,"Import",5,2.319,1151,8,"Kg",1151
"S3","RWA","0581","Rwanda","DNK","Denmark",2021,"Gross Imp.",1,7.652,2946,8,"Kg",2946
"S3","RWA","0581","Rwanda","DNK","Denmark",2021,"Import",5,7.652,2946,8,"Kg",2946
"S3","RWA","0581","Rwanda","DNK","Denmark",2022,"Gross Imp.",1,0.9,393.16,8,"Kg",393
"S3","RWA","0581","Rwanda","DNK","Denmark",2022,"Import",5,0.9,393.16,8,"Kg",393
"S3","RWA","0581","Rwanda","EGY","Egypt, Arab Rep.",2021,"Gross Imp.",1,0.531,500,8,"Kg",500
"S3","RWA","0581","Rwanda","EGY","Egypt, Arab Rep.",2021,"Import",5,0.531,500,8,"Kg",500
"S3","RWA","0581","Rwanda","EGY","Egypt, Arab Rep.",2022,"Gross Imp.",1,0.561,225,8,"Kg",225
"S3","RWA","0581","Rwanda","EGY","Egypt, Arab Rep.",2022,"Import",5,0.561,225,8,"Kg",225
"S3","RWA","0581","Rwanda","ESP","Spain",2020,"Gross Imp.",1,0.676,409.5,8,"Kg",410
"S3","RWA","0581","Rwanda","ESP","Spain",2020,"Import",5,0.676,409.5,8,"Kg",410
"S3","RWA","0581","Rwanda","FRA","France",2021,"Gross Imp.",1,0.994,378.42,8,"Kg",378
"S3","RWA","0581","Rwanda","FRA","France",2021,"Import",5,0.994,378.42,8,"Kg",378
"S3","RWA","0581","Rwanda","FRA","France",2022,"Gross Imp.",1,11.063,5592.49,8,"Kg",5592
"S3","RWA","0581","Rwanda","FRA","France",2022,"Import",5,11.063,5592.49,8,"Kg",5592
"S3","RWA","0581","Rwanda","GBR","United Kingdom",2020,"Gross Imp.",1,1.395,1029,8,"Kg",1029
"S3","RWA","0581","Rwanda","GBR","United Kingdom",2020,"Import",5,1.395,1029,8,"Kg",1029
"S3","RWA","0581","Rwanda","GBR","United Kingdom",2021,"Export",6,0.069,20,8,"Kg",20
"S3","RWA","0581","Rwanda","GBR","United Kingdom",2021,"Gross Exp.",2,0.069,20,8,"Kg",20
"S3","RWA","0581","Rwanda","GBR","United Kingdom",2022,"Gross Imp.",1,0.548,221.4,8,"Kg",221
"S3","RWA","0581","Rwanda","GBR","United Kingdom",2022,"Import",5,0.548,221.4,8,"Kg",221
"S3","RWA","0581","Rwanda","HKG","Hong Kong, China",2022,"Gross Imp.",1,0.009,18.22,8,"Kg",18
"S3","RWA","0581","Rwanda","HKG","Hong Kong, China",2022,"Import",5,0.009,18.22,8,"Kg",18
"S3","RWA","0581","Rwanda","IND","India",2020,"Gross Imp.",1,0.518,557.4,8,"Kg",557
"S3","RWA","0581","Rwanda","IND","India",2020,"Import",5,0.518,557.4,8,"Kg",557
"S3","RWA","0581","Rwanda","IND","India",2021,"Gross Imp.",1,0.372,100,8,"Kg",100
"S3","RWA","0581","Rwanda","IND","India",2021,"Import",5,0.372,100,8,"Kg",100
"S3","RWA","0581","Rwanda","IND","India",2022,"Gross Imp.",1,0.124,111,8,"Kg",111
"S3","RWA","0581","Rwanda","IND","India",2022,"Import",5,0.124,111,8,"Kg",111
"S3","RWA","0581","Rwanda","ITA","Italy",2022,"Gross Imp.",1,1.015,25,8,"Kg",25
"S3","RWA","0581","Rwanda","ITA","Italy",2022,"Import",5,1.015,25,8,"Kg",25
"S3","RWA","0581","Rwanda","KEN","Kenya",2020,"Gross Imp.",1,33.32,19163.5,8,"Kg",19164
"S3","RWA","0581","Rwanda","KEN","Kenya",2020,"Import",5,33.32,19163.5,8,"Kg",19164
"S3","RWA","0581","Rwanda","KEN","Kenya",2021,"Gross Imp.",1,49.027,25648.58,8,"Kg",25649
"S3","RWA","0581","Rwanda","KEN","Kenya",2021,"Import",5,49.027,25648.58,8,"Kg",25649
"S3","RWA","0581","Rwanda","KEN","Kenya",2022,"Gross Imp.",1,67.815,33373.95,8,"Kg",33374
"S3","RWA","0581","Rwanda","KEN","Kenya",2022,"Import",5,67.815,33373.95,8,"Kg",33374
"S3","RWA","0581","Rwanda","KOR","Korea, Rep.",2021,"Export",6,1.614,396,8,"Kg",396
"S3","RWA","0581","Rwanda","KOR","Korea, Rep.",2021,"Gross Exp.",2,1.614,396,8,"Kg",396
"S3","RWA","0581","Rwanda","KOR","Korea, Rep.",2022,"Gross Imp.",1,0.362,90,8,"Kg",90
"S3","RWA","0581","Rwanda","KOR","Korea, Rep.",2022,"Import",5,0.362,90,8,"Kg",90
"S3","RWA","0581","Rwanda","MKD","North Macedonia",2022,"Gross Imp.",1,1.482,426,8,"Kg",426
"S3","RWA","0581","Rwanda","MKD","North Macedonia",2022,"Import",5,1.482,426,8,"Kg",426
"S3","RWA","0581","Rwanda","NLD","Netherlands",2020,"Gross Imp.",1,0.23,65,8,"Kg",65
"S3","RWA","0581","Rwanda","NLD","Netherlands",2020,"Import",5,0.23,65,8,"Kg",65
"S3","RWA","0581","Rwanda","NLD","Netherlands",2021,"Gross Imp.",1,2.588,1485.68,8,"Kg",1486
"S3","RWA","0581","Rwanda","NLD","Netherlands",2021,"Import",5,2.588,1485.68,8,"Kg",1486
"S3","RWA","0581","Rwanda","NLD","Netherlands",2022,"Gross Imp.",1,1.38,491.01,8,"Kg",491
"S3","RWA","0581","Rwanda","NLD","Netherlands",2022,"Import",5,1.38,491.01,8,"Kg",491
"S3","RWA","0581","Rwanda","PAK","Pakistan",2021,"Gross Imp.",1,0.062,30,8,"Kg",30
"S3","RWA","0581","Rwanda","PAK","Pakistan",2021,"Import",5,0.062,30,8,"Kg",30
"S3","RWA","0581","Rwanda","TUR","Turkey",2020,"Gross Imp.",1,18.025,11296.14,8,"Kg",11296
"S3","RWA","0581","Rwanda","TUR","Turkey",2020,"Import",5,18.025,11296.14,8,"Kg",11296
"S3","RWA","0581","Rwanda","TUR","Turkey",2021,"Gross Imp.",1,28.416,20506,8,"Kg",20506
"S3","RWA","0581","Rwanda","TUR","Turkey",2021,"Import",5,28.416,20506,8,"Kg",20506
"S3","RWA","0581","Rwanda","TUR","Turkey",2022,"Gross Imp.",1,16.485,10522,8,"Kg",10522
"S3","RWA","0581","Rwanda","TUR","Turkey",2022,"Import",5,16.485,10522,8,"Kg",10522
"S3","RWA","0581","Rwanda","WLD"," World",2020,"Export",6,0,0,8,"Kg",0
"S3","RWA","0581","Rwanda","WLD"," World",2020,"Gross Exp.",2,0.202,300,8,"Kg",300
"S3","RWA","0581","Rwanda","WLD"," World",2020,"Gross Imp.",1,123.955,71270.82,8,"Kg",71271
"S3","RWA","0581","Rwanda","WLD"," World",2020,"Import",5,123.955,71270.82,8,"Kg",71271
"S3","RWA","0581","Rwanda","WLD"," World",2020,"Re-Export",3,0.202,300,8,"Kg",300
"S3","RWA","0581","Rwanda","WLD"," World",2021,"Export",6,1.683,416,8,"Kg",416
"S3","RWA","0581","Rwanda","WLD"," World",2021,"Gross Exp.",2,2.872,1687.8,8,"Kg",1688
"S3","RWA","0581","Rwanda","WLD"," World",2021,"Gross Imp.",1,154.404,90865.63,8,"Kg",90866
"S3","RWA","0581","Rwanda","WLD"," World",2021,"Import",5,154.404,90865.63,8,"Kg",90866
"S3","RWA","0581","Rwanda","WLD"," World",2021,"Re-Export",3,1.189,1271.8,8,"Kg",1272
"S3","RWA","0581","Rwanda","WLD"," World",2022,"Export",6,0,0,8,"Kg",0
"S3","RWA","0581","Rwanda","WLD"," World",2022,"Gross Exp.",2,6.27,28767.12,8,"Kg",28767
"S3","RWA","0581","Rwanda","WLD"," World",2022,"Gross Imp.",1,210.106,133843.66,8,"Kg",133844
"S3","RWA","0581","Rwanda","WLD"," World",2022,"Import",5,210.106,133843.66,8,"Kg",133844
"S3","RWA","0581","Rwanda","WLD"," World",2022,"Re-Export",3,6.27,28767.12,8,"Kg",28767
"S3","RWA","0581","Rwanda","ZAF","South Africa",2020,"Gross Imp.",1,5.13,1582,8,"Kg",1582
"S3","RWA","0581","Rwanda","ZAF","South Africa",2020,"Import",5,5.13,1582,8,"Kg",1582
"S3","RWA","0581","Rwanda","ZAF","South Africa",2021,"Gross Imp.",1,3.5,381,8,"Kg",381
"S3","RWA","0581","Rwanda","ZAF","South Africa",2021,"Import",5,3.5,381,8,"Kg",381
"S3","RWA","0581","Rwanda","ZAF","South Africa",2022,"Gross Imp.",1,11.548,1231,8,"Kg",1231
"S3","RWA","0581","Rwanda","ZAF","South Africa",2022,"Import",5,11.548,1231,8,"Kg",1231
"S3","RWA","0581","Rwanda","ZAR","Congo, Dem. Rep.",2020,"Export",6,0,0,8,"Kg",0
"S3","RWA","0581","Rwanda","ZAR","Congo, Dem. Rep.",2020,"Gross Exp.",2,0.202,300,8,"Kg",300
"S3","RWA","0581","Rwanda","ZAR","Congo, Dem. Rep.",2020,"Re-Export",3,0.202,300,8,"Kg",300
"S3","RWA","0581","Rwanda","ZAR","Congo, Dem. Rep.",2021,"Export",6,0,0,8,"Kg",0
"S3","RWA","0581","Rwanda","ZAR","Congo, Dem. Rep.",2021,"Gross Exp.",2,1.189,1271.8,8,"Kg",1272
"S3","RWA","0581","Rwanda","ZAR","Congo, Dem. Rep.",2021,"Gross Imp.",1,0.131,40,8,"Kg",40
"S3","RWA","0581","Rwanda","ZAR","Congo, Dem. Rep.",2021,"Import",5,0.131,40,8,"Kg",40
"S3","RWA","0581","Rwanda","ZAR","Congo, Dem. Rep.",2021,"Re-Export",3,1.189,1271.8,8,"Kg",1272
"S3","RWA","0581","Rwanda","ZAR","Congo, Dem. Rep.",2022,"Export",6,0,0,8,"Kg",0
"S3","RWA","0581","Rwanda","ZAR","Congo, Dem. Rep.",2022,"Gross Exp.",2,5.873,28474.12,8,"Kg",28474
"S3","RWA","0581","Rwanda","ZAR","Congo, Dem. Rep.",2022,"Re-Export",3,5.873,28474.12,8,"Kg",28474
"S3","RWA","0581","Rwanda","ZMB","Zambia",2022,"Export",6,0,0,8,"Kg",0
"S3","RWA","0581","Rwanda","ZMB","Zambia",2022,"Gross Exp.",2,0.397,293,8,"Kg",293
"S3","RWA","0581","Rwanda","ZMB","Zambia",2022,"Re-Export",3,0.397,293,8,"Kg",293
"S3","RWA","0582","Rwanda","ARE","United Arab Emirates",2021,"Gross Imp.",1,0.48,113,8,"Kg",113
"S3","RWA","0582","Rwanda","ARE","United Arab Emirates",2021,"Import",5,0.48,113,8,"Kg",113
"S3","RWA","0582","Rwanda","CHN","China",2021,"Gross Imp.",1,0.003,3,8,"Kg",3
"S3","RWA","0582","Rwanda","CHN","China",2021,"Import",5,0.003,3,8,"Kg",3
"S3","RWA","0582","Rwanda","CHN","China",2022,"Gross Imp.",1,0.033,16,8,"Kg",16
"S3","RWA","0582","Rwanda","CHN","China",2022,"Import",5,0.033,16,8,"Kg",16
"S3","RWA","0582","Rwanda","DEU","Germany",2022,"Gross Imp.",1,0.482,29,8,"Kg",29
"S3","RWA","0582","Rwanda","DEU","Germany",2022,"Import",5,0.482,29,8,"Kg",29
"S3","RWA","0582","Rwanda","KEN","Kenya",2020,"Gross Imp.",1,0.037,10,8,"Kg",10
"S3","RWA","0582","Rwanda","KEN","Kenya",2020,"Import",5,0.037,10,8,"Kg",10
"S3","RWA","0582","Rwanda","USA","United States",2021,"Gross Imp.",1,0.055,12,8,"Kg",12
"S3","RWA","0582","Rwanda","USA","United States",2021,"Import",5,0.055,12,8,"Kg",12
"S3","RWA","0582","Rwanda","WLD"," World",2020,"Export",6,0,0,8,"Kg",0
"S3","RWA","0582","Rwanda","WLD"," World",2020,"Gross Exp.",2,0.097,10,8,"Kg",10
"S3","RWA","0582","Rwanda","WLD"," World",2020,"Gross Imp.",1,0.625,410,8,"Kg",410
"S3","RWA","0582","Rwanda","WLD"," World",2020,"Import",5,0.625,410,8,"Kg",410
"S3","RWA","0582","Rwanda","WLD"," World",2020,"Re-Export",3,0.097,10,8,"Kg",10
"S3","RWA","0582","Rwanda","WLD"," World",2021,"Gross Imp.",1,0.538,128,8,"Kg",128
"S3","RWA","0582","Rwanda","WLD"," World",2021,"Import",5,0.538,128,8,"Kg",128
"S3","RWA","0582","Rwanda","WLD"," World",2022,"Gross Imp.",1,0.544,55,8,"Kg",55
"S3","RWA","0582","Rwanda","WLD"," World",2022,"Import",5,0.544,55,8,"Kg",55
"S3","RWA","0582","Rwanda","ZAF","South Africa",2020,"Gross Imp.",1,0.588,400,8,"Kg",400
"S3","RWA","0582","Rwanda","ZAF","South Africa",2020,"Import",5,0.588,400,8,"Kg",400
"S3","RWA","0582","Rwanda","ZAF","South Africa",2022,"Gross Imp.",1,0.03,10,8,"Kg",10
"S3","RWA","0582","Rwanda","ZAF","South Africa",2022,"Import",5,0.03,10,8,"Kg",10
"S3","RWA","0582","Rwanda","ZAR","Congo, Dem. Rep.",2020,"Export",6,0,0,8,"Kg",0
"S3","RWA","0582","Rwanda","ZAR","Congo, Dem. Rep.",2020,"Gross Exp.",2,0.097,10,8,"Kg",10
"S3","RWA","0582","Rwanda","ZAR","Congo, Dem. Rep.",2020,"Re-Export",3,0.097,10,8,"Kg",10
"S3","RWA","061","Rwanda","ALB","Albania",2022,"Gross Imp.",1,0.008,20,8,"Kg",20
"S3","RWA","061","Rwanda","ALB","Albania",2022,"Import",5,0.008,20,8,"Kg",20
"S3","RWA","061","Rwanda","AND","Andorra",2020,"Gross Imp.",1,0.007,50,8,"Kg",50
"S3","RWA","061","Rwanda","AND","Andorra",2020,"Import",5,0.007,50,8,"Kg",50
"S3","RWA","061","Rwanda","ARE","United Arab Emirates",2020,"Export",6,3.814,504,8,"Kg",504
"S3","RWA","061","Rwanda","ARE","United Arab Emirates",2020,"Gross Exp.",2,3.814,504,8,"Kg",504
"S3","RWA","061","Rwanda","ARE","United Arab Emirates",2020,"Gross Imp.",1,58.748,101582.5,8,"Kg",101583
"S3","RWA","061","Rwanda","ARE","United Arab Emirates",2020,"Import",5,58.748,101582.5,8,"Kg",101583
"S3","RWA","061","Rwanda","ARE","United Arab Emirates",2021,"Export",6,12.244,1320,8,"Kg",1320
"S3","RWA","061","Rwanda","ARE","United Arab Emirates",2021,"Gross Exp.",2,12.244,1320,8,"Kg",1320
"S3","RWA","061","Rwanda","ARE","United Arab Emirates",2021,"Gross Imp.",1,79.514,136915.3,8,"Kg",136915
"S3","RWA","061","Rwanda","ARE","United Arab Emirates",2021,"Import",5,79.514,136915.3,8,"Kg",136915
"S3","RWA","061","Rwanda","ARE","United Arab Emirates",2022,"Export",6,879.977,113425,8,"Kg",113425
"S3","RWA","061","Rwanda","ARE","United Arab Emirates",2022,"Gross Exp.",2,879.977,113425,8,"Kg",113425
"S3","RWA","061","Rwanda","ARE","United Arab Emirates",2022,"Gross Imp.",1,160.187,299076.96,8,"Kg",299077
"S3","RWA","061","Rwanda","ARE","United Arab Emirates",2022,"Import",5,160.187,299076.96,8,"Kg",299077
"S3","RWA","061","Rwanda","ARG","Argentina",2022,"Gross Imp.",1,0.492,180,8,"Kg",180
"S3","RWA","061","Rwanda","ARG","Argentina",2022,"Import",5,0.492,180,8,"Kg",180
"S3","RWA","061","Rwanda","ASM","American Samoa",2022,"Gross Imp.",1,7.749,2083,8,"Kg",2083
"S3","RWA","061","Rwanda","ASM","American Samoa",2022,"Import",5,7.749,2083,8,"Kg",2083
"S3","RWA","061","Rwanda","AUT","Austria",2021,"Gross Imp.",1,0.432,25,8,"Kg",25
"S3","RWA","061","Rwanda","AUT","Austria",2021,"Import",5,0.432,25,8,"Kg",25
"S3","RWA","061","Rwanda","BDI","Burundi",2022,"Gross Imp.",1,0.337,208,8,"Kg",208
"S3","RWA","061","Rwanda","BDI","Burundi",2022,"Import",5,0.337,208,8,"Kg",208
"S3","RWA","061","Rwanda","BEL","Belgium",2020,"Export",6,0.135,140,8,"Kg",140
"S3","RWA","061","Rwanda","BEL","Belgium",2020,"Gross Exp.",2,0.135,140,8,"Kg",140
"S3","RWA","061","Rwanda","BEL","Belgium",2020,"Gross Imp.",1,458.157,562319.6,8,"Kg",562320
"S3","RWA","061","Rwanda","BEL","Belgium",2020,"Import",5,458.157,562319.6,8,"Kg",562320
"S3","RWA","061","Rwanda","BEL","Belgium",2021,"Export",6,0.153,86,8,"Kg",86
"S3","RWA","061","Rwanda","BEL","Belgium",2021,"Gross Exp.",2,0.153,86,8,"Kg",86
"S3","RWA","061","Rwanda","BEL","Belgium",2021,"Gross Imp.",1,69.689,30622.2,8,"Kg",30622
"S3","RWA","061","Rwanda","BEL","Belgium",2021,"Import",5,69.689,30622.2,8,"Kg",30622
"S3","RWA","061","Rwanda","BEL","Belgium",2022,"Gross Imp.",1,80.323,39648.77,8,"Kg",39649
"S3","RWA","061","Rwanda","BEL","Belgium",2022,"Import",5,80.323,39648.77,8,"Kg",39649
"S3","RWA","061","Rwanda","BGR","Bulgaria",2020,"Gross Imp.",1,64.609,127000,8,"Kg",127000
"S3","RWA","061","Rwanda","BGR","Bulgaria",2020,"Import",5,64.609,127000,8,"Kg",127000
"S3","RWA","061","Rwanda","BLZ","Belize",2022,"Gross Imp.",1,224.727,442500,8,"Kg",442500
"S3","RWA","061","Rwanda","BLZ","Belize",2022,"Import",5,224.727,442500,8,"Kg",442500
"S3","RWA","061","Rwanda","BRA","Brazil",2020,"Gross Imp.",1,8331.29,20004403,8,"Kg",20004403
"S3","RWA","061","Rwanda","BRA","Brazil",2020,"Import",5,8331.29,20004403,8,"Kg",20004403
"S3","RWA","061","Rwanda","BRA","Brazil",2021,"Gross Imp.",1,4532.681,9524690,8,"Kg",9524690
"S3","RWA","061","Rwanda","BRA","Brazil",2021,"Import",5,4532.681,9524690,8,"Kg",9524690
"S3","RWA","061","Rwanda","BRA","Brazil",2022,"Gross Imp.",1,3518.671,4956592,8,"Kg",4956592
"S3","RWA","061","Rwanda","BRA","Brazil",2022,"Import",5,3518.671,4956592,8,"Kg",4956592
"S3","RWA","061","Rwanda","CAN","Canada",2020,"Export",6,0,0,8,"Kg",0
"S3","RWA","061","Rwanda","CAN","Canada",2020,"Gross Exp.",2,9.057,15037.8,8,"Kg",15038
"S3","RWA","061","Rwanda","CAN","Canada",2020,"Gross Imp.",1,0.031,20,8,"Kg",20
"S3","RWA","061","Rwanda","CAN","Canada",2020,"Import",5,0.031,20,8,"Kg",20
"S3","RWA","061","Rwanda","CAN","Canada",2020,"Re-Export",3,9.057,15037.8,8,"Kg",15038
"S3","RWA","061","Rwanda","CAN","Canada",2021,"Gross Imp.",1,0.006,30,8,"Kg",30
"S3","RWA","061","Rwanda","CAN","Canada",2021,"Import",5,0.006,30,8,"Kg",30
"S3","RWA","061","Rwanda","CAN","Canada",2022,"Gross Imp.",1,0.224,256.6,8,"Kg",257
"S3","RWA","061","Rwanda","CAN","Canada",2022,"Import",5,0.224,256.6,8,"Kg",257
"S3","RWA","061","Rwanda","CHE","Switzerland",2022,"Gross Imp.",1,126.678,156499,8,"Kg",156499
"S3","RWA","061","Rwanda","CHE","Switzerland",2022,"Import",5,126.678,156499,8,"Kg",156499
"S3","RWA","061","Rwanda","CHN","China",2020,"Gross Imp.",1,12.625,28024.59,8,"Kg",28025
"S3","RWA","061","Rwanda","CHN","China",2020,"Import",5,12.625,28024.59,8,"Kg",28025
"S3","RWA","061","Rwanda","CHN","China",2021,"Gross Imp.",1,28.937,75078.54,8,"Kg",75079
"S3","RWA","061","Rwanda","CHN","China",2021,"Import",5,28.937,75078.54,8,"Kg",75079
"S3","RWA","061","Rwanda","CHN","China",2022,"Gross Imp.",1,161.503,256719.73,8,"Kg",256720
"S3","RWA","061","Rwanda","CHN","China",2022,"Import",5,161.503,256719.73,8,"Kg",256720
"S3","RWA","061","Rwanda","COG","Congo, Rep.",2020,"Export",6,0.109,140,8,"Kg",140
"S3","RWA","061","Rwanda","COG","Congo, Rep.",2020,"Gross Exp.",2,0.109,140,8,"Kg",140
"S3","RWA","061","Rwanda","DEU","Germany",2020,"Gross Imp.",1,123.055,200292,8,"Kg",200292
"S3","RWA","061","Rwanda","DEU","Germany",2020,"Import",5,123.055,200292,8,"Kg",200292
"S3","RWA","061","Rwanda","DEU","Germany",2021,"Gross Imp.",1,23.111,10115.8,8,"Kg",10116
"S3","RWA","061","Rwanda","DEU","Germany",2021,"Import",5,23.111,10115.8,8,"Kg",10116
"S3","RWA","061","Rwanda","DEU","Germany",2022,"Gross Imp.",1,39.271,26419.3,8,"Kg",26419
"S3","RWA","061","Rwanda","DEU","Germany",2022,"Import",5,39.271,26419.3,8,"Kg",26419
"S3","RWA","061","Rwanda","DNK","Denmark",2020,"Gross Imp.",1,1.813,960,8,"Kg",960
"S3","RWA","061","Rwanda","DNK","Denmark",2020,"Import",5,1.813,960,8,"Kg",960
"S3","RWA","061","Rwanda","DNK","Denmark",2021,"Gross Imp.",1,0.964,308,8,"Kg",308
"S3","RWA","061","Rwanda","DNK","Denmark",2021,"Import",5,0.964,308,8,"Kg",308
"S3","RWA","061","Rwanda","DNK","Denmark",2022,"Gross Imp.",1,0.091,48.16,8,"Kg",48
"S3","RWA","061","Rwanda","DNK","Denmark",2022,"Import",5,0.091,48.16,8,"Kg",48
"S3","RWA","061","Rwanda","EGY","Egypt, Arab Rep.",2020,"Gross Imp.",1,354.024,652210,8,"Kg",652210
"S3","RWA","061","Rwanda","EGY","Egypt, Arab Rep.",2020,"Import",5,354.024,652210,8,"Kg",652210
"S3","RWA","061","Rwanda","EGY","Egypt, Arab Rep.",2021,"Gross Imp.",1,3477.285,5403805,8,"Kg",5403805
"S3","RWA","061","Rwanda","EGY","Egypt, Arab Rep.",2021,"Import",5,3477.285,5403805,8,"Kg",5403805
"S3","RWA","061","Rwanda","EGY","Egypt, Arab Rep.",2022,"Gross Imp.",1,10731.743,14898724,8,"Kg",14898724
"S3","RWA","061","Rwanda","EGY","Egypt, Arab Rep.",2022,"Import",5,10731.743,14898724,8,"Kg",14898724
"S3","RWA","061","Rwanda","ESP","Spain",2021,"Gross Imp.",1,0.356,7,8,"Kg",7
"S3","RWA","061","Rwanda","ESP","Spain",2021,"Import",5,0.356,7,8,"Kg",7
"S3","RWA","061","Rwanda","ESP","Spain",2022,"Gross Imp.",1,0.028,1,8,"Kg",1
"S3","RWA","061","Rwanda","ESP","Spain",2022,"Import",5,0.028,1,8,"Kg",1
"S3","RWA","061","Rwanda","FRA","France",2020,"Gross Imp.",1,47.892,61166,8,"Kg",61166
"S3","RWA","061","Rwanda","FRA","France",2020,"Import",5,47.892,61166,8,"Kg",61166
"S3","RWA","061","Rwanda","FRA","France",2021,"Export",6,0.007,0.2,8,"Kg",0
"S3","RWA","061","Rwanda","FRA","France",2021,"Gross Exp.",2,0.007,0.2,8,"Kg",0
"S3","RWA","061","Rwanda","FRA","France",2021,"Gross Imp.",1,26.137,25961.38,8,"Kg",25961
"S3","RWA","061","Rwanda","FRA","France",2021,"Import",5,26.137,25961.38,8,"Kg",25961
"S3","RWA","061","Rwanda","FRA","France",2022,"Gross Imp.",1,69.874,64253.8,8,"Kg",64254
"S3","RWA","061","Rwanda","FRA","France",2022,"Import",5,69.874,64253.8,8,"Kg",64254
"S3","RWA","061","Rwanda","GBR","United Kingdom",2020,"Export",6,0.904,210,8,"Kg",210
"S3","RWA","061","Rwanda","GBR","United Kingdom",2020,"Gross Exp.",2,0.904,210,8,"Kg",210
"S3","RWA","061","Rwanda","GBR","United Kingdom",2020,"Gross Imp.",1,61.458,150472,8,"Kg",150472
"S3","RWA","061","Rwanda","GBR","United Kingdom",2020,"Import",5,61.458,150472,8,"Kg",150472
"S3","RWA","061","Rwanda","GBR","United Kingdom",2021,"Export",6,0.081,10,8,"Kg",10
"S3","RWA","061","Rwanda","GBR","United Kingdom",2021,"Gross Exp.",2,0.081,10,8,"Kg",10
"S3","RWA","061","Rwanda","GBR","United Kingdom",2021,"Gross Imp.",1,66.054,150628.2,8,"Kg",150628
"S3","RWA","061","Rwanda","GBR","United Kingdom",2021,"Import",5,66.054,150628.2,8,"Kg",150628
"S3","RWA","061","Rwanda","GBR","United Kingdom",2022,"Gross Imp.",1,0.371,17.38,8,"Kg",17
"S3","RWA","061","Rwanda","GBR","United Kingdom",2022,"Import",5,0.371,17.38,8,"Kg",17
"S3","RWA","061","Rwanda","GRC","Greece",2022,"Gross Imp.",1,0.006,1,8,"Kg",1
"S3","RWA","061","Rwanda","GRC","Greece",2022,"Import",5,0.006,1,8,"Kg",1
"S3","RWA","061","Rwanda","GTM","Guatemala",2020,"Gross Imp.",1,1117.59,2301300,8,"Kg",2301300
"S3","RWA","061","Rwanda","GTM","Guatemala",2020,"Import",5,1117.59,2301300,8,"Kg",2301300
"S3","RWA","061","Rwanda","HKG","Hong Kong, China",2020,"Gross Imp.",1,15.41,26122.89,8,"Kg",26123
"S3","RWA","061","Rwanda","HKG","Hong Kong, China",2020,"Import",5,15.41,26122.89,8,"Kg",26123
"S3","RWA","061","Rwanda","HKG","Hong Kong, China",2021,"Gross Imp.",1,0.167,60.31,8,"Kg",60
"S3","RWA","061","Rwanda","HKG","Hong Kong, China",2021,"Import",5,0.167,60.31,8,"Kg",60
"S3","RWA","061","Rwanda","HKG","Hong Kong, China",2022,"Gross Imp.",1,0.137,238,8,"Kg",238
"S3","RWA","061","Rwanda","HKG","Hong Kong, China",2022,"Import",5,0.137,238,8,"Kg",238
"S3","RWA","061","Rwanda","IDN","Indonesia",2022,"Gross Imp.",1,19.244,26577,8,"Kg",26577
"S3","RWA","061","Rwanda","IDN","Indonesia",2022,"Import",5,19.244,26577,8,"Kg",26577
"S3","RWA","061","Rwanda","IND","India",2020,"Gross Imp.",1,17947.625,40834187.73,8,"Kg",40834188
"S3","RWA","061","Rwanda","IND","India",2020,"Import",5,17947.625,40834187.73,8,"Kg",40834188
"S3","RWA","0542","Rwanda","ZAR","Congo, Dem. Rep.",2020,"Re-Export",3,1.003,2989,8,"Kg",2989
"S3","RWA","0542","Rwanda","ZAR","Congo, Dem. Rep.",2021,"Export",6,834.986,3026142,8,"Kg",3026142
"S3","RWA","0542","Rwanda","ZAR","Congo, Dem. Rep.",2021,"Gross Exp.",2,838.216,3028746,8,"Kg",3028746
"S3","RWA","0542","Rwanda","ZAR","Congo, Dem. Rep.",2021,"Gross Imp.",1,0.118,650,8,"Kg",650
"S3","RWA","0542","Rwanda","ZAR","Congo, Dem. Rep.",2021,"Import",5,0.118,650,8,"Kg",650
"S3","RWA","0542","Rwanda","ZAR","Congo, Dem. Rep.",2021,"Re-Export",3,3.23,2604,8,"Kg",2604
"S3","RWA","0542","Rwanda","ZAR","Congo, Dem. Rep.",2022,"Export",6,1956.987,7759648,8,"Kg",7759648
"S3","RWA","0542","Rwanda","ZAR","Congo, Dem. Rep.",2022,"Gross Exp.",2,1962.264,7764544.5,8,"Kg",7764545
"S3","RWA","0542","Rwanda","ZAR","Congo, Dem. Rep.",2022,"Gross Imp.",1,39.577,123139.5,8,"Kg",123140
"S3","RWA","0542","Rwanda","ZAR","Congo, Dem. Rep.",2022,"Import",5,39.577,123139.5,8,"Kg",123140
"S3","RWA","0542","Rwanda","ZAR","Congo, Dem. Rep.",2022,"Re-Export",3,5.277,4896.5,8,"Kg",4897
"S3","RWA","0545","Rwanda","ALB","Albania",2022,"Gross Imp.",1,1.916,1241,8,"Kg",1241
"S3","RWA","0545","Rwanda","ALB","Albania",2022,"Import",5,1.916,1241,8,"Kg",1241
"S3","RWA","0545","Rwanda","ARE","United Arab Emirates",2020,"Export",6,21.039,13773,8,"Kg",13773
"S3","RWA","0545","Rwanda","ARE","United Arab Emirates",2020,"Gross Exp.",2,21.039,13773,8,"Kg",13773
"S3","RWA","0545","Rwanda","ARE","United Arab Emirates",2020,"Gross Imp.",1,2.163,12475,8,"Kg",12475
"S3","RWA","0545","Rwanda","ARE","United Arab Emirates",2020,"Import",5,2.163,12475,8,"Kg",12475
"S3","RWA","0545","Rwanda","ARE","United Arab Emirates",2021,"Export",6,10.285,4684.75,8,"Kg",4685
"S3","RWA","0545","Rwanda","ARE","United Arab Emirates",2021,"Gross Exp.",2,10.285,4684.75,8,"Kg",4685
"S3","RWA","0545","Rwanda","ARE","United Arab Emirates",2021,"Gross Imp.",1,0.674,4643.4,8,"Kg",4643
"S3","RWA","0545","Rwanda","ARE","United Arab Emirates",2021,"Import",5,0.674,4643.4,8,"Kg",4643
"S3","RWA","0545","Rwanda","ARE","United Arab Emirates",2022,"Export",6,0.572,173,8,"Kg",173
"S3","RWA","0545","Rwanda","ARE","United Arab Emirates",2022,"Gross Exp.",2,0.572,173,8,"Kg",173
"S3","RWA","0545","Rwanda","ARE","United Arab Emirates",2022,"Gross Imp.",1,13.218,14071,8,"Kg",14071
"S3","RWA","0545","Rwanda","ARE","United Arab Emirates",2022,"Import",5,13.218,14071,8,"Kg",14071
"S3","RWA","0545","Rwanda","BDI","Burundi",2022,"Export",6,3.77,60380,8,"Kg",60380
"S3","RWA","0545","Rwanda","BDI","Burundi",2022,"Gross Exp.",2,3.77,60380,8,"Kg",60380
"S3","RWA","0545","Rwanda","BEL","Belgium",2020,"Export",6,7.271,6887.275,8,"Kg",6887
"S3","RWA","0545","Rwanda","BEL","Belgium",2020,"Gross Exp.",2,7.271,6887.275,8,"Kg",6887
"S3","RWA","0545","Rwanda","BEL","Belgium",2020,"Gross Imp.",1,1.083,336.5,8,"Kg",337
"S3","RWA","0545","Rwanda","BEL","Belgium",2020,"Import",5,1.083,336.5,8,"Kg",337
"S3","RWA","0545","Rwanda","BEL","Belgium",2021,"Export",6,103.293,29210.6,8,"Kg",29211
"S3","RWA","0545","Rwanda","BEL","Belgium",2021,"Gross Exp.",2,103.293,29210.6,8,"Kg",29211
"S3","RWA","0545","Rwanda","BEL","Belgium",2021,"Gross Imp.",1,0.821,145,8,"Kg",145
"S3","RWA","0545","Rwanda","BEL","Belgium",2021,"Import",5,0.821,145,8,"Kg",145
"S3","RWA","0545","Rwanda","BEL","Belgium",2022,"Export",6,128.095,29722.6,8,"Kg",29723
"S3","RWA","0545","Rwanda","BEL","Belgium",2022,"Gross Exp.",2,128.095,29722.6,8,"Kg",29723
"S3","RWA","0545","Rwanda","BEL","Belgium",2022,"Gross Imp.",1,1.599,1202.64,8,"Kg",1203
"S3","RWA","0545","Rwanda","BEL","Belgium",2022,"Import",5,1.599,1202.64,8,"Kg",1203
"S3","RWA","0545","Rwanda","BEN","Benin",2021,"Export",6,0.002,5,8,"Kg",5
"S3","RWA","0545","Rwanda","BEN","Benin",2021,"Gross Exp.",2,0.002,5,8,"Kg",5
"S3","RWA","0545","Rwanda","CAF","Central African Republic",2021,"Export",6,0.002,2,8,"Kg",2
"S3","RWA","0545","Rwanda","CAF","Central African Republic",2021,"Gross Exp.",2,0.002,2,8,"Kg",2
"S3","RWA","0545","Rwanda","CHE","Switzerland",2020,"Export",6,1.235,315,8,"Kg",315
"S3","RWA","0545","Rwanda","CHE","Switzerland",2020,"Gross Exp.",2,1.235,315,8,"Kg",315
"S3","RWA","0545","Rwanda","CHE","Switzerland",2022,"Export",6,9.146,1880,8,"Kg",1880
"S3","RWA","0545","Rwanda","CHE","Switzerland",2022,"Gross Exp.",2,9.146,1880,8,"Kg",1880
"S3","RWA","0545","Rwanda","CHN","China",2020,"Export",6,35.218,22000,8,"Kg",22000
"S3","RWA","0545","Rwanda","CHN","China",2020,"Gross Exp.",2,35.218,22000,8,"Kg",22000
"S3","RWA","0545","Rwanda","CHN","China",2020,"Gross Imp.",1,0.787,930,8,"Kg",930
"S3","RWA","0545","Rwanda","CHN","China",2020,"Import",5,0.787,930,8,"Kg",930
"S3","RWA","0545","Rwanda","CHN","China",2021,"Export",6,0.173,142,8,"Kg",142
"S3","RWA","0545","Rwanda","CHN","China",2021,"Gross Exp.",2,0.173,142,8,"Kg",142
"S3","RWA","0545","Rwanda","CHN","China",2021,"Gross Imp.",1,0.692,938,8,"Kg",938
"S3","RWA","0545","Rwanda","CHN","China",2021,"Import",5,0.692,938,8,"Kg",938
"S3","RWA","0545","Rwanda","CHN","China",2022,"Export",6,24.248,12775,8,"Kg",12775
"S3","RWA","0545","Rwanda","CHN","China",2022,"Gross Exp.",2,24.248,12775,8,"Kg",12775
"S3","RWA","0545","Rwanda","CHN","China",2022,"Gross Imp.",1,1.098,1048.5,8,"Kg",1049
"S3","RWA","0545","Rwanda","CHN","China",2022,"Import",5,1.098,1048.5,8,"Kg",1049
"S3","RWA","0545","Rwanda","DEU","Germany",2020,"Export",6,13.029,4429.95,8,"Kg",4430
"S3","RWA","0545","Rwanda","DEU","Germany",2020,"Gross Exp.",2,13.029,4429.95,8,"Kg",4430
"S3","RWA","0545","Rwanda","DEU","Germany",2021,"Export",6,61.397,25685,8,"Kg",25685
"S3","RWA","0545","Rwanda","DEU","Germany",2021,"Gross Exp.",2,61.397,25685,8,"Kg",25685
"S3","RWA","0545","Rwanda","DEU","Germany",2021,"Gross Imp.",1,0.101,6,8,"Kg",6
"S3","RWA","0545","Rwanda","DEU","Germany",2021,"Import",5,0.101,6,8,"Kg",6
"S3","RWA","0545","Rwanda","DEU","Germany",2022,"Export",6,78.993,34170,8,"Kg",34170
"S3","RWA","0545","Rwanda","DEU","Germany",2022,"Gross Exp.",2,78.993,34170,8,"Kg",34170
"S3","RWA","0545","Rwanda","DEU","Germany",2022,"Gross Imp.",1,0.158,14,8,"Kg",14
"S3","RWA","0545","Rwanda","DEU","Germany",2022,"Import",5,0.158,14,8,"Kg",14
"S3","RWA","0545","Rwanda","DNK","Denmark",2021,"Gross Imp.",1,0.089,210,8,"Kg",210
"S3","RWA","0545","Rwanda","DNK","Denmark",2021,"Import",5,0.089,210,8,"Kg",210
"S3","RWA","0545","Rwanda","EGY","Egypt, Arab Rep.",2020,"Gross Imp.",1,19.52,45200,8,"Kg",45200
"S3","RWA","0545","Rwanda","EGY","Egypt, Arab Rep.",2020,"Import",5,19.52,45200,8,"Kg",45200
"S3","RWA","0545","Rwanda","ESP","Spain",2022,"Gross Imp.",1,0.216,155,8,"Kg",155
"S3","RWA","0545","Rwanda","ESP","Spain",2022,"Import",5,0.216,155,8,"Kg",155
"S3","RWA","0545","Rwanda","FRA","France",2020,"Export",6,769.331,387684.3,8,"Kg",387684
"S3","RWA","0545","Rwanda","FRA","France",2020,"Gross Exp.",2,769.331,387684.3,8,"Kg",387684
"S3","RWA","0545","Rwanda","FRA","France",2021,"Export",6,1092.818,456374.2,8,"Kg",456374
"S3","RWA","0545","Rwanda","FRA","France",2021,"Gross Exp.",2,1092.818,456374.2,8,"Kg",456374
"S3","RWA","0545","Rwanda","FRA","France",2022,"Export",6,975.758,407867.3,8,"Kg",407867
"S3","RWA","0545","Rwanda","FRA","France",2022,"Gross Exp.",2,975.758,407867.3,8,"Kg",407867
"S3","RWA","0545","Rwanda","FRA","France",2022,"Gross Imp.",1,0.03,1.36,8,"Kg",1
"S3","RWA","0545","Rwanda","FRA","France",2022,"Import",5,0.03,1.36,8,"Kg",1
"S3","RWA","0545","Rwanda","GBR","United Kingdom",2020,"Export",6,1284.677,449663.9,8,"Kg",449664
"S3","RWA","0545","Rwanda","GBR","United Kingdom",2020,"Gross Exp.",2,1284.677,449663.9,8,"Kg",449664
"S3","RWA","0545","Rwanda","GBR","United Kingdom",2021,"Export",6,1378.408,397459,8,"Kg",397459
"S3","RWA","0545","Rwanda","GBR","United Kingdom",2021,"Gross Exp.",2,1378.408,397459,8,"Kg",397459
"S3","RWA","0545","Rwanda","GBR","United Kingdom",2022,"Export",6,1753.868,440412.2,8,"Kg",440412
"S3","RWA","0545","Rwanda","GBR","United Kingdom",2022,"Gross Exp.",2,1753.868,440412.2,8,"Kg",440412
"S3","RWA","0545","Rwanda","HKG","Hong Kong, China",2020,"Gross Imp.",1,0.053,50.4,8,"Kg",50
"S3","RWA","0545","Rwanda","HKG","Hong Kong, China",2020,"Import",5,0.053,50.4,8,"Kg",50
"S3","RWA","0545","Rwanda","HKG","Hong Kong, China",2021,"Gross Imp.",1,0.037,36,8,"Kg",36
"S3","RWA","0545","Rwanda","HKG","Hong Kong, China",2021,"Import",5,0.037,36,8,"Kg",36
"S3","RWA","0545","Rwanda","HKG","Hong Kong, China",2022,"Gross Imp.",1,0.201,211.58,8,"Kg",212
"S3","RWA","0545","Rwanda","HKG","Hong Kong, China",2022,"Import",5,0.201,211.58,8,"Kg",212
"S3","RWA","0545","Rwanda","IND","India",2020,"Export",6,12.048,10612,8,"Kg",10612
"S3","RWA","0545","Rwanda","IND","India",2020,"Gross Exp.",2,12.048,10612,8,"Kg",10612
"S3","RWA","0545","Rwanda","IND","India",2022,"Gross Imp.",1,1.957,1005,8,"Kg",1005
"S3","RWA","0545","Rwanda","IND","India",2022,"Import",5,1.957,1005,8,"Kg",1005
"S3","RWA","0545","Rwanda","ITA","Italy",2020,"Export",6,2.795,536,8,"Kg",536
"S3","RWA","0545","Rwanda","ITA","Italy",2020,"Gross Exp.",2,2.795,536,8,"Kg",536
"S3","RWA","0545","Rwanda","ITA","Italy",2021,"Export",6,0.422,95,8,"Kg",95
"S3","RWA","0545","Rwanda","ITA","Italy",2021,"Gross Exp.",2,0.422,95,8,"Kg",95
"S3","RWA","0545","Rwanda","ITA","Italy",2021,"Gross Imp.",1,0.299,480,8,"Kg",480
"S3","RWA","0545","Rwanda","ITA","Italy",2021,"Import",5,0.299,480,8,"Kg",480
"S3","RWA","0545","Rwanda","ITA","Italy",2022,"Export",6,4.139,986,8,"Kg",986
"S3","RWA","0545","Rwanda","ITA","Italy",2022,"Gross Exp.",2,4.139,986,8,"Kg",986
"S3","RWA","0545","Rwanda","ITA","Italy",2022,"Gross Imp.",1,0.22,144,8,"Kg",144
"S3","RWA","0545","Rwanda","ITA","Italy",2022,"Import",5,0.22,144,8,"Kg",144
"S3","RWA","0545","Rwanda","JPN","Japan",2021,"Gross Imp.",1,0.007,2,8,"Kg",2
"S3","RWA","0545","Rwanda","JPN","Japan",2021,"Import",5,0.007,2,8,"Kg",2
"S3","RWA","0545","Rwanda","KEN","Kenya",2020,"Export",6,409.603,184679.7,8,"Kg",184680
"S3","RWA","0545","Rwanda","KEN","Kenya",2020,"Gross Exp.",2,409.603,184679.7,8,"Kg",184680
"S3","RWA","0545","Rwanda","KEN","Kenya",2020,"Gross Imp.",1,1.016,1170,8,"Kg",1170
"S3","RWA","0545","Rwanda","KEN","Kenya",2020,"Import",5,1.016,1170,8,"Kg",1170
"S3","RWA","0545","Rwanda","KEN","Kenya",2021,"Export",6,384.083,117009.8,8,"Kg",117010
"S3","RWA","0545","Rwanda","KEN","Kenya",2021,"Gross Exp.",2,384.083,117009.8,8,"Kg",117010
"S3","RWA","0545","Rwanda","KEN","Kenya",2021,"Gross Imp.",1,39.389,83391,8,"Kg",83391
"S3","RWA","0545","Rwanda","KEN","Kenya",2021,"Import",5,39.389,83391,8,"Kg",83391
"S3","RWA","0545","Rwanda","KEN","Kenya",2022,"Export",6,121.206,39602.4,8,"Kg",39602
"S3","RWA","0545","Rwanda","KEN","Kenya",2022,"Gross Exp.",2,121.206,39602.4,8,"Kg",39602
"S3","RWA","0545","Rwanda","KEN","Kenya",2022,"Gross Imp.",1,165.727,292121,8,"Kg",292121
"S3","RWA","0545","Rwanda","KEN","Kenya",2022,"Import",5,165.727,292121,8,"Kg",292121
"S3","RWA","0545","Rwanda","NGA","Nigeria",2022,"Gross Imp.",1,0.465,200,8,"Kg",200
"S3","RWA","0545","Rwanda","NGA","Nigeria",2022,"Import",5,0.465,200,8,"Kg",200
"S3","RWA","0545","Rwanda","NLD","Netherlands",2020,"Export",6,959.803,290473,8,"Kg",290473
"S3","RWA","0545","Rwanda","NLD","Netherlands",2020,"Gross Exp.",2,959.803,290473,8,"Kg",290473
"S3","RWA","0545","Rwanda","NLD","Netherlands",2020,"Gross Imp.",1,0.027,5,8,"Kg",5
"S3","RWA","0545","Rwanda","NLD","Netherlands",2020,"Import",5,0.027,5,8,"Kg",5
"S3","RWA","0545","Rwanda","NLD","Netherlands",2021,"Export",6,791.177,204558.5,8,"Kg",204559
"S3","RWA","0545","Rwanda","NLD","Netherlands",2021,"Gross Exp.",2,791.177,204558.5,8,"Kg",204559
"S3","RWA","0545","Rwanda","NLD","Netherlands",2021,"Gross Imp.",1,0.052,10,8,"Kg",10
"S3","RWA","0545","Rwanda","NLD","Netherlands",2021,"Import",5,0.052,10,8,"Kg",10
"S3","RWA","0545","Rwanda","NLD","Netherlands",2022,"Export",6,459.683,103836,8,"Kg",103836
"S3","RWA","0545","Rwanda","NLD","Netherlands",2022,"Gross Exp.",2,459.683,103836,8,"Kg",103836
"S3","RWA","0545","Rwanda","NOR","Norway",2022,"Export",6,1.722,360.4,8,"Kg",360
"S3","RWA","0545","Rwanda","NOR","Norway",2022,"Gross Exp.",2,1.722,360.4,8,"Kg",360
"S3","RWA","0545","Rwanda","OAS","Other Asia, nes",2022,"Gross Imp.",1,0.179,10,8,"Kg",10
"S3","RWA","0545","Rwanda","OAS","Other Asia, nes",2022,"Import",5,0.179,10,8,"Kg",10
"S3","RWA","0545","Rwanda","OMN","Oman",2020,"Export",6,26.675,44000,8,"Kg",44000
"S3","RWA","0545","Rwanda","OMN","Oman",2020,"Gross Exp.",2,26.675,44000,8,"Kg",44000
"S3","RWA","0545","Rwanda","OMN","Oman",2021,"Export",6,13.322,22000,8,"Kg",22000
"S3","RWA","0545","Rwanda","OMN","Oman",2021,"Gross Exp.",2,13.322,22000,8,"Kg",22000
"S3","RWA","0545","Rwanda","PRT","Portugal",2022,"Export",6,8.635,1800,8,"Kg",1800
"S3","RWA","0545","Rwanda","PRT","Portugal",2022,"Gross Exp.",2,8.635,1800,8,"Kg",1800
"S3","RWA","0545","Rwanda","QAT","Qatar",2020,"Export",6,0.463,167.5,8,"Kg",168
"S3","RWA","0545","Rwanda","QAT","Qatar",2020,"Gross Exp.",2,0.463,167.5,8,"Kg",168
"S3","RWA","0545","Rwanda","QAT","Qatar",2021,"Export",6,2.069,652,8,"Kg",652
"S3","RWA","0545","Rwanda","QAT","Qatar",2021,"Gross Exp.",2,2.069,652,8,"Kg",652
"S3","RWA","0545","Rwanda","QAT","Qatar",2022,"Export",6,0.351,102,8,"Kg",102
"S3","RWA","0545","Rwanda","QAT","Qatar",2022,"Gross Exp.",2,0.351,102,8,"Kg",102
"S3","RWA","0545","Rwanda","SAU","Saudi Arabia",2021,"Export",6,0.001,1.75,8,"Kg",2
"S3","RWA","0545","Rwanda","SAU","Saudi Arabia",2021,"Gross Exp.",2,0.001,1.75,8,"Kg",2
"S3","RWA","0545","Rwanda","SSD","South Sudan",2021,"Export",6,1.009,5000,8,"Kg",5000
"S3","RWA","0545","Rwanda","SSD","South Sudan",2021,"Gross Exp.",2,1.009,5000,8,"Kg",5000
"S3","RWA","0545","Rwanda","SWE","Sweden",2020,"Export",6,2.575,610.5,8,"Kg",611
"S3","RWA","0545","Rwanda","SWE","Sweden",2020,"Gross Exp.",2,2.575,610.5,8,"Kg",611
"S3","RWA","0545","Rwanda","SWE","Sweden",2021,"Export",6,52.637,14812,8,"Kg",14812
"S3","RWA","0545","Rwanda","SWE","Sweden",2021,"Gross Exp.",2,52.637,14812,8,"Kg",14812
"S3","RWA","0545","Rwanda","TZA","Tanzania",2020,"Export",6,7.898,61786,8,"Kg",61786
"S3","RWA","0545","Rwanda","TZA","Tanzania",2020,"Gross Exp.",2,7.898,61786,8,"Kg",61786
"S3","RWA","0545","Rwanda","TZA","Tanzania",2020,"Gross Imp.",1,239.703,673132,8,"Kg",673132
"S3","RWA","0545","Rwanda","TZA","Tanzania",2020,"Import",5,239.703,673132,8,"Kg",673132
"S3","RWA","0545","Rwanda","TZA","Tanzania",2021,"Export",6,34.583,125441,8,"Kg",125441
"S3","RWA","0545","Rwanda","TZA","Tanzania",2021,"Gross Exp.",2,34.583,125441,8,"Kg",125441
"S3","RWA","0545","Rwanda","TZA","Tanzania",2021,"Gross Imp.",1,1875.605,4818470,8,"Kg",4818470
"S3","RWA","0545","Rwanda","TZA","Tanzania",2021,"Import",5,1875.605,4818470,8,"Kg",4818470
"S3","RWA","0545","Rwanda","TZA","Tanzania",2022,"Gross Imp.",1,845.609,2047663,8,"Kg",2047663
"S3","RWA","0545","Rwanda","TZA","Tanzania",2022,"Import",5,845.609,2047663,8,"Kg",2047663
"S3","RWA","0545","Rwanda","UGA","Uganda",2020,"Export",6,36.426,188990,8,"Kg",188990
"S3","RWA","0545","Rwanda","UGA","Uganda",2020,"Gross Exp.",2,36.426,188990,8,"Kg",188990
"S3","RWA","0545","Rwanda","UGA","Uganda",2021,"Export",6,63.214,688560,8,"Kg",688560
"S3","RWA","0545","Rwanda","UGA","Uganda",2021,"Gross Exp.",2,63.214,688560,8,"Kg",688560
"S3","RWA","0545","Rwanda","UGA","Uganda",2022,"Export",6,112.474,1665490,8,"Kg",1665490
"S3","RWA","0545","Rwanda","UGA","Uganda",2022,"Gross Exp.",2,112.474,1665490,8,"Kg",1665490
"S3","RWA","0545","Rwanda","UGA","Uganda",2022,"Gross Imp.",1,1162.57,4792315,8,"Kg",4792315
"S3","RWA","0545","Rwanda","UGA","Uganda",2022,"Import",5,1162.57,4792315,8,"Kg",4792315
"S3","RWA","0545","Rwanda","USA","United States",2021,"Export",6,11.517,6004,8,"Kg",6004
"S3","RWA","0545","Rwanda","USA","United States",2021,"Gross Exp.",2,11.517,6004,8,"Kg",6004
"S3","RWA","0545","Rwanda","USA","United States",2022,"Gross Imp.",1,0.022,1,8,"Kg",1
"S3","RWA","0545","Rwanda","USA","United States",2022,"Import",5,0.022,1,8,"Kg",1
"S3","RWA","0545","Rwanda","WLD"," World",2020,"Export",6,4827.365,6055186.125,8,"Kg",6055186
"S3","RWA","0545","Rwanda","WLD"," World",2020,"Gross Exp.",2,4827.673,6055386.125,8,"Kg",6055386
"S3","RWA","0545","Rwanda","WLD"," World",2020,"Gross Imp.",1,283.14,781688.9,8,"Kg",781689
"S3","RWA","0545","Rwanda","WLD"," World",2020,"Import",5,283.14,781688.9,8,"Kg",781689
"S3","RWA","0545","Rwanda","WLD"," World",2020,"Re-Export",3,0.308,200,8,"Kg",200
"S3","RWA","0545","Rwanda","WLD"," World",2021,"Export",6,4265.435,4052046.6,8,"Kg",4052047
"S3","RWA","0545","Rwanda","WLD"," World",2021,"Gross Exp.",2,4265.967,4052661.4,8,"Kg",4052661
"S3","RWA","0545","Rwanda","WLD"," World",2021,"Gross Imp.",1,1918.016,4910511.4,8,"Kg",4910511
"S3","RWA","0545","Rwanda","WLD"," World",2021,"Import",5,1918.016,4910511.4,8,"Kg",4910511
"S3","RWA","0545","Rwanda","WLD"," World",2021,"Re-Export",3,0.532,614.8,8,"Kg",615
"S3","RWA","0545","Rwanda","WLD"," World",2022,"Export",6,3693.696,2852256.9,8,"Kg",2852257
"S3","RWA","0545","Rwanda","WLD"," World",2022,"Gross Exp.",2,3698.426,2859593.5,8,"Kg",2859594
"S3","RWA","0545","Rwanda","WLD"," World",2022,"Gross Imp.",1,2229.375,7207676.08,8,"Kg",7207676
"S3","RWA","0545","Rwanda","WLD"," World",2022,"Import",5,2229.375,7207676.08,8,"Kg",7207676
"S3","RWA","0545","Rwanda","WLD"," World",2022,"Re-Export",3,4.73,7336.6,8,"Kg",7337
"S3","RWA","0545","Rwanda","ZAF","South Africa",2020,"Gross Imp.",1,0.063,30,8,"Kg",30
"S3","RWA","0545","Rwanda","ZAF","South Africa",2020,"Import",5,0.063,30,8,"Kg",30
"S3","RWA","0545","Rwanda","ZAF","South Africa",2021,"Gross Imp.",1,0.146,25,8,"Kg",25
"S3","RWA","0545","Rwanda","ZAF","South Africa",2021,"Import",5,0.146,25,8,"Kg",25
"S3","RWA","0545","Rwanda","ZAF","South Africa",2022,"Gross Imp.",1,4.599,420,8,"Kg",420
"S3","RWA","0545","Rwanda","ZAF","South Africa",2022,"Import",5,4.599,420,8,"Kg",420
"S3","RWA","0545","Rwanda","ZAR","Congo, Dem. Rep.",2020,"Export",6,1237.28,4388578,8,"Kg",4388578
"S3","RWA","0545","Rwanda","ZAR","Congo, Dem. Rep.",2020,"Gross Exp.",2,1237.588,4388778,8,"Kg",4388778
"S3","RWA","0545","Rwanda","ZAR","Congo, Dem. Rep.",2020,"Gross Imp.",1,18.724,48360,8,"Kg",48360
"S3","RWA","0545","Rwanda","ZAR","Congo, Dem. Rep.",2020,"Import",5,18.724,48360,8,"Kg",48360
"S3","RWA","0545","Rwanda","ZAR","Congo, Dem. Rep.",2020,"Re-Export",3,0.308,200,8,"Kg",200
"S3","RWA","0545","Rwanda","ZAR","Congo, Dem. Rep.",2021,"Export",6,265.024,1954350,8,"Kg",1954350
"S3","RWA","0545","Rwanda","ZAR","Congo, Dem. Rep.",2021,"Gross Exp.",2,265.556,1954964.8,8,"Kg",1954965
"S3","RWA","0545","Rwanda","ZAR","Congo, Dem. Rep.",2021,"Gross Imp.",1,0.103,2155,8,"Kg",2155
"S3","RWA","0545","Rwanda","ZAR","Congo, Dem. Rep.",2021,"Import",5,0.103,2155,8,"Kg",2155
"S3","RWA","0545","Rwanda","ZAR","Congo, Dem. Rep.",2021,"Re-Export",3,0.532,614.8,8,"Kg",615
"S3","RWA","0545","Rwanda","ZAR","Congo, Dem. Rep.",2022,"Export",6,11.036,52700,8,"Kg",52700
"S3","RWA","0545","Rwanda","ZAR","Congo, Dem. Rep.",2022,"Gross Exp.",2,15.766,60036.6,8,"Kg",60037
"S3","RWA","0545","Rwanda","ZAR","Congo, Dem. Rep.",2022,"Gross Imp.",1,29.589,55852,8,"Kg",55852
"S3","RWA","0545","Rwanda","ZAR","Congo, Dem. Rep.",2022,"Import",5,29.589,55852,8,"Kg",55852
"S3","RWA","0545","Rwanda","ZAR","Congo, Dem. Rep.",2022,"Re-Export",3,4.73,7336.6,8,"Kg",7337
"S3","RWA","0546","Rwanda","ARE","United Arab Emirates",2020,"Gross Imp.",1,3.473,5741,8,"Kg",5741
"S3","RWA","0546","Rwanda","ARE","United Arab Emirates",2020,"Import",5,3.473,5741,8,"Kg",5741
"S3","RWA","0546","Rwanda","ARE","United Arab Emirates",2021,"Export",6,0.118,23.25,8,"Kg",23
"S3","RWA","0546","Rwanda","ARE","United Arab Emirates",2021,"Gross Exp.",2,0.118,23.25,8,"Kg",23
"S3","RWA","0546","Rwanda","ARE","United Arab Emirates",2021,"Gross Imp.",1,3.99,1667,8,"Kg",1667
"S3","RWA","0546","Rwanda","ARE","United Arab Emirates",2021,"Import",5,3.99,1667,8,"Kg",1667
"S3","RWA","0546","Rwanda","ARE","United Arab Emirates",2022,"Export",6,0.505,134,8,"Kg",134
"S3","RWA","0546","Rwanda","ARE","United Arab Emirates",2022,"Gross Exp.",2,0.505,134,8,"Kg",134
"S3","RWA","0546","Rwanda","ARE","United Arab Emirates",2022,"Gross Imp.",1,20.185,33578,8,"Kg",33578
"S3","RWA","0546","Rwanda","ARE","United Arab Emirates",2022,"Import",5,20.185,33578,8,"Kg",33578
"S3","RWA","0546","Rwanda","ARG","Argentina",2022,"Gross Imp.",1,0.667,312,8,"Kg",312
"S3","RWA","0546","Rwanda","ARG","Argentina",2022,"Import",5,0.667,312,8,"Kg",312
"S3","RWA","0546","Rwanda","BEL","Belgium",2020,"Export",6,0.56,75,8,"Kg",75
"S3","RWA","0546","Rwanda","BEL","Belgium",2020,"Gross Exp.",2,0.56,75,8,"Kg",75
"S3","RWA","0546","Rwanda","BEL","Belgium",2020,"Gross Imp.",1,2.325,646,8,"Kg",646
"S3","RWA","0546","Rwanda","BEL","Belgium",2020,"Import",5,2.325,646,8,"Kg",646
"S3","RWA","0546","Rwanda","BEL","Belgium",2021,"Gross Imp.",1,2.347,753,8,"Kg",753
"S3","RWA","0546","Rwanda","BEL","Belgium",2021,"Import",5,2.347,753,8,"Kg",753
"S3","RWA","0546","Rwanda","BEL","Belgium",2022,"Gross Imp.",1,1.974,652.7,8,"Kg",653
"S3","RWA","0546","Rwanda","BEL","Belgium",2022,"Import",5,1.974,652.7,8,"Kg",653
"S3","RWA","0546","Rwanda","BEN","Benin",2021,"Export",6,0.001,1,8,"Kg",1
"S3","RWA","0546","Rwanda","BEN","Benin",2021,"Gross Exp.",2,0.001,1,8,"Kg",1
"S3","RWA","0546","Rwanda","BRA","Brazil",2022,"Gross Imp.",1,70.034,22393.9,8,"Kg",22394
"S3","RWA","0546","Rwanda","BRA","Brazil",2022,"Import",5,70.034,22393.9,8,"Kg",22394
"S3","RWA","0546","Rwanda","CAN","Canada",2020,"Export",6,6.147,820,8,"Kg",820
"S3","RWA","0546","Rwanda","CAN","Canada",2020,"Gross Exp.",2,6.147,820,8,"Kg",820
"S3","RWA","0546","Rwanda","CHN","China",2021,"Gross Imp.",1,0.089,35,8,"Kg",35
"S3","RWA","0546","Rwanda","CHN","China",2021,"Import",5,0.089,35,8,"Kg",35
"S3","RWA","0546","Rwanda","CHN","China",2022,"Gross Imp.",1,0.263,153.43,8,"Kg",153
"S3","RWA","0546","Rwanda","CHN","China",2022,"Import",5,0.263,153.43,8,"Kg",153
"S3","RWA","0546","Rwanda","DEU","Germany",2022,"Export",6,0.003,1,8,"Kg",1
"S3","RWA","0546","Rwanda","DEU","Germany",2022,"Gross Exp.",2,0.003,1,8,"Kg",1
"S3","RWA","0546","Rwanda","DNK","Denmark",2020,"Gross Imp.",1,2.541,450,8,"Kg",450
"S3","RWA","0546","Rwanda","DNK","Denmark",2020,"Import",5,2.541,450,8,"Kg",450
"S3","RWA","0546","Rwanda","DNK","Denmark",2021,"Gross Imp.",1,2.787,833,8,"Kg",833
"S3","RWA","0546","Rwanda","DNK","Denmark",2021,"Import",5,2.787,833,8,"Kg",833
"S3","RWA","0546","Rwanda","DNK","Denmark",2022,"Export",6,0.216,20,8,"Kg",20
"S3","RWA","0546","Rwanda","DNK","Denmark",2022,"Gross Exp.",2,0.216,20,8,"Kg",20
"S3","RWA","0546","Rwanda","ESP","Spain",2022,"Gross Imp.",1,0.098,28,8,"Kg",28
"S3","RWA","0546","Rwanda","ESP","Spain",2022,"Import",5,0.098,28,8,"Kg",28
"S3","RWA","0546","Rwanda","GBR","United Kingdom",2021,"Export",6,0.125,35,8,"Kg",35
"S3","RWA","0546","Rwanda","GBR","United Kingdom",2021,"Gross Exp.",2,0.125,35,8,"Kg",35
"S3","RWA","0546","Rwanda","HUN","Hungary",2022,"Gross Imp.",1,0.192,72,8,"Kg",72
"S3","RWA","0546","Rwanda","HUN","Hungary",2022,"Import",5,0.192,72,8,"Kg",72
"S3","RWA","0546","Rwanda","KEN","Kenya",2020,"Gross Imp.",1,0.186,54.5,8,"Kg",55
"S3","RWA","0546","Rwanda","KEN","Kenya",2020,"Import",5,0.186,54.5,8,"Kg",55
"S3","RWA","0546","Rwanda","NGA","Nigeria",2020,"Gross Imp.",1,0.437,78,8,"Kg",78
"S3","RWA","0546","Rwanda","NGA","Nigeria",2020,"Import",5,0.437,78,8,"Kg",78
"S3","RWA","0546","Rwanda","NLD","Netherlands",2020,"Gross Imp.",1,0.256,62,8,"Kg",62
"S3","RWA","0546","Rwanda","NLD","Netherlands",2020,"Import",5,0.256,62,8,"Kg",62
"S3","RWA","0546","Rwanda","NLD","Netherlands",2021,"Gross Imp.",1,0.461,90,8,"Kg",90
"S3","RWA","0546","Rwanda","NLD","Netherlands",2021,"Import",5,0.461,90,8,"Kg",90
"S3","RWA","0546","Rwanda","NLD","Netherlands",2022,"Gross Imp.",1,0.886,162.15,8,"Kg",162
"S3","RWA","0546","Rwanda","NLD","Netherlands",2022,"Import",5,0.886,162.15,8,"Kg",162
"S3","RWA","0546","Rwanda","SAU","Saudi Arabia",2021,"Export",6,0.001,1.25,8,"Kg",1
"S3","RWA","0546","Rwanda","SAU","Saudi Arabia",2021,"Gross Exp.",2,0.001,1.25,8,"Kg",1
"S3","RWA","0546","Rwanda","TZA","Tanzania",2020,"Gross Imp.",1,7.968,15000,8,"Kg",15000
"S3","RWA","0546","Rwanda","TZA","Tanzania",2020,"Import",5,7.968,15000,8,"Kg",15000
"S3","RWA","0546","Rwanda","UGA","Uganda",2022,"Export",6,1.679,9250,8,"Kg",9250
"S3","RWA","0546","Rwanda","UGA","Uganda",2022,"Gross Exp.",2,1.679,9250,8,"Kg",9250
"S3","RWA","0546","Rwanda","UGA","Uganda",2022,"Gross Imp.",1,671.225,3152799,8,"Kg",3152799
"S3","RWA","0546","Rwanda","UGA","Uganda",2022,"Import",5,671.225,3152799,8,"Kg",3152799
"S3","RWA","0546","Rwanda","USA","United States",2021,"Export",6,3.09,318.8,8,"Kg",319
"S3","RWA","0546","Rwanda","USA","United States",2021,"Gross Exp.",2,3.09,318.8,8,"Kg",319
"S3","RWA","0546","Rwanda","USA","United States",2022,"Export",6,0.915,150,8,"Kg",150
"S3","RWA","0546","Rwanda","USA","United States",2022,"Gross Exp.",2,0.915,150,8,"Kg",150
"S3","RWA","0546","Rwanda","WLD"," World",2020,"Export",6,7.942,8895,8,"Kg",8895
"S3","RWA","0546","Rwanda","WLD"," World",2020,"Gross Exp.",2,8.052,9105,8,"Kg",9105
"S3","RWA","0546","Rwanda","WLD"," World",2020,"Gross Imp.",1,17.365,22057.5,8,"Kg",22058
"S3","RWA","0546","Rwanda","WLD"," World",2020,"Import",5,17.365,22057.5,8,"Kg",22058
"S3","RWA","0546","Rwanda","WLD"," World",2020,"Re-Export",3,0.11,210,8,"Kg",210
"S3","RWA","0546","Rwanda","WLD"," World",2021,"Export",6,4.35,4179.3,8,"Kg",4179
"S3","RWA","0546","Rwanda","WLD"," World",2021,"Gross Exp.",2,4.698,5270.5,8,"Kg",5271
"S3","RWA","0546","Rwanda","WLD"," World",2021,"Gross Imp.",1,10.317,9728,8,"Kg",9728
"S3","RWA","0546","Rwanda","WLD"," World",2021,"Import",5,10.317,9728,8,"Kg",9728
"S3","RWA","0546","Rwanda","WLD"," World",2021,"Re-Export",3,0.348,1091.2,8,"Kg",1091
"S3","RWA","0546","Rwanda","WLD"," World",2022,"Export",6,5.596,13555,8,"Kg",13555
"S3","RWA","0546","Rwanda","WLD"," World",2022,"Gross Exp.",2,7.685,16276.8,8,"Kg",16277
"S3","RWA","0546","Rwanda","WLD"," World",2022,"Gross Imp.",1,767.988,3214678.18,8,"Kg",3214678
"S3","RWA","0546","Rwanda","WLD"," World",2022,"Import",5,767.988,3214678.18,8,"Kg",3214678
"S3","RWA","0546","Rwanda","WLD"," World",2022,"Re-Export",3,2.089,2721.8,8,"Kg",2722
"S3","RWA","0546","Rwanda","ZAF","South Africa",2020,"Gross Imp.",1,0.18,26,8,"Kg",26
"S3","RWA","0546","Rwanda","ZAF","South Africa",2020,"Import",5,0.18,26,8,"Kg",26
"S3","RWA","0546","Rwanda","ZAF","South Africa",2022,"Gross Imp.",1,1.585,407,8,"Kg",407
"S3","RWA","0546","Rwanda","ZAF","South Africa",2022,"Import",5,1.585,407,8,"Kg",407
"S3","RWA","0546","Rwanda","ZAR","Congo, Dem. Rep.",2020,"Export",6,1.236,8000,8,"Kg",8000
"S3","RWA","0546","Rwanda","ZAR","Congo, Dem. Rep.",2020,"Gross Exp.",2,1.346,8210,8,"Kg",8210
"S3","RWA","0546","Rwanda","ZAR","Congo, Dem. Rep.",2020,"Re-Export",3,0.11,210,8,"Kg",210
"S3","RWA","0546","Rwanda","ZAR","Congo, Dem. Rep.",2021,"Export",6,1.014,3800,8,"Kg",3800
"S3","RWA","0546","Rwanda","ZAR","Congo, Dem. Rep.",2021,"Gross Exp.",2,1.362,4891.2,8,"Kg",4891
"S3","RWA","0546","Rwanda","ZAR","Congo, Dem. Rep.",2021,"Gross Imp.",1,0.642,6350,8,"Kg",6350
"S3","RWA","0546","Rwanda","ZAR","Congo, Dem. Rep.",2021,"Import",5,0.642,6350,8,"Kg",6350
"S3","RWA","0546","Rwanda","ZAR","Congo, Dem. Rep.",2021,"Re-Export",3,0.348,1091.2,8,"Kg",1091
"S3","RWA","0546","Rwanda","ZAR","Congo, Dem. Rep.",2022,"Export",6,2.278,4000,8,"Kg",4000
"S3","RWA","0546","Rwanda","ZAR","Congo, Dem. Rep.",2022,"Gross Exp.",2,4.367,6721.8,8,"Kg",6722
"S3","RWA","0546","Rwanda","ZAR","Congo, Dem. Rep.",2022,"Gross Imp.",1,0.876,4120,8,"Kg",4120
"S3","RWA","0546","Rwanda","ZAR","Congo, Dem. Rep.",2022,"Import",5,0.876,4120,8,"Kg",4120
"S3","RWA","0546","Rwanda","ZAR","Congo, Dem. Rep.",2022,"Re-Export",3,2.089,2721.8,8,"Kg",2722
"S3","RWA","0548","Rwanda","ARE","United Arab Emirates",2020,"Gross Imp.",1,0.057,100,8,"Kg",100
"S3","RWA","0548","Rwanda","ARE","United Arab Emirates",2020,"Import",5,0.057,100,8,"Kg",100
"S3","RWA","0548","Rwanda","ARE","United Arab Emirates",2021,"Gross Imp.",1,0.029,50,8,"Kg",50
"S3","RWA","0548","Rwanda","ARE","United Arab Emirates",2021,"Import",5,0.029,50,8,"Kg",50
"S3","RWA","0548","Rwanda","ARE","United Arab Emirates",2022,"Gross Imp.",1,0.605,135,8,"Kg",135
"S3","RWA","0548","Rwanda","ARE","United Arab Emirates",2022,"Import",5,0.605,135,8,"Kg",135
"S3","RWA","0548","Rwanda","BEL","Belgium",2020,"Export",6,5.673,890,8,"Kg",890
"S3","RWA","0548","Rwanda","BEL","Belgium",2020,"Gross Exp.",2,5.673,890,8,"Kg",890
"S3","RWA","0548","Rwanda","BEL","Belgium",2020,"Gross Imp.",1,193.063,5793,8,"Kg",5793
"S3","RWA","0548","Rwanda","BEL","Belgium",2020,"Import",5,193.063,5793,8,"Kg",5793
"S3","RWA","0548","Rwanda","BEL","Belgium",2021,"Export",6,257.597,1483415.873,8,"Kg",1483416
"S3","RWA","0548","Rwanda","BEL","Belgium",2021,"Gross Exp.",2,257.597,1483415.873,8,"Kg",1483416
"S3","RWA","0548","Rwanda","BEL","Belgium",2021,"Gross Imp.",1,109.462,3490,8,"Kg",3490
"S3","RWA","0548","Rwanda","BEL","Belgium",2021,"Import",5,109.462,3490,8,"Kg",3490
"S3","RWA","0548","Rwanda","BEL","Belgium",2022,"Export",6,2.468,1886.3,8,"Kg",1886
"S3","RWA","0548","Rwanda","BEL","Belgium",2022,"Gross Exp.",2,2.468,1886.3,8,"Kg",1886
"S3","RWA","0548","Rwanda","BEL","Belgium",2022,"Gross Imp.",1,65.812,3269,8,"Kg",3269
"S3","RWA","0548","Rwanda","BEL","Belgium",2022,"Import",5,65.812,3269,8,"Kg",3269
"S3","RWA","0548","Rwanda","BEN","Benin",2020,"Export",6,0.168,100,8,"Kg",100
"S3","RWA","0548","Rwanda","BEN","Benin",2020,"Gross Exp.",2,0.168,100,8,"Kg",100
"S3","RWA","0548","Rwanda","CAN","Canada",2020,"Export",6,0.968,100,8,"Kg",100
"S3","RWA","0548","Rwanda","CAN","Canada",2020,"Gross Exp.",2,0.968,100,8,"Kg",100
"S3","RWA","0548","Rwanda","CAN","Canada",2021,"Export",6,9.084,5665,8,"Kg",5665
"S3","RWA","0548","Rwanda","CAN","Canada",2021,"Gross Exp.",2,9.084,5665,8,"Kg",5665
"S3","RWA","0548","Rwanda","CAN","Canada",2022,"Export",6,10.618,2320,8,"Kg",2320
"S3","RWA","0548","Rwanda","CAN","Canada",2022,"Gross Exp.",2,10.618,2320,8,"Kg",2320
"S3","RWA","0548","Rwanda","CHN","China",2020,"Export",6,0.036,12,8,"Kg",12
"S3","RWA","0548","Rwanda","CHN","China",2020,"Gross Exp.",2,0.036,12,8,"Kg",12
"S3","RWA","0548","Rwanda","CHN","China",2021,"Gross Imp.",1,0.062,168,8,"Kg",168
"S3","RWA","0548","Rwanda","CHN","China",2021,"Import",5,0.062,168,8,"Kg",168
"S3","RWA","0548","Rwanda","CHN","China",2022,"Gross Imp.",1,1.087,1159,8,"Kg",1159
"S3","RWA","0548","Rwanda","CHN","China",2022,"Import",5,1.087,1159,8,"Kg",1159
"S3","RWA","0548","Rwanda","COG","Congo, Rep.",2020,"Export",6,0.541,1000,8,"Kg",1000
"S3","RWA","0548","Rwanda","COG","Congo, Rep.",2020,"Gross Exp.",2,0.541,1000,8,"Kg",1000
"S3","RWA","0548","Rwanda","CZE","Czech Republic",2022,"Export",6,0.883,105,8,"Kg",105
"S3","RWA","0548","Rwanda","CZE","Czech Republic",2022,"Gross Exp.",2,0.883,105,8,"Kg",105
"S3","RWA","0548","Rwanda","DEU","Germany",2022,"Gross Imp.",1,0.601,72,8,"Kg",72
"S3","RWA","0548","Rwanda","DEU","Germany",2022,"Import",5,0.601,72,8,"Kg",72
"S3","RWA","0548","Rwanda","GBR","United Kingdom",2020,"Export",6,1.335,897,8,"Kg",897
"S3","RWA","0548","Rwanda","GBR","United Kingdom",2020,"Gross Exp.",2,1.335,897,8,"Kg",897
"S3","RWA","0548","Rwanda","GBR","United Kingdom",2021,"Export",6,7.113,3101.5,8,"Kg",3102
"S3","RWA","0548","Rwanda","GBR","United Kingdom",2021,"Gross Exp.",2,7.113,3101.5,8,"Kg",3102
"S3","RWA","0548","Rwanda","GBR","United Kingdom",2022,"Export",6,0.447,72,8,"Kg",72
"S3","RWA","0548","Rwanda","GBR","United Kingdom",2022,"Gross Exp.",2,0.447,72,8,"Kg",72
"S3","RWA","0548","Rwanda","HKG","Hong Kong, China",2021,"Gross Imp.",1,0.009,4,8,"Kg",4
"S3","RWA","0548","Rwanda","HKG","Hong Kong, China",2021,"Import",5,0.009,4,8,"Kg",4
"S3","RWA","0548","Rwanda","HKG","Hong Kong, China",2022,"Gross Imp.",1,0.026,51,8,"Kg",51
"S3","RWA","0548","Rwanda","HKG","Hong Kong, China",2022,"Import",5,0.026,51,8,"Kg",51
"S3","RWA","0548","Rwanda","IND","India",2020,"Gross Imp.",1,0.061,60,8,"Kg",60
"S3","RWA","0548","Rwanda","IND","India",2020,"Import",5,0.061,60,8,"Kg",60
"S3","RWA","0548","Rwanda","IND","India",2021,"Gross Imp.",1,0.35,315,8,"Kg",315
"S3","RWA","0548","Rwanda","IND","India",2021,"Import",5,0.35,315,8,"Kg",315
"S3","RWA","0548","Rwanda","JPN","Japan",2021,"Gross Imp.",1,0.022,4,8,"Kg",4
"S3","RWA","0548","Rwanda","JPN","Japan",2021,"Import",5,0.022,4,8,"Kg",4
"S3","RWA","0548","Rwanda","KEN","Kenya",2020,"Gross Imp.",1,1.399,42,8,"Kg",42
"S3","RWA","0548","Rwanda","KEN","Kenya",2020,"Import",5,1.399,42,8,"Kg",42
"S3","RWA","0548","Rwanda","KEN","Kenya",2022,"Gross Imp.",1,1.914,393,8,"Kg",393
"S3","RWA","0548","Rwanda","KEN","Kenya",2022,"Import",5,1.914,393,8,"Kg",393
"S3","RWA","0548","Rwanda","KOR","Korea, Rep.",2022,"Gross Imp.",1,0.004,5,8,"Kg",5
"S3","RWA","0548","Rwanda","KOR","Korea, Rep.",2022,"Import",5,0.004,5,8,"Kg",5
"S3","RWA","0548","Rwanda","NGA","Nigeria",2022,"Gross Imp.",1,0.166,30,8,"Kg",30
"S3","RWA","0548","Rwanda","NGA","Nigeria",2022,"Import",5,0.166,30,8,"Kg",30
"S3","RWA","0548","Rwanda","QAT","Qatar",2021,"Export",6,0.25,80,8,"Kg",80
"S3","RWA","0548","Rwanda","QAT","Qatar",2021,"Gross Exp.",2,0.25,80,8,"Kg",80
"S3","RWA","0548","Rwanda","SWE","Sweden",2020,"Export",6,0.763,216,8,"Kg",216
"S3","RWA","0548","Rwanda","SWE","Sweden",2020,"Gross Exp.",2,0.763,216,8,"Kg",216
"S3","RWA","0548","Rwanda","SWE","Sweden",2021,"Export",6,0.949,176,8,"Kg",176
"S3","RWA","0548","Rwanda","SWE","Sweden",2021,"Gross Exp.",2,0.949,176,8,"Kg",176
"S3","RWA","0548","Rwanda","TZA","Tanzania",2020,"Gross Imp.",1,16585.706,81048143,8,"Kg",81048143
"S3","RWA","0548","Rwanda","TZA","Tanzania",2020,"Import",5,16585.706,81048143,8,"Kg",81048143
"S3","RWA","0548","Rwanda","TZA","Tanzania",2021,"Gross Imp.",1,12123.431,61105226,8,"Kg",61105226
"S3","RWA","0548","Rwanda","TZA","Tanzania",2021,"Import",5,12123.431,61105226,8,"Kg",61105226
"S3","RWA","0548","Rwanda","TZA","Tanzania",2022,"Gross Imp.",1,10723.46,53994105,8,"Kg",53994105
"S3","RWA","0548","Rwanda","TZA","Tanzania",2022,"Import",5,10723.46,53994105,8,"Kg",53994105
"S3","RWA","0548","Rwanda","UGA","Uganda",2022,"Gross Imp.",1,4.156,26014,8,"Kg",26014
"S3","RWA","0548","Rwanda","UGA","Uganda",2022,"Import",5,4.156,26014,8,"Kg",26014
"S3","RWA","0548","Rwanda","USA","United States",2020,"Export",6,11.691,1612,8,"Kg",1612
"S3","RWA","0548","Rwanda","USA","United States",2020,"Gross Exp.",2,11.691,1612,8,"Kg",1612
"S3","RWA","0548","Rwanda","USA","United States",2020,"Gross Imp.",1,0.062,3,8,"Kg",3
"S3","RWA","0548","Rwanda","USA","United States",2020,"Import",5,0.062,3,8,"Kg",3
"S3","RWA","0548","Rwanda","USA","United States",2021,"Export",6,9.085,1038,8,"Kg",1038
"S3","RWA","0548","Rwanda","USA","United States",2021,"Gross Exp.",2,9.085,1038,8,"Kg",1038
"S3","RWA","0548","Rwanda","USA","United States",2022,"Export",6,8.255,6792,8,"Kg",6792
"S3","RWA","0548","Rwanda","USA","United States",2022,"Gross Exp.",2,8.255,6792,8,"Kg",6792
"S3","RWA","0548","Rwanda","WLD"," World",2020,"Export",6,596.988,3847230,8,"Kg",3847230
"S3","RWA","0548","Rwanda","WLD"," World",2020,"Gross Exp.",2,596.988,3847230,8,"Kg",3847230
"S3","RWA","0548","Rwanda","WLD"," World",2020,"Gross Imp.",1,16780.631,81056131,8,"Kg",81056131
"S3","RWA","0548","Rwanda","WLD"," World",2020,"Import",5,16780.631,81056131,8,"Kg",81056131
"S3","RWA","0548","Rwanda","WLD"," World",2021,"Export",6,996.325,7261976.373,8,"Kg",7261976
"S3","RWA","0548","Rwanda","WLD"," World",2021,"Gross Exp.",2,996.547,7262046.373,8,"Kg",7262046
"S3","RWA","0548","Rwanda","WLD"," World",2021,"Gross Imp.",1,12233.365,61109257,8,"Kg",61109257
"S3","RWA","0548","Rwanda","WLD"," World",2021,"Import",5,12233.365,61109257,8,"Kg",61109257
"S3","RWA","0548","Rwanda","WLD"," World",2021,"Re-Export",3,0.222,70,8,"Kg",70
"S3","RWA","0548","Rwanda","WLD"," World",2022,"Export",6,99.279,1251175.3,8,"Kg",1251175
"S3","RWA","0548","Rwanda","WLD"," World",2022,"Gross Exp.",2,99.89,1252835.3,8,"Kg",1252835
"S3","RWA","0548","Rwanda","WLD"," World",2022,"Gross Imp.",1,10798.211,54027133,8,"Kg",54027133
"S3","RWA","0548","Rwanda","WLD"," World",2022,"Import",5,10798.211,54027133,8,"Kg",54027133
"S3","RWA","0548","Rwanda","WLD"," World",2022,"Re-Export",3,0.611,1660,8,"Kg",1660
"S3","RWA","0548","Rwanda","ZAR","Congo, Dem. Rep.",2020,"Export",6,575.813,3842403,8,"Kg",3842403
"S3","RWA","0548","Rwanda","ZAR","Congo, Dem. Rep.",2020,"Gross Exp.",2,575.813,3842403,8,"Kg",3842403
"S3","RWA","0548","Rwanda","ZAR","Congo, Dem. Rep.",2020,"Gross Imp.",1,0.283,1990,8,"Kg",1990
"S3","RWA","0548","Rwanda","ZAR","Congo, Dem. Rep.",2020,"Import",5,0.283,1990,8,"Kg",1990
"S3","RWA","0548","Rwanda","ZAR","Congo, Dem. Rep.",2021,"Export",6,712.247,5768500,8,"Kg",5768500
"S3","RWA","0548","Rwanda","ZAR","Congo, Dem. Rep.",2021,"Gross Exp.",2,712.469,5768570,8,"Kg",5768570
"S3","RWA","0548","Rwanda","ZAR","Congo, Dem. Rep.",2021,"Re-Export",3,0.222,70,8,"Kg",70
"S3","RWA","0548","Rwanda","ZAR","Congo, Dem. Rep.",2022,"Export",6,76.608,1240000,8,"Kg",1240000
"S3","RWA","0548","Rwanda","ZAR","Congo, Dem. Rep.",2022,"Gross Exp.",2,77.219,1241660,8,"Kg",1241660
"S3","RWA","0548","Rwanda","ZAR","Congo, Dem. Rep.",2022,"Gross Imp.",1,0.38,1900,8,"Kg",1900
"S3","RWA","0548","Rwanda","ZAR","Congo, Dem. Rep.",2022,"Import",5,0.38,1900,8,"Kg",1900
"S3","RWA","0548","Rwanda","ZAR","Congo, Dem. Rep.",2022,"Re-Export",3,0.611,1660,8,"Kg",1660
"S3","RWA","0571","Rwanda","ARE","United Arab Emirates",2022,"Gross Imp.",1,0.307,1262,8,"Kg",1262
"S3","RWA","0571","Rwanda","ARE","United Arab Emirates",2022,"Import",5,0.307,1262,8,"Kg",1262
"S3","RWA","0571","Rwanda","CHN","China",2021,"Gross Imp.",1,0.013,100,8,"Kg",100
"S3","RWA","0571","Rwanda","CHN","China",2021,"Import",5,0.013,100,8,"Kg",100
"S3","RWA","0571","Rwanda","CHN","China",2022,"Gross Imp.",1,0.067,95,8,"Kg",95
"S3","RWA","0571","Rwanda","CHN","China",2022,"Import",5,0.067,95,8,"Kg",95
"S3","RWA","0571","Rwanda","EGY","Egypt, Arab Rep.",2020,"Gross Imp.",1,307.821,342704,8,"Kg",342704
"S3","RWA","0571","Rwanda","EGY","Egypt, Arab Rep.",2020,"Import",5,307.821,342704,8,"Kg",342704
"S3","RWA","0571","Rwanda","EGY","Egypt, Arab Rep.",2021,"Gross Imp.",1,431.754,500608,8,"Kg",500608
"S3","RWA","0571","Rwanda","EGY","Egypt, Arab Rep.",2021,"Import",5,431.754,500608,8,"Kg",500608
"S3","RWA","0571","Rwanda","EGY","Egypt, Arab Rep.",2022,"Gross Imp.",1,463.639,544462,8,"Kg",544462
"S3","RWA","0571","Rwanda","EGY","Egypt, Arab Rep.",2022,"Import",5,463.639,544462,8,"Kg",544462
"S3","RWA","0571","Rwanda","KEN","Kenya",2020,"Gross Imp.",1,100.73,172430,8,"Kg",172430
"S3","RWA","0571","Rwanda","KEN","Kenya",2020,"Import",5,100.73,172430,8,"Kg",172430
"S3","RWA","0571","Rwanda","KEN","Kenya",2021,"Gross Imp.",1,509.581,957524,8,"Kg",957524
"S3","RWA","0571","Rwanda","KEN","Kenya",2021,"Import",5,509.581,957524,8,"Kg",957524
"S3","RWA","0571","Rwanda","KEN","Kenya",2022,"Gross Imp.",1,575.639,1049986,8,"Kg",1049986
"S3","RWA","0571","Rwanda","KEN","Kenya",2022,"Import",5,575.639,1049986,8,"Kg",1049986
"S3","RWA","0571","Rwanda","SWZ","Eswatini",2020,"Gross Imp.",1,164.003,145280,8,"Kg",145280
"S3","RWA","0571","Rwanda","SWZ","Eswatini",2020,"Import",5,164.003,145280,8,"Kg",145280
"S3","RWA","0571","Rwanda","SWZ","Eswatini",2021,"Gross Imp.",1,195.118,164720,8,"Kg",164720
"S3","RWA","0571","Rwanda","SWZ","Eswatini",2021,"Import",5,195.118,164720,8,"Kg",164720
"S3","RWA","0571","Rwanda","SWZ","Eswatini",2022,"Gross Imp.",1,25.704,24000,8,"Kg",24000
"S3","RWA","0571","Rwanda","SWZ","Eswatini",2022,"Import",5,25.704,24000,8,"Kg",24000
"S3","RWA","0571","Rwanda","TUR","Turkey",2020,"Gross Imp.",1,16.178,18700,8,"Kg",18700
"S3","RWA","0571","Rwanda","TUR","Turkey",2020,"Import",5,16.178,18700,8,"Kg",18700
"S3","RWA","0571","Rwanda","TUR","Turkey",2022,"Gross Imp.",1,0.373,720,8,"Kg",720
"S3","RWA","0571","Rwanda","TUR","Turkey",2022,"Import",5,0.373,720,8,"Kg",720
"S3","RWA","0571","Rwanda","TZA","Tanzania",2020,"Gross Imp.",1,901.746,1380716,8,"Kg",1380716
"S3","RWA","0571","Rwanda","TZA","Tanzania",2020,"Import",5,901.746,1380716,8,"Kg",1380716
"S3","RWA","0571","Rwanda","TZA","Tanzania",2021,"Gross Imp.",1,2188.947,3351125,8,"Kg",3351125
"S3","RWA","0571","Rwanda","TZA","Tanzania",2021,"Import",5,2188.947,3351125,8,"Kg",3351125
"S3","RWA","0571","Rwanda","TZA","Tanzania",2022,"Gross Imp.",1,2325.58,3823044,8,"Kg",3823044
"S3","RWA","0571","Rwanda","TZA","Tanzania",2022,"Import",5,2325.58,3823044,8,"Kg",3823044
"S3","RWA","0571","Rwanda","UGA","Uganda",2020,"Gross Imp.",1,10.382,16520,8,"Kg",16520
"S3","RWA","0571","Rwanda","UGA","Uganda",2020,"Import",5,10.382,16520,8,"Kg",16520
"S3","RWA","0571","Rwanda","UGA","Uganda",2022,"Export",6,4.463,5250,8,"Kg",5250
"S3","RWA","0571","Rwanda","UGA","Uganda",2022,"Gross Exp.",2,4.463,5250,8,"Kg",5250
"S3","RWA","0571","Rwanda","UGA","Uganda",2022,"Gross Imp.",1,1409.501,2291562,8,"Kg",2291562
"S3","RWA","0571","Rwanda","UGA","Uganda",2022,"Import",5,1409.501,2291562,8,"Kg",2291562
"S3","RWA","0571","Rwanda","WLD"," World",2020,"Export",6,0.219,2800,8,"Kg",2800
"S3","RWA","0571","Rwanda","WLD"," World",2020,"Gross Exp.",2,0.219,2800,8,"Kg",2800
"S3","RWA","0571","Rwanda","WLD"," World",2020,"Gross Imp.",1,1500.86,2076350,8,"Kg",2076350
"S3","RWA","0571","Rwanda","WLD"," World",2020,"Import",5,1500.86,2076350,8,"Kg",2076350
"S3","RWA","0571","Rwanda","WLD"," World",2021,"Export",6,0,0,8,"Kg",0
"S3","RWA","0571","Rwanda","WLD"," World",2021,"Gross Exp.",2,0.042,9,8,"Kg",9
"S3","RWA","0571","Rwanda","WLD"," World",2021,"Gross Imp.",1,3325.414,4974077,8,"Kg",4974077
"S3","RWA","0571","Rwanda","WLD"," World",2021,"Import",5,3325.414,4974077,8,"Kg",4974077
"S3","RWA","0571","Rwanda","WLD"," World",2021,"Re-Export",3,0.042,9,8,"Kg",9
"S3","RWA","0571","Rwanda","WLD"," World",2022,"Export",6,4.463,5250,8,"Kg",5250
"S3","RWA","0571","Rwanda","WLD"," World",2022,"Gross Exp.",2,4.923,7050,8,"Kg",7050
"S3","RWA","0571","Rwanda","WLD"," World",2022,"Gross Imp.",1,5038.926,7984205.5,8,"Kg",7984206
"S3","RWA","0571","Rwanda","WLD"," World",2022,"Import",5,5038.926,7984205.5,8,"Kg",7984206
"S3","RWA","0571","Rwanda","WLD"," World",2022,"Re-Export",3,0.46,1800,8,"Kg",1800
"S3","RWA","0571","Rwanda","ZAF","South Africa",2022,"Gross Imp.",1,49.225,57274.5,8,"Kg",57275
"S3","RWA","0571","Rwanda","ZAF","South Africa",2022,"Import",5,49.225,57274.5,8,"Kg",57275
"S3","RWA","0571","Rwanda","ZAR","Congo, Dem. Rep.",2020,"Export",6,0.219,2800,8,"Kg",2800
"S3","RWA","0571","Rwanda","ZAR","Congo, Dem. Rep.",2020,"Gross Exp.",2,0.219,2800,8,"Kg",2800
"S3","RWA","0571","Rwanda","ZAR","Congo, Dem. Rep.",2021,"Export",6,0,0,8,"Kg",0
"S3","RWA","0571","Rwanda","ZAR","Congo, Dem. Rep.",2021,"Gross Exp.",2,0.042,9,8,"Kg",9
"S3","RWA","0571","Rwanda","ZAR","Congo, Dem. Rep.",2021,"Re-Export",3,0.042,9,8,"Kg",9
"S3","RWA","0571","Rwanda","ZAR","Congo, Dem. Rep.",2022,"Export",6,0,0,8,"Kg",0
"S3","RWA","0571","Rwanda","ZAR","Congo, Dem. Rep.",2022,"Gross Exp.",2,0.46,1800,8,"Kg",1800
"S3","RWA","0571","Rwanda","ZAR","Congo, Dem. Rep.",2022,"Re-Export",3,0.46,1800,8,"Kg",1800
"S3","RWA","0571","Rwanda","ZWE","Zimbabwe",2022,"Gross Imp.",1,188.891,191800,8,"Kg",191800
"S3","RWA","0571","Rwanda","ZWE","Zimbabwe",2022,"Import",5,188.891,191800,8,"Kg",191800
"S3","RWA","0572","Rwanda","ARE","United Arab Emirates",2021,"Gross Imp.",1,0.041,20,8,"Kg",20
"S3","RWA","0572","Rwanda","ARE","United Arab Emirates",2021,"Import",5,0.041,20,8,"Kg",20
"S3","RWA","0572","Rwanda","CHN","China",2020,"Gross Imp.",1,0.075,115,8,"Kg",115
"S3","RWA","0572","Rwanda","CHN","China",2020,"Import",5,0.075,115,8,"Kg",115
"S3","RWA","0572","Rwanda","CHN","China",2021,"Gross Imp.",1,0.031,2,8,"Kg",2
"S3","RWA","061","Rwanda","IND","India",2021,"Gross Imp.",1,39969.114,72621638,8,"Kg",72621638
"S3","RWA","061","Rwanda","IND","India",2021,"Import",5,39969.114,72621638,8,"Kg",72621638
"S3","RWA","061","Rwanda","IND","India",2022,"Gross Imp.",1,78806.487,109046309.304,8,"Kg",109046309
"S3","RWA","061","Rwanda","IND","India",2022,"Import",5,78806.487,109046309.304,8,"Kg",109046309
"S3","RWA","061","Rwanda","ITA","Italy",2020,"Gross Imp.",1,1.289,120,8,"Kg",120
"S3","RWA","061","Rwanda","ITA","Italy",2020,"Import",5,1.289,120,8,"Kg",120
"S3","RWA","061","Rwanda","ITA","Italy",2021,"Gross Imp.",1,1.619,168,8,"Kg",168
"S3","RWA","061","Rwanda","ITA","Italy",2021,"Import",5,1.619,168,8,"Kg",168
"S3","RWA","061","Rwanda","ITA","Italy",2022,"Gross Imp.",1,0.06,152,8,"Kg",152
"S3","RWA","061","Rwanda","ITA","Italy",2022,"Import",5,0.06,152,8,"Kg",152
"S3","RWA","061","Rwanda","KEN","Kenya",2020,"Gross Imp.",1,213.095,150296.7,8,"Kg",150297
"S3","RWA","061","Rwanda","KEN","Kenya",2020,"Import",5,213.095,150296.7,8,"Kg",150297
"S3","RWA","061","Rwanda","KEN","Kenya",2021,"Gross Imp.",1,254.64,168416.9,8,"Kg",168417
"S3","RWA","061","Rwanda","KEN","Kenya",2021,"Import",5,254.64,168416.9,8,"Kg",168417
"S3","RWA","061","Rwanda","KEN","Kenya",2022,"Gross Imp.",1,318.596,213533.78,8,"Kg",213534
"S3","RWA","061","Rwanda","KEN","Kenya",2022,"Import",5,318.596,213533.78,8,"Kg",213534
"S3","RWA","061","Rwanda","KOR","Korea, Rep.",2020,"Gross Imp.",1,0.008,5,8,"Kg",5
"S3","RWA","061","Rwanda","KOR","Korea, Rep.",2020,"Import",5,0.008,5,8,"Kg",5
"S3","RWA","061","Rwanda","KOR","Korea, Rep.",2021,"Gross Imp.",1,0.086,5,8,"Kg",5
"S3","RWA","061","Rwanda","KOR","Korea, Rep.",2021,"Import",5,0.086,5,8,"Kg",5
"S3","RWA","061","Rwanda","KOR","Korea, Rep.",2022,"Export",6,0.233,85,8,"Kg",85
"S3","RWA","061","Rwanda","KOR","Korea, Rep.",2022,"Gross Exp.",2,0.233,85,8,"Kg",85
"S3","RWA","061","Rwanda","KOR","Korea, Rep.",2022,"Gross Imp.",1,1.153,847,8,"Kg",847
"S3","RWA","061","Rwanda","KOR","Korea, Rep.",2022,"Import",5,1.153,847,8,"Kg",847
"S3","RWA","061","Rwanda","MAR","Morocco",2020,"Gross Imp.",1,42.687,89888,8,"Kg",89888
"S3","RWA","061","Rwanda","MAR","Morocco",2020,"Import",5,42.687,89888,8,"Kg",89888
"S3","RWA","061","Rwanda","MAR","Morocco",2022,"Gross Imp.",1,133.182,156499,8,"Kg",156499
"S3","RWA","061","Rwanda","MAR","Morocco",2022,"Import",5,133.182,156499,8,"Kg",156499
"S3","RWA","061","Rwanda","MDG","Madagascar",2021,"Gross Imp.",1,2067.28,3009600,8,"Kg",3009600
"S3","RWA","061","Rwanda","MDG","Madagascar",2021,"Import",5,2067.28,3009600,8,"Kg",3009600
"S3","RWA","061","Rwanda","MDG","Madagascar",2022,"Gross Imp.",1,0.012,2,8,"Kg",2
"S3","RWA","061","Rwanda","MDG","Madagascar",2022,"Import",5,0.012,2,8,"Kg",2
"S3","RWA","061","Rwanda","MEX","Mexico",2020,"Gross Imp.",1,38.045,89888,8,"Kg",89888
"S3","RWA","061","Rwanda","MEX","Mexico",2020,"Import",5,38.045,89888,8,"Kg",89888
"S3","RWA","061","Rwanda","MEX","Mexico",2022,"Gross Imp.",1,0.112,15.6,8,"Kg",16
"S3","RWA","061","Rwanda","MEX","Mexico",2022,"Import",5,0.112,15.6,8,"Kg",16
"S3","RWA","061","Rwanda","MKD","North Macedonia",2022,"Gross Imp.",1,0.957,176,8,"Kg",176
"S3","RWA","061","Rwanda","MKD","North Macedonia",2022,"Import",5,0.957,176,8,"Kg",176
"S3","RWA","061","Rwanda","MOZ","Mozambique",2020,"Gross Imp.",1,3980.75,9033202,8,"Kg",9033202
"S3","RWA","061","Rwanda","MOZ","Mozambique",2020,"Import",5,3980.75,9033202,8,"Kg",9033202
"S3","RWA","061","Rwanda","MOZ","Mozambique",2021,"Gross Imp.",1,3032.034,5332792,8,"Kg",5332792
"S3","RWA","061","Rwanda","MOZ","Mozambique",2021,"Import",5,3032.034,5332792,8,"Kg",5332792
"S3","RWA","061","Rwanda","MOZ","Mozambique",2022,"Gross Imp.",1,1087.205,2152444,8,"Kg",2152444
"S3","RWA","061","Rwanda","MOZ","Mozambique",2022,"Import",5,1087.205,2152444,8,"Kg",2152444
"S3","RWA","061","Rwanda","MUS","Mauritius",2022,"Gross Imp.",1,3083.727,3530038,8,"Kg",3530038
"S3","RWA","061","Rwanda","MUS","Mauritius",2022,"Import",5,3083.727,3530038,8,"Kg",3530038
"S3","RWA","061","Rwanda","MWI","Malawi",2020,"Gross Imp.",1,9686.85,19480400,8,"Kg",19480400
"S3","RWA","061","Rwanda","MWI","Malawi",2020,"Import",5,9686.85,19480400,8,"Kg",19480400
"S3","RWA","061","Rwanda","MWI","Malawi",2021,"Gross Imp.",1,40490.871,62812800,8,"Kg",62812800
"S3","RWA","061","Rwanda","MWI","Malawi",2021,"Import",5,40490.871,62812800,8,"Kg",62812800
"S3","RWA","061","Rwanda","MWI","Malawi",2022,"Gross Imp.",1,18819.264,26765304,8,"Kg",26765304
"S3","RWA","061","Rwanda","MWI","Malawi",2022,"Import",5,18819.264,26765304,8,"Kg",26765304
"S3","RWA","061","Rwanda","NLD","Netherlands",2020,"Gross Imp.",1,1.244,309,8,"Kg",309
"S3","RWA","061","Rwanda","NLD","Netherlands",2020,"Import",5,1.244,309,8,"Kg",309
"S3","RWA","061","Rwanda","NLD","Netherlands",2021,"Gross Imp.",1,1.983,508.66,8,"Kg",509
"S3","RWA","061","Rwanda","NLD","Netherlands",2021,"Import",5,1.983,508.66,8,"Kg",509
"S3","RWA","061","Rwanda","NLD","Netherlands",2022,"Gross Imp.",1,2.018,1366.61,8,"Kg",1367
"S3","RWA","061","Rwanda","NLD","Netherlands",2022,"Import",5,2.018,1366.61,8,"Kg",1367
"S3","RWA","061","Rwanda","OMN","Oman",2021,"Export",6,0.953,270,8,"Kg",270
"S3","RWA","061","Rwanda","OMN","Oman",2021,"Gross Exp.",2,0.953,270,8,"Kg",270
"S3","RWA","061","Rwanda","OMN","Oman",2022,"Export",6,0.627,176,8,"Kg",176
"S3","RWA","061","Rwanda","OMN","Oman",2022,"Gross Exp.",2,0.627,176,8,"Kg",176
"S3","RWA","061","Rwanda","PAK","Pakistan",2020,"Gross Imp.",1,0.301,34.4,8,"Kg",34
"S3","RWA","061","Rwanda","PAK","Pakistan",2020,"Import",5,0.301,34.4,8,"Kg",34
"S3","RWA","061","Rwanda","PAK","Pakistan",2021,"Gross Imp.",1,0.082,12,8,"Kg",12
"S3","RWA","061","Rwanda","PAK","Pakistan",2021,"Import",5,0.082,12,8,"Kg",12
"S3","RWA","061","Rwanda","PAK","Pakistan",2022,"Gross Imp.",1,0.12,210,8,"Kg",210
"S3","RWA","061","Rwanda","PAK","Pakistan",2022,"Import",5,0.12,210,8,"Kg",210
"S3","RWA","061","Rwanda","SAU","Saudi Arabia",2020,"Gross Imp.",1,4729.226,8741730,8,"Kg",8741730
"S3","RWA","061","Rwanda","SAU","Saudi Arabia",2020,"Import",5,4729.226,8741730,8,"Kg",8741730
"S3","RWA","061","Rwanda","SAU","Saudi Arabia",2021,"Export",6,0.604,98,8,"Kg",98
"S3","RWA","061","Rwanda","SAU","Saudi Arabia",2021,"Gross Exp.",2,0.604,98,8,"Kg",98
"S3","RWA","061","Rwanda","SAU","Saudi Arabia",2021,"Gross Imp.",1,3498.262,6195956,8,"Kg",6195956
"S3","RWA","061","Rwanda","SAU","Saudi Arabia",2021,"Import",5,3498.262,6195956,8,"Kg",6195956
"S3","RWA","061","Rwanda","SAU","Saudi Arabia",2022,"Gross Imp.",1,2628.706,3943012,8,"Kg",3943012
"S3","RWA","061","Rwanda","SAU","Saudi Arabia",2022,"Import",5,2628.706,3943012,8,"Kg",3943012
"S3","RWA","061","Rwanda","SGP","Singapore",2020,"Export",6,30.323,6000,8,"Kg",6000
"S3","RWA","061","Rwanda","SGP","Singapore",2020,"Gross Exp.",2,30.323,6000,8,"Kg",6000
"S3","RWA","061","Rwanda","SGP","Singapore",2021,"Gross Imp.",1,158.332,270000,8,"Kg",270000
"S3","RWA","061","Rwanda","SGP","Singapore",2021,"Import",5,158.332,270000,8,"Kg",270000
"S3","RWA","061","Rwanda","SGP","Singapore",2022,"Export",6,20.205,4000,8,"Kg",4000
"S3","RWA","061","Rwanda","SGP","Singapore",2022,"Gross Exp.",2,20.205,4000,8,"Kg",4000
"S3","RWA","061","Rwanda","SUD","Sudan",2022,"Export",6,7.853,1300,8,"Kg",1300
"S3","RWA","061","Rwanda","SUD","Sudan",2022,"Gross Exp.",2,7.853,1300,8,"Kg",1300
"S3","RWA","061","Rwanda","SWZ","Eswatini",2020,"Gross Imp.",1,2877.1,6179682,8,"Kg",6179682
"S3","RWA","061","Rwanda","SWZ","Eswatini",2020,"Import",5,2877.1,6179682,8,"Kg",6179682
"S3","RWA","061","Rwanda","SWZ","Eswatini",2021,"Gross Imp.",1,5954.979,9982822,8,"Kg",9982822
"S3","RWA","061","Rwanda","SWZ","Eswatini",2021,"Import",5,5954.979,9982822,8,"Kg",9982822
"S3","RWA","061","Rwanda","SWZ","Eswatini",2022,"Gross Imp.",1,25762.562,36620326,8,"Kg",36620326
"S3","RWA","061","Rwanda","SWZ","Eswatini",2022,"Import",5,25762.562,36620326,8,"Kg",36620326
"S3","RWA","061","Rwanda","THA","Thailand",2020,"Gross Imp.",1,4863.404,10175600,8,"Kg",10175600
"S3","RWA","061","Rwanda","THA","Thailand",2020,"Import",5,4863.404,10175600,8,"Kg",10175600
"S3","RWA","061","Rwanda","THA","Thailand",2021,"Gross Imp.",1,698.439,1302000,8,"Kg",1302000
"S3","RWA","061","Rwanda","THA","Thailand",2021,"Import",5,698.439,1302000,8,"Kg",1302000
"S3","RWA","061","Rwanda","THA","Thailand",2022,"Gross Imp.",1,4865.612,6238500,8,"Kg",6238500
"S3","RWA","061","Rwanda","THA","Thailand",2022,"Import",5,4865.612,6238500,8,"Kg",6238500
"S3","RWA","061","Rwanda","TUR","Turkey",2021,"Gross Imp.",1,0.841,1112.9,8,"Kg",1113
"S3","RWA","061","Rwanda","TUR","Turkey",2021,"Import",5,0.841,1112.9,8,"Kg",1113
"S3","RWA","061","Rwanda","TUR","Turkey",2022,"Gross Imp.",1,0.234,215,8,"Kg",215
"S3","RWA","061","Rwanda","TUR","Turkey",2022,"Import",5,0.234,215,8,"Kg",215
"S3","RWA","061","Rwanda","TZA","Tanzania",2020,"Gross Imp.",1,1112.647,1031388,8,"Kg",1031388
"S3","RWA","061","Rwanda","TZA","Tanzania",2020,"Import",5,1112.647,1031388,8,"Kg",1031388
"S3","RWA","061","Rwanda","TZA","Tanzania",2021,"Export",6,0.156,250,8,"Kg",250
"S3","RWA","061","Rwanda","TZA","Tanzania",2021,"Gross Exp.",2,0.156,250,8,"Kg",250
"S3","RWA","061","Rwanda","TZA","Tanzania",2021,"Gross Imp.",1,1083.382,923245,8,"Kg",923245
"S3","RWA","061","Rwanda","TZA","Tanzania",2021,"Import",5,1083.382,923245,8,"Kg",923245
"S3","RWA","061","Rwanda","TZA","Tanzania",2022,"Gross Imp.",1,1711.294,1539653.5,8,"Kg",1539654
"S3","RWA","061","Rwanda","TZA","Tanzania",2022,"Import",5,1711.294,1539653.5,8,"Kg",1539654
"S3","RWA","061","Rwanda","UGA","Uganda",2020,"Export",6,0.277,480,8,"Kg",480
"S3","RWA","061","Rwanda","UGA","Uganda",2020,"Gross Exp.",2,0.277,480,8,"Kg",480
"S3","RWA","061","Rwanda","UGA","Uganda",2022,"Export",6,34.056,282830,8,"Kg",282830
"S3","RWA","061","Rwanda","UGA","Uganda",2022,"Gross Exp.",2,34.056,282830,8,"Kg",282830
"S3","RWA","061","Rwanda","UGA","Uganda",2022,"Gross Imp.",1,1662.22,1749872,8,"Kg",1749872
"S3","RWA","061","Rwanda","UGA","Uganda",2022,"Import",5,1662.22,1749872,8,"Kg",1749872
"S3","RWA","061","Rwanda","USA","United States",2020,"Export",6,1.107,600,8,"Kg",600
"S3","RWA","061","Rwanda","USA","United States",2020,"Gross Exp.",2,1.107,600,8,"Kg",600
"S3","RWA","061","Rwanda","USA","United States",2020,"Gross Imp.",1,0.027,1,8,"Kg",1
"S3","RWA","061","Rwanda","USA","United States",2020,"Import",5,0.027,1,8,"Kg",1
"S3","RWA","061","Rwanda","USA","United States",2021,"Export",6,0.03,12,8,"Kg",12
"S3","RWA","061","Rwanda","USA","United States",2021,"Gross Exp.",2,0.03,12,8,"Kg",12
"S3","RWA","061","Rwanda","USA","United States",2021,"Gross Imp.",1,32.206,4084,8,"Kg",4084
"S3","RWA","061","Rwanda","USA","United States",2021,"Import",5,32.206,4084,8,"Kg",4084
"S3","RWA","061","Rwanda","USA","United States",2022,"Export",6,1.326,110,8,"Kg",110
"S3","RWA","061","Rwanda","USA","United States",2022,"Gross Exp.",2,1.326,110,8,"Kg",110
"S3","RWA","061","Rwanda","USA","United States",2022,"Gross Imp.",1,0.013,22.66,8,"Kg",23
"S3","RWA","061","Rwanda","USA","United States",2022,"Import",5,0.013,22.66,8,"Kg",23
"S3","RWA","061","Rwanda","WLD"," World",2020,"Export",6,36.669,8074,8,"Kg",8074
"S3","RWA","061","Rwanda","WLD"," World",2020,"Gross Exp.",2,13620.753,23671111.54,8,"Kg",23671112
"S3","RWA","061","Rwanda","WLD"," World",2020,"Gross Imp.",1,69759.629,146023801.41,8,"Kg",146023801
"S3","RWA","061","Rwanda","WLD"," World",2020,"Import",5,69759.629,146023801.41,8,"Kg",146023801
"S3","RWA","061","Rwanda","WLD"," World",2020,"Re-Export",3,13584.084,23663037.54,8,"Kg",23663038
"S3","RWA","061","Rwanda","WLD"," World",2021,"Export",6,54.016,51810.2,8,"Kg",51810
"S3","RWA","061","Rwanda","WLD"," World",2021,"Gross Exp.",2,29313.51,46010425.3,8,"Kg",46010425
"S3","RWA","061","Rwanda","WLD"," World",2021,"Gross Imp.",1,108198.314,182476061.23,8,"Kg",182476061
"S3","RWA","061","Rwanda","WLD"," World",2021,"Import",5,108198.314,182476061.23,8,"Kg",182476061
"S3","RWA","061","Rwanda","WLD"," World",2021,"Re-Export",3,29259.494,45958615.1,8,"Kg",45958615
"S3","RWA","061","Rwanda","WLD"," World",2022,"Export",6,981.658,451426,8,"Kg",451426
"S3","RWA","061","Rwanda","WLD"," World",2022,"Gross Exp.",2,40424.747,48945438.3,8,"Kg",48945438
"S3","RWA","061","Rwanda","WLD"," World",2022,"Gross Imp.",1,176051.363,242459102.154,8,"Kg",242459102
"S3","RWA","061","Rwanda","WLD"," World",2022,"Import",5,176051.363,242459102.154,8,"Kg",242459102
"S3","RWA","061","Rwanda","WLD"," World",2022,"Re-Export",3,39443.089,48494012.3,8,"Kg",48494012
"S3","RWA","061","Rwanda","ZAF","South Africa",2020,"Gross Imp.",1,1019.813,2415449,8,"Kg",2415449
"S3","RWA","061","Rwanda","ZAF","South Africa",2020,"Import",5,1019.813,2415449,8,"Kg",2415449
"S3","RWA","061","Rwanda","ZAF","South Africa",2021,"Gross Imp.",1,1237.905,2346370.04,8,"Kg",2346370
"S3","RWA","061","Rwanda","ZAF","South Africa",2021,"Import",5,1237.905,2346370.04,8,"Kg",2346370
"S3","RWA","061","Rwanda","ZAF","South Africa",2022,"Gross Imp.",1,9382.771,13113971,8,"Kg",13113971
"S3","RWA","061","Rwanda","ZAF","South Africa",2022,"Import",5,9382.771,13113971,8,"Kg",13113971
"S3","RWA","061","Rwanda","ZAR","Congo, Dem. Rep.",2020,"Export",6,0,0,8,"Kg",0
"S3","RWA","061","Rwanda","ZAR","Congo, Dem. Rep.",2020,"Gross Exp.",2,13575.027,23647999.74,8,"Kg",23648000
"S3","RWA","061","Rwanda","ZAR","Congo, Dem. Rep.",2020,"Gross Imp.",1,4.64,6948,8,"Kg",6948
"S3","RWA","061","Rwanda","ZAR","Congo, Dem. Rep.",2020,"Import",5,4.64,6948,8,"Kg",6948
"S3","RWA","061","Rwanda","ZAR","Congo, Dem. Rep.",2020,"Re-Export",3,13575.027,23647999.74,8,"Kg",23648000
"S3","RWA","061","Rwanda","ZAR","Congo, Dem. Rep.",2021,"Export",6,39.787,49764,8,"Kg",49764
"S3","RWA","061","Rwanda","ZAR","Congo, Dem. Rep.",2021,"Gross Exp.",2,29299.281,46008379.1,8,"Kg",46008379
"S3","RWA","061","Rwanda","ZAR","Congo, Dem. Rep.",2021,"Gross Imp.",1,0.848,1700,8,"Kg",1700
"S3","RWA","061","Rwanda","ZAR","Congo, Dem. Rep.",2021,"Import",5,0.848,1700,8,"Kg",1700
"S3","RWA","061","Rwanda","ZAR","Congo, Dem. Rep.",2021,"Re-Export",3,29259.494,45958615.1,8,"Kg",45958615
"S3","RWA","061","Rwanda","ZAR","Congo, Dem. Rep.",2022,"Export",6,37.382,49500,8,"Kg",49500
"S3","RWA","061","Rwanda","ZAR","Congo, Dem. Rep.",2022,"Gross Exp.",2,39480.346,48543450.3,8,"Kg",48543450
"S3","RWA","061","Rwanda","ZAR","Congo, Dem. Rep.",2022,"Gross Imp.",1,51.383,78927,8,"Kg",78927
"S3","RWA","061","Rwanda","ZAR","Congo, Dem. Rep.",2022,"Import",5,51.383,78927,8,"Kg",78927
"S3","RWA","061","Rwanda","ZAR","Congo, Dem. Rep.",2022,"Re-Export",3,39442.964,48493950.3,8,"Kg",48493950
"S3","RWA","061","Rwanda","ZMB","Zambia",2020,"Gross Imp.",1,12318.264,23077150,8,"Kg",23077150
"S3","RWA","061","Rwanda","ZMB","Zambia",2020,"Import",5,12318.264,23077150,8,"Kg",23077150
"S3","RWA","061","Rwanda","ZMB","Zambia",2021,"Gross Imp.",1,1410.079,2144584,8,"Kg",2144584
"S3","RWA","061","Rwanda","ZMB","Zambia",2021,"Import",5,1410.079,2144584,8,"Kg",2144584
"S3","RWA","061","Rwanda","ZMB","Zambia",2022,"Export",6,0,0,8,"Kg",0
"S3","RWA","061","Rwanda","ZMB","Zambia",2022,"Gross Exp.",2,0.125,62,8,"Kg",62
"S3","RWA","061","Rwanda","ZMB","Zambia",2022,"Gross Imp.",1,11249.919,14379234,8,"Kg",14379234
"S3","RWA","061","Rwanda","ZMB","Zambia",2022,"Import",5,11249.919,14379234,8,"Kg",14379234
"S3","RWA","061","Rwanda","ZMB","Zambia",2022,"Re-Export",3,0.125,62,8,"Kg",62
"S3","RWA","061","Rwanda","ZWE","Zimbabwe",2020,"Gross Imp.",1,275.907,501600,8,"Kg",501600
"S3","RWA","061","Rwanda","ZWE","Zimbabwe",2020,"Import",5,275.907,501600,8,"Kg",501600
"S3","RWA","061","Rwanda","ZWE","Zimbabwe",2022,"Gross Imp.",1,1342.088,1758408,8,"Kg",1758408
"S3","RWA","061","Rwanda","ZWE","Zimbabwe",2022,"Import",5,1342.088,1758408,8,"Kg",1758408
"S3","RWA","0611","Rwanda","AND","Andorra",2020,"Gross Imp.",1,0.007,50,8,"Kg",50
"S3","RWA","0611","Rwanda","AND","Andorra",2020,"Import",5,0.007,50,8,"Kg",50
"S3","RWA","0611","Rwanda","ARE","United Arab Emirates",2020,"Gross Imp.",1,11.089,20017,8,"Kg",20017
"S3","RWA","0611","Rwanda","ARE","United Arab Emirates",2020,"Import",5,11.089,20017,8,"Kg",20017
"S3","RWA","0611","Rwanda","ARE","United Arab Emirates",2021,"Gross Imp.",1,18.884,25280,8,"Kg",25280
"S3","RWA","0611","Rwanda","ARE","United Arab Emirates",2021,"Import",5,18.884,25280,8,"Kg",25280
"S3","RWA","0611","Rwanda","ARE","United Arab Emirates",2022,"Gross Imp.",1,30.078,43591,8,"Kg",43591
"S3","RWA","0611","Rwanda","ARE","United Arab Emirates",2022,"Import",5,30.078,43591,8,"Kg",43591
"S3","RWA","0611","Rwanda","BEL","Belgium",2020,"Export",6,0.126,120,8,"Kg",120
"S3","RWA","0611","Rwanda","BEL","Belgium",2020,"Gross Exp.",2,0.126,120,8,"Kg",120
"S3","RWA","0611","Rwanda","BEL","Belgium",2020,"Gross Imp.",1,0.097,20,8,"Kg",20
"S3","RWA","0611","Rwanda","BEL","Belgium",2020,"Import",5,0.097,20,8,"Kg",20
"S3","RWA","0611","Rwanda","BEL","Belgium",2021,"Gross Imp.",1,1.647,595,8,"Kg",595
"S3","RWA","0611","Rwanda","BEL","Belgium",2021,"Import",5,1.647,595,8,"Kg",595
"S3","RWA","0611","Rwanda","BEL","Belgium",2022,"Gross Imp.",1,1.51,1333.4,8,"Kg",1333
"S3","RWA","0611","Rwanda","BEL","Belgium",2022,"Import",5,1.51,1333.4,8,"Kg",1333
"S3","RWA","0611","Rwanda","BGR","Bulgaria",2020,"Gross Imp.",1,12.112,27000,8,"Kg",27000
"S3","RWA","0611","Rwanda","BGR","Bulgaria",2020,"Import",5,12.112,27000,8,"Kg",27000
"S3","RWA","0611","Rwanda","BRA","Brazil",2020,"Gross Imp.",1,536.818,1245873,8,"Kg",1245873
"S3","RWA","0611","Rwanda","BRA","Brazil",2020,"Import",5,536.818,1245873,8,"Kg",1245873
"S3","RWA","0611","Rwanda","BRA","Brazil",2021,"Gross Imp.",1,429.342,782506,8,"Kg",782506
"S3","RWA","0611","Rwanda","BRA","Brazil",2021,"Import",5,429.342,782506,8,"Kg",782506
"S3","RWA","0611","Rwanda","BRA","Brazil",2022,"Gross Imp.",1,201.803,260532,8,"Kg",260532
"S3","RWA","0611","Rwanda","BRA","Brazil",2022,"Import",5,201.803,260532,8,"Kg",260532
"S3","RWA","0611","Rwanda","CAN","Canada",2022,"Gross Imp.",1,0.039,40,8,"Kg",40
"S3","RWA","0611","Rwanda","CAN","Canada",2022,"Import",5,0.039,40,8,"Kg",40
"S3","RWA","0611","Rwanda","CHN","China",2020,"Gross Imp.",1,0.152,204,8,"Kg",204
"S3","RWA","0611","Rwanda","CHN","China",2020,"Import",5,0.152,204,8,"Kg",204
"S3","RWA","0611","Rwanda","CHN","China",2021,"Gross Imp.",1,0.294,444,8,"Kg",444
"S3","RWA","0611","Rwanda","CHN","China",2021,"Import",5,0.294,444,8,"Kg",444
"S3","RWA","0611","Rwanda","CHN","China",2022,"Gross Imp.",1,4.284,3581.7,8,"Kg",3582
"S3","RWA","0611","Rwanda","CHN","China",2022,"Import",5,4.284,3581.7,8,"Kg",3582
"S3","RWA","0611","Rwanda","DEU","Germany",2022,"Gross Imp.",1,0.248,280.2,8,"Kg",280
"S3","RWA","0611","Rwanda","DEU","Germany",2022,"Import",5,0.248,280.2,8,"Kg",280
"S3","RWA","0611","Rwanda","EGY","Egypt, Arab Rep.",2021,"Gross Imp.",1,423.167,541620,8,"Kg",541620
"S3","RWA","0611","Rwanda","EGY","Egypt, Arab Rep.",2021,"Import",5,423.167,541620,8,"Kg",541620
"S3","RWA","0611","Rwanda","EGY","Egypt, Arab Rep.",2022,"Gross Imp.",1,517.154,661700,8,"Kg",661700
"S3","RWA","0611","Rwanda","EGY","Egypt, Arab Rep.",2022,"Import",5,517.154,661700,8,"Kg",661700
"S3","RWA","0611","Rwanda","FRA","France",2022,"Gross Imp.",1,0.734,411,8,"Kg",411
"S3","RWA","0611","Rwanda","FRA","France",2022,"Import",5,0.734,411,8,"Kg",411
"S3","RWA","0611","Rwanda","GRC","Greece",2022,"Gross Imp.",1,0.006,1,8,"Kg",1
"S3","RWA","0611","Rwanda","GRC","Greece",2022,"Import",5,0.006,1,8,"Kg",1
"S3","RWA","0611","Rwanda","IND","India",2020,"Gross Imp.",1,693.807,1755548.13,8,"Kg",1755548
"S3","RWA","0611","Rwanda","IND","India",2020,"Import",5,693.807,1755548.13,8,"Kg",1755548
"S3","RWA","0611","Rwanda","IND","India",2021,"Gross Imp.",1,5188.114,9025756,8,"Kg",9025756
"S3","RWA","0611","Rwanda","IND","India",2021,"Import",5,5188.114,9025756,8,"Kg",9025756
"S3","RWA","0611","Rwanda","IND","India",2022,"Gross Imp.",1,27527.507,38768664.004,8,"Kg",38768664
"S3","RWA","0611","Rwanda","IND","India",2022,"Import",5,27527.507,38768664.004,8,"Kg",38768664
"S3","RWA","0611","Rwanda","KEN","Kenya",2020,"Gross Imp.",1,41.712,37769,8,"Kg",37769
"S3","RWA","0611","Rwanda","KEN","Kenya",2020,"Import",5,41.712,37769,8,"Kg",37769
"S3","RWA","0611","Rwanda","KEN","Kenya",2021,"Gross Imp.",1,35.685,25832,8,"Kg",25832
"S3","RWA","0611","Rwanda","KEN","Kenya",2021,"Import",5,35.685,25832,8,"Kg",25832
"S3","RWA","0611","Rwanda","KEN","Kenya",2022,"Gross Imp.",1,39.823,28480.9,8,"Kg",28481
"S3","RWA","0611","Rwanda","KEN","Kenya",2022,"Import",5,39.823,28480.9,8,"Kg",28481
"S3","RWA","0611","Rwanda","MOZ","Mozambique",2020,"Gross Imp.",1,448.976,1081984,8,"Kg",1081984
"S3","RWA","0611","Rwanda","MOZ","Mozambique",2020,"Import",5,448.976,1081984,8,"Kg",1081984
"S3","RWA","0611","Rwanda","MOZ","Mozambique",2021,"Gross Imp.",1,1595.377,2437290,8,"Kg",2437290
"S3","RWA","0611","Rwanda","MOZ","Mozambique",2021,"Import",5,1595.377,2437290,8,"Kg",2437290
"S3","RWA","0611","Rwanda","MOZ","Mozambique",2022,"Gross Imp.",1,354.947,649944,8,"Kg",649944
"S3","RWA","0611","Rwanda","MOZ","Mozambique",2022,"Import",5,354.947,649944,8,"Kg",649944
"S3","RWA","0611","Rwanda","MUS","Mauritius",2022,"Gross Imp.",1,755.61,1000020,8,"Kg",1000020
"S3","RWA","0611","Rwanda","MUS","Mauritius",2022,"Import",5,755.61,1000020,8,"Kg",1000020
"S3","RWA","0611","Rwanda","MWI","Malawi",2020,"Gross Imp.",1,46.03,81000,8,"Kg",81000
"S3","RWA","0611","Rwanda","MWI","Malawi",2020,"Import",5,46.03,81000,8,"Kg",81000
"S3","RWA","0611","Rwanda","MWI","Malawi",2022,"Gross Imp.",1,0.115,54,8,"Kg",54
"S3","RWA","0611","Rwanda","MWI","Malawi",2022,"Import",5,0.115,54,8,"Kg",54
"S3","RWA","0611","Rwanda","NLD","Netherlands",2020,"Gross Imp.",1,0.902,196,8,"Kg",196
"S3","RWA","0611","Rwanda","NLD","Netherlands",2020,"Import",5,0.902,196,8,"Kg",196
"S3","RWA","0611","Rwanda","NLD","Netherlands",2021,"Gross Imp.",1,0.753,84,8,"Kg",84
"S3","RWA","0611","Rwanda","NLD","Netherlands",2021,"Import",5,0.753,84,8,"Kg",84
"S3","RWA","0611","Rwanda","SGP","Singapore",2021,"Gross Imp.",1,158.332,270000,8,"Kg",270000
"S3","RWA","0611","Rwanda","SGP","Singapore",2021,"Import",5,158.332,270000,8,"Kg",270000
"S3","RWA","0611","Rwanda","SWZ","Eswatini",2022,"Gross Imp.",1,295.524,425360,8,"Kg",425360
"S3","RWA","0611","Rwanda","SWZ","Eswatini",2022,"Import",5,295.524,425360,8,"Kg",425360
"S3","RWA","0611","Rwanda","THA","Thailand",2022,"Gross Imp.",1,2073.169,2427450,8,"Kg",2427450
"S3","RWA","0611","Rwanda","THA","Thailand",2022,"Import",5,2073.169,2427450,8,"Kg",2427450
"S3","RWA","0611","Rwanda","TUR","Turkey",2022,"Gross Imp.",1,0.046,5,8,"Kg",5
"S3","RWA","0611","Rwanda","TUR","Turkey",2022,"Import",5,0.046,5,8,"Kg",5
"S3","RWA","0611","Rwanda","TZA","Tanzania",2021,"Export",6,0.156,250,8,"Kg",250
"S3","RWA","0611","Rwanda","TZA","Tanzania",2021,"Gross Exp.",2,0.156,250,8,"Kg",250
"S3","RWA","0611","Rwanda","TZA","Tanzania",2022,"Gross Imp.",1,0.157,150,8,"Kg",150
"S3","RWA","0611","Rwanda","TZA","Tanzania",2022,"Import",5,0.157,150,8,"Kg",150
"S3","RWA","0611","Rwanda","UGA","Uganda",2022,"Gross Imp.",1,0.667,685,8,"Kg",685
"S3","RWA","0611","Rwanda","UGA","Uganda",2022,"Import",5,0.667,685,8,"Kg",685
"S3","RWA","0611","Rwanda","WLD"," World",2020,"Export",6,0.126,120,8,"Kg",120
"S3","RWA","0611","Rwanda","WLD"," World",2020,"Gross Exp.",2,1503.912,2688752,8,"Kg",2688752
"S3","RWA","0611","Rwanda","WLD"," World",2020,"Gross Imp.",1,1855.158,4359661.13,8,"Kg",4359661
"S3","RWA","0611","Rwanda","WLD"," World",2020,"Import",5,1855.158,4359661.13,8,"Kg",4359661
"S3","RWA","0611","Rwanda","WLD"," World",2020,"Re-Export",3,1503.786,2688632,8,"Kg",2688632
"S3","RWA","0611","Rwanda","WLD"," World",2021,"Export",6,0.156,250,8,"Kg",250
"S3","RWA","0611","Rwanda","WLD"," World",2021,"Gross Exp.",2,8580.295,13119918,8,"Kg",13119918
"S3","RWA","0611","Rwanda","WLD"," World",2021,"Gross Imp.",1,8609.502,14701074,8,"Kg",14701074
"S3","RWA","0611","Rwanda","WLD"," World",2021,"Import",5,8609.502,14701074,8,"Kg",14701074
"S3","RWA","0611","Rwanda","WLD"," World",2021,"Re-Export",3,8580.139,13119668,8,"Kg",13119668
"S3","RWA","0611","Rwanda","WLD"," World",2022,"Export",6,0,0,8,"Kg",0
"S3","RWA","0611","Rwanda","WLD"," World",2022,"Gross Exp.",2,21766.208,26172728.4,8,"Kg",26172728
"S3","RWA","0611","Rwanda","WLD"," World",2022,"Gross Imp.",1,40953.516,57070403.204,8,"Kg",57070403
"S3","RWA","0611","Rwanda","WLD"," World",2022,"Import",5,40953.516,57070403.204,8,"Kg",57070403
"S3","RWA","0611","Rwanda","WLD"," World",2022,"Re-Export",3,21766.208,26172728.4,8,"Kg",26172728
"S3","RWA","0611","Rwanda","ZAF","South Africa",2021,"Gross Imp.",1,745.011,1564983,8,"Kg",1564983
"S3","RWA","0611","Rwanda","ZAF","South Africa",2021,"Import",5,745.011,1564983,8,"Kg",1564983
"S3","RWA","0611","Rwanda","ZAF","South Africa",2022,"Gross Imp.",1,9150.057,12798070,8,"Kg",12798070
"S3","RWA","0611","Rwanda","ZAF","South Africa",2022,"Import",5,9150.057,12798070,8,"Kg",12798070
"S3","RWA","0611","Rwanda","ZAR","Congo, Dem. Rep.",2020,"Export",6,0,0,8,"Kg",0
"S3","RWA","0611","Rwanda","ZAR","Congo, Dem. Rep.",2020,"Gross Exp.",2,1503.786,2688632,8,"Kg",2688632
"S3","RWA","0611","Rwanda","ZAR","Congo, Dem. Rep.",2020,"Re-Export",3,1503.786,2688632,8,"Kg",2688632
"S3","RWA","0611","Rwanda","ZAR","Congo, Dem. Rep.",2021,"Export",6,0,0,8,"Kg",0
"S3","RWA","0611","Rwanda","ZAR","Congo, Dem. Rep.",2021,"Gross Exp.",2,8580.139,13119668,8,"Kg",13119668
"S3","RWA","0611","Rwanda","ZAR","Congo, Dem. Rep.",2021,"Gross Imp.",1,0.045,100,8,"Kg",100
"S3","RWA","0611","Rwanda","ZAR","Congo, Dem. Rep.",2021,"Import",5,0.045,100,8,"Kg",100
"S3","RWA","0611","Rwanda","ZAR","Congo, Dem. Rep.",2021,"Re-Export",3,8580.139,13119668,8,"Kg",13119668
"S3","RWA","0611","Rwanda","ZAR","Congo, Dem. Rep.",2022,"Export",6,0,0,8,"Kg",0
"S3","RWA","0611","Rwanda","ZAR","Congo, Dem. Rep.",2022,"Gross Exp.",2,21766.208,26172728.4,8,"Kg",26172728
"S3","RWA","0611","Rwanda","ZAR","Congo, Dem. Rep.",2022,"Gross Imp.",1,0.038,50,8,"Kg",50
"S3","RWA","0611","Rwanda","ZAR","Congo, Dem. Rep.",2022,"Import",5,0.038,50,8,"Kg",50
"S3","RWA","0611","Rwanda","ZAR","Congo, Dem. Rep.",2022,"Re-Export",3,21766.208,26172728.4,8,"Kg",26172728
"S3","RWA","0611","Rwanda","ZMB","Zambia",2020,"Gross Imp.",1,63.456,110000,8,"Kg",110000
"S3","RWA","0611","Rwanda","ZMB","Zambia",2020,"Import",5,63.456,110000,8,"Kg",110000
"S3","RWA","0611","Rwanda","ZMB","Zambia",2021,"Gross Imp.",1,12.851,26584,8,"Kg",26584
"S3","RWA","0611","Rwanda","ZMB","Zambia",2021,"Import",5,12.851,26584,8,"Kg",26584
"S3","RWA","0612","Rwanda","ARE","United Arab Emirates",2020,"Gross Imp.",1,46.227,80222.5,8,"Kg",80223
"S3","RWA","0612","Rwanda","ARE","United Arab Emirates",2020,"Import",5,46.227,80222.5,8,"Kg",80223
"S3","RWA","0612","Rwanda","ARE","United Arab Emirates",2021,"Gross Imp.",1,57.803,109063,8,"Kg",109063
"S3","RWA","0612","Rwanda","ARE","United Arab Emirates",2021,"Import",5,57.803,109063,8,"Kg",109063
"S3","RWA","0612","Rwanda","ARE","United Arab Emirates",2022,"Gross Imp.",1,118.719,238838,8,"Kg",238838
"S3","RWA","0612","Rwanda","ARE","United Arab Emirates",2022,"Import",5,118.719,238838,8,"Kg",238838
"S3","RWA","0612","Rwanda","AUT","Austria",2021,"Gross Imp.",1,0.432,25,8,"Kg",25
"S3","RWA","0612","Rwanda","AUT","Austria",2021,"Import",5,0.432,25,8,"Kg",25
"S3","RWA","0612","Rwanda","BEL","Belgium",2020,"Gross Imp.",1,435.107,553578.6,8,"Kg",553579
"S3","RWA","0612","Rwanda","BEL","Belgium",2020,"Import",5,435.107,553578.6,8,"Kg",553579
"S3","RWA","0612","Rwanda","BEL","Belgium",2021,"Gross Imp.",1,18.144,7523.8,8,"Kg",7524
"S3","RWA","0612","Rwanda","BEL","Belgium",2021,"Import",5,18.144,7523.8,8,"Kg",7524
"S3","RWA","0612","Rwanda","BEL","Belgium",2022,"Gross Imp.",1,28.634,13559.45,8,"Kg",13559
"S3","RWA","0612","Rwanda","BEL","Belgium",2022,"Import",5,28.634,13559.45,8,"Kg",13559
"S3","RWA","0612","Rwanda","BGR","Bulgaria",2020,"Gross Imp.",1,52.498,1e+05,8,"Kg",100000
"S3","RWA","0612","Rwanda","BGR","Bulgaria",2020,"Import",5,52.498,1e+05,8,"Kg",100000
"S3","RWA","0612","Rwanda","BLZ","Belize",2022,"Gross Imp.",1,224.727,442500,8,"Kg",442500
"S3","RWA","0612","Rwanda","BLZ","Belize",2022,"Import",5,224.727,442500,8,"Kg",442500
"S3","RWA","0612","Rwanda","BRA","Brazil",2020,"Gross Imp.",1,7794.472,18758530,8,"Kg",18758530
"S3","RWA","0612","Rwanda","BRA","Brazil",2020,"Import",5,7794.472,18758530,8,"Kg",18758530
"S3","RWA","0612","Rwanda","BRA","Brazil",2021,"Gross Imp.",1,4103.339,8742184,8,"Kg",8742184
"S3","RWA","0612","Rwanda","BRA","Brazil",2021,"Import",5,4103.339,8742184,8,"Kg",8742184
"S3","RWA","0612","Rwanda","BRA","Brazil",2022,"Gross Imp.",1,3316.869,4696060,8,"Kg",4696060
"S3","RWA","0612","Rwanda","BRA","Brazil",2022,"Import",5,3316.869,4696060,8,"Kg",4696060
"S3","RWA","0612","Rwanda","CAN","Canada",2020,"Export",6,0,0,8,"Kg",0
"S3","RWA","0612","Rwanda","CAN","Canada",2020,"Gross Exp.",2,9.057,15037.8,8,"Kg",15038
"S3","RWA","0612","Rwanda","CAN","Canada",2020,"Gross Imp.",1,0.031,20,8,"Kg",20
"S3","RWA","0612","Rwanda","CAN","Canada",2020,"Import",5,0.031,20,8,"Kg",20
"S3","RWA","0612","Rwanda","CAN","Canada",2020,"Re-Export",3,9.057,15037.8,8,"Kg",15038
"S3","RWA","0612","Rwanda","CAN","Canada",2021,"Gross Imp.",1,0.006,30,8,"Kg",30
"S3","RWA","0612","Rwanda","CAN","Canada",2021,"Import",5,0.006,30,8,"Kg",30
"S3","RWA","0612","Rwanda","CAN","Canada",2022,"Gross Imp.",1,0.132,210,8,"Kg",210
"S3","RWA","0612","Rwanda","CAN","Canada",2022,"Import",5,0.132,210,8,"Kg",210
"S3","RWA","0612","Rwanda","CHE","Switzerland",2022,"Gross Imp.",1,126.678,156499,8,"Kg",156499
"S3","RWA","0612","Rwanda","CHE","Switzerland",2022,"Import",5,126.678,156499,8,"Kg",156499
"S3","RWA","0612","Rwanda","CHN","China",2020,"Gross Imp.",1,4.248,2909.59,8,"Kg",2910
"S3","RWA","0612","Rwanda","CHN","China",2020,"Import",5,4.248,2909.59,8,"Kg",2910
"S3","RWA","0612","Rwanda","CHN","China",2021,"Gross Imp.",1,0.649,322.54,8,"Kg",323
"S3","RWA","0612","Rwanda","CHN","China",2021,"Import",5,0.649,322.54,8,"Kg",323
"S3","RWA","0612","Rwanda","CHN","China",2022,"Gross Imp.",1,152.703,248660.35,8,"Kg",248660
"S3","RWA","0612","Rwanda","CHN","China",2022,"Import",5,152.703,248660.35,8,"Kg",248660
"S3","RWA","0612","Rwanda","DEU","Germany",2020,"Gross Imp.",1,122.364,200170,8,"Kg",200170
"S3","RWA","0612","Rwanda","DEU","Germany",2020,"Import",5,122.364,200170,8,"Kg",200170
"S3","RWA","0612","Rwanda","DEU","Germany",2021,"Gross Imp.",1,22.519,10056,8,"Kg",10056
"S3","RWA","0612","Rwanda","DEU","Germany",2021,"Import",5,22.519,10056,8,"Kg",10056
"S3","RWA","0612","Rwanda","DEU","Germany",2022,"Gross Imp.",1,38.31,25956.1,8,"Kg",25956
"S3","RWA","0612","Rwanda","DEU","Germany",2022,"Import",5,38.31,25956.1,8,"Kg",25956
"S3","RWA","0612","Rwanda","DNK","Denmark",2020,"Gross Imp.",1,1.477,803,8,"Kg",803
"S3","RWA","0612","Rwanda","DNK","Denmark",2020,"Import",5,1.477,803,8,"Kg",803
"S3","RWA","0612","Rwanda","DNK","Denmark",2021,"Gross Imp.",1,0.023,18,8,"Kg",18
"S3","RWA","0612","Rwanda","DNK","Denmark",2021,"Import",5,0.023,18,8,"Kg",18
"S3","RWA","0612","Rwanda","DNK","Denmark",2022,"Gross Imp.",1,0.091,48.16,8,"Kg",48
"S3","RWA","0612","Rwanda","DNK","Denmark",2022,"Import",5,0.091,48.16,8,"Kg",48
"S3","RWA","0612","Rwanda","EGY","Egypt, Arab Rep.",2020,"Gross Imp.",1,354.024,652210,8,"Kg",652210
"S3","RWA","0612","Rwanda","EGY","Egypt, Arab Rep.",2020,"Import",5,354.024,652210,8,"Kg",652210
"S3","RWA","0612","Rwanda","EGY","Egypt, Arab Rep.",2021,"Gross Imp.",1,3054.118,4862185,8,"Kg",4862185
"S3","RWA","0612","Rwanda","EGY","Egypt, Arab Rep.",2021,"Import",5,3054.118,4862185,8,"Kg",4862185
"S3","RWA","0612","Rwanda","EGY","Egypt, Arab Rep.",2022,"Gross Imp.",1,10214.589,14237024,8,"Kg",14237024
"S3","RWA","0612","Rwanda","EGY","Egypt, Arab Rep.",2022,"Import",5,10214.589,14237024,8,"Kg",14237024
"S3","RWA","0612","Rwanda","ESP","Spain",2021,"Gross Imp.",1,0.287,2,8,"Kg",2
"S3","RWA","0612","Rwanda","ESP","Spain",2021,"Import",5,0.287,2,8,"Kg",2
"S3","RWA","0612","Rwanda","FRA","France",2021,"Gross Imp.",1,0.584,151.5,8,"Kg",152
"S3","RWA","0612","Rwanda","FRA","France",2021,"Import",5,0.584,151.5,8,"Kg",152
"S3","RWA","0612","Rwanda","FRA","France",2022,"Gross Imp.",1,1.154,225,8,"Kg",225
"S3","RWA","0612","Rwanda","FRA","France",2022,"Import",5,1.154,225,8,"Kg",225
"S3","RWA","0612","Rwanda","GBR","United Kingdom",2020,"Gross Imp.",1,60.969,150420,8,"Kg",150420
"S3","RWA","0612","Rwanda","GBR","United Kingdom",2020,"Import",5,60.969,150420,8,"Kg",150420
"S3","RWA","0612","Rwanda","GBR","United Kingdom",2021,"Gross Imp.",1,66.054,150628.2,8,"Kg",150628
"S3","RWA","0612","Rwanda","GBR","United Kingdom",2021,"Import",5,66.054,150628.2,8,"Kg",150628
"S3","RWA","0612","Rwanda","GTM","Guatemala",2020,"Gross Imp.",1,1117.59,2301300,8,"Kg",2301300
"S3","RWA","0612","Rwanda","GTM","Guatemala",2020,"Import",5,1117.59,2301300,8,"Kg",2301300
"S3","RWA","0612","Rwanda","HKG","Hong Kong, China",2020,"Gross Imp.",1,15.41,26122.89,8,"Kg",26123
"S3","RWA","0612","Rwanda","HKG","Hong Kong, China",2020,"Import",5,15.41,26122.89,8,"Kg",26123
"S3","RWA","0612","Rwanda","HKG","Hong Kong, China",2021,"Gross Imp.",1,0.167,60.31,8,"Kg",60
"S3","RWA","0612","Rwanda","HKG","Hong Kong, China",2021,"Import",5,0.167,60.31,8,"Kg",60
"S3","RWA","0612","Rwanda","HKG","Hong Kong, China",2022,"Gross Imp.",1,0.137,238,8,"Kg",238
"S3","RWA","0612","Rwanda","HKG","Hong Kong, China",2022,"Import",5,0.137,238,8,"Kg",238
"S3","RWA","0612","Rwanda","IDN","Indonesia",2022,"Gross Imp.",1,19.244,26577,8,"Kg",26577
"S3","RWA","0612","Rwanda","IDN","Indonesia",2022,"Import",5,19.244,26577,8,"Kg",26577
"S3","RWA","0612","Rwanda","IND","India",2020,"Gross Imp.",1,17245.91,39075922,8,"Kg",39075922
"S3","RWA","0612","Rwanda","IND","India",2020,"Import",5,17245.91,39075922,8,"Kg",39075922
"S3","RWA","0612","Rwanda","IND","India",2021,"Gross Imp.",1,34763.326,63572042,8,"Kg",63572042
"S3","RWA","0612","Rwanda","IND","India",2021,"Import",5,34763.326,63572042,8,"Kg",63572042
"S3","RWA","0612","Rwanda","IND","India",2022,"Gross Imp.",1,50792.473,69697256,8,"Kg",69697256
"S3","RWA","0612","Rwanda","IND","India",2022,"Import",5,50792.473,69697256,8,"Kg",69697256
"S3","RWA","0612","Rwanda","ITA","Italy",2022,"Gross Imp.",1,0.046,100,8,"Kg",100
"S3","RWA","0612","Rwanda","ITA","Italy",2022,"Import",5,0.046,100,8,"Kg",100
"S3","RWA","0612","Rwanda","KEN","Kenya",2020,"Gross Imp.",1,164.377,109012.5,8,"Kg",109013
"S3","RWA","0612","Rwanda","KEN","Kenya",2020,"Import",5,164.377,109012.5,8,"Kg",109013
"S3","RWA","0612","Rwanda","KEN","Kenya",2021,"Gross Imp.",1,202.288,134879,8,"Kg",134879
"S3","RWA","0612","Rwanda","KEN","Kenya",2021,"Import",5,202.288,134879,8,"Kg",134879
"S3","RWA","0612","Rwanda","KEN","Kenya",2022,"Gross Imp.",1,268.546,177647.3,8,"Kg",177647
"S3","RWA","0612","Rwanda","KEN","Kenya",2022,"Import",5,268.546,177647.3,8,"Kg",177647
"S3","RWA","0612","Rwanda","KOR","Korea, Rep.",2020,"Gross Imp.",1,0.003,4,8,"Kg",4
"S3","RWA","0612","Rwanda","KOR","Korea, Rep.",2020,"Import",5,0.003,4,8,"Kg",4
"S3","RWA","0612","Rwanda","MAR","Morocco",2020,"Gross Imp.",1,42.687,89888,8,"Kg",89888
"S3","RWA","0612","Rwanda","MAR","Morocco",2020,"Import",5,42.687,89888,8,"Kg",89888
"S3","RWA","0612","Rwanda","MAR","Morocco",2022,"Gross Imp.",1,133.182,156499,8,"Kg",156499
"S3","RWA","0612","Rwanda","MAR","Morocco",2022,"Import",5,133.182,156499,8,"Kg",156499
"S3","RWA","0612","Rwanda","MDG","Madagascar",2021,"Gross Imp.",1,2067.28,3009600,8,"Kg",3009600
"S3","RWA","0612","Rwanda","MDG","Madagascar",2021,"Import",5,2067.28,3009600,8,"Kg",3009600
"S3","RWA","0612","Rwanda","MEX","Mexico",2020,"Gross Imp.",1,38.045,89888,8,"Kg",89888
"S3","RWA","0612","Rwanda","MEX","Mexico",2020,"Import",5,38.045,89888,8,"Kg",89888
"S3","RWA","0612","Rwanda","MKD","North Macedonia",2022,"Gross Imp.",1,0.957,176,8,"Kg",176
"S3","RWA","0612","Rwanda","MKD","North Macedonia",2022,"Import",5,0.957,176,8,"Kg",176
"S3","RWA","0612","Rwanda","MOZ","Mozambique",2020,"Gross Imp.",1,3531.774,7951218,8,"Kg",7951218
"S3","RWA","0612","Rwanda","MOZ","Mozambique",2020,"Import",5,3531.774,7951218,8,"Kg",7951218
"S3","RWA","0612","Rwanda","MOZ","Mozambique",2021,"Gross Imp.",1,1436.657,2895502,8,"Kg",2895502
"S3","RWA","0612","Rwanda","MOZ","Mozambique",2021,"Import",5,1436.657,2895502,8,"Kg",2895502
"S3","RWA","0612","Rwanda","MOZ","Mozambique",2022,"Gross Imp.",1,732.259,1502500,8,"Kg",1502500
"S3","RWA","0612","Rwanda","MOZ","Mozambique",2022,"Import",5,732.259,1502500,8,"Kg",1502500
"S3","RWA","0612","Rwanda","MUS","Mauritius",2022,"Gross Imp.",1,2328.117,2530018,8,"Kg",2530018
"S3","RWA","0612","Rwanda","MUS","Mauritius",2022,"Import",5,2328.117,2530018,8,"Kg",2530018
"S3","RWA","0612","Rwanda","MWI","Malawi",2020,"Gross Imp.",1,9640.821,19399400,8,"Kg",19399400
"S3","RWA","0612","Rwanda","MWI","Malawi",2020,"Import",5,9640.821,19399400,8,"Kg",19399400
"S3","RWA","0612","Rwanda","MWI","Malawi",2021,"Gross Imp.",1,40490.871,62812800,8,"Kg",62812800
"S3","RWA","0612","Rwanda","MWI","Malawi",2021,"Import",5,40490.871,62812800,8,"Kg",62812800
"S3","RWA","0612","Rwanda","MWI","Malawi",2022,"Gross Imp.",1,18819.149,26765250,8,"Kg",26765250
"S3","RWA","0612","Rwanda","MWI","Malawi",2022,"Import",5,18819.149,26765250,8,"Kg",26765250
"S3","RWA","0612","Rwanda","NLD","Netherlands",2020,"Gross Imp.",1,0.342,113,8,"Kg",113
"S3","RWA","0612","Rwanda","NLD","Netherlands",2020,"Import",5,0.342,113,8,"Kg",113
"S3","RWA","0612","Rwanda","NLD","Netherlands",2021,"Gross Imp.",1,0.714,349.66,8,"Kg",350
"S3","RWA","0612","Rwanda","NLD","Netherlands",2021,"Import",5,0.714,349.66,8,"Kg",350
"S3","RWA","0612","Rwanda","NLD","Netherlands",2022,"Gross Imp.",1,1.873,1346.61,8,"Kg",1347
"S3","RWA","0612","Rwanda","NLD","Netherlands",2022,"Import",5,1.873,1346.61,8,"Kg",1347
"S3","RWA","0612","Rwanda","PAK","Pakistan",2020,"Gross Imp.",1,0.199,20,8,"Kg",20
"S3","RWA","0612","Rwanda","PAK","Pakistan",2020,"Import",5,0.199,20,8,"Kg",20
"S3","RWA","0612","Rwanda","PAK","Pakistan",2022,"Gross Imp.",1,0.035,196,8,"Kg",196
"S3","RWA","0612","Rwanda","PAK","Pakistan",2022,"Import",5,0.035,196,8,"Kg",196
"S3","RWA","0612","Rwanda","SAU","Saudi Arabia",2020,"Gross Imp.",1,4729.226,8741730,8,"Kg",8741730
"S3","RWA","0612","Rwanda","SAU","Saudi Arabia",2020,"Import",5,4729.226,8741730,8,"Kg",8741730
"S3","RWA","0612","Rwanda","SAU","Saudi Arabia",2021,"Gross Imp.",1,3498.262,6195956,8,"Kg",6195956
"S3","RWA","0612","Rwanda","SAU","Saudi Arabia",2021,"Import",5,3498.262,6195956,8,"Kg",6195956
"S3","RWA","0612","Rwanda","SAU","Saudi Arabia",2022,"Gross Imp.",1,2628.706,3943012,8,"Kg",3943012
"S3","RWA","0612","Rwanda","SAU","Saudi Arabia",2022,"Import",5,2628.706,3943012,8,"Kg",3943012
"S3","RWA","0612","Rwanda","SWZ","Eswatini",2020,"Gross Imp.",1,2877.1,6179682,8,"Kg",6179682
"S3","RWA","0612","Rwanda","SWZ","Eswatini",2020,"Import",5,2877.1,6179682,8,"Kg",6179682
"S3","RWA","0612","Rwanda","SWZ","Eswatini",2021,"Gross Imp.",1,5954.979,9982822,8,"Kg",9982822
"S3","RWA","0612","Rwanda","SWZ","Eswatini",2021,"Import",5,5954.979,9982822,8,"Kg",9982822
"S3","RWA","0612","Rwanda","SWZ","Eswatini",2022,"Gross Imp.",1,25467.038,36194966,8,"Kg",36194966
"S3","RWA","0612","Rwanda","SWZ","Eswatini",2022,"Import",5,25467.038,36194966,8,"Kg",36194966
"S3","RWA","0612","Rwanda","THA","Thailand",2020,"Gross Imp.",1,4863.404,10175600,8,"Kg",10175600
"S3","RWA","0612","Rwanda","THA","Thailand",2020,"Import",5,4863.404,10175600,8,"Kg",10175600
"S3","RWA","0612","Rwanda","THA","Thailand",2021,"Gross Imp.",1,698.439,1302000,8,"Kg",1302000
"S3","RWA","0612","Rwanda","THA","Thailand",2021,"Import",5,698.439,1302000,8,"Kg",1302000
"S3","RWA","0612","Rwanda","THA","Thailand",2022,"Gross Imp.",1,2792.443,3811050,8,"Kg",3811050
"S3","RWA","0612","Rwanda","THA","Thailand",2022,"Import",5,2792.443,3811050,8,"Kg",3811050
"S3","RWA","0612","Rwanda","TUR","Turkey",2021,"Gross Imp.",1,0.76,1069.4,8,"Kg",1069
"S3","RWA","0612","Rwanda","TUR","Turkey",2021,"Import",5,0.76,1069.4,8,"Kg",1069
"S3","RWA","0612","Rwanda","TZA","Tanzania",2021,"Gross Imp.",1,0.041,20,8,"Kg",20
"S3","RWA","0612","Rwanda","TZA","Tanzania",2021,"Import",5,0.041,20,8,"Kg",20
"S3","RWA","0612","Rwanda","TZA","Tanzania",2022,"Gross Imp.",1,380.508,426280,8,"Kg",426280
"S3","RWA","0612","Rwanda","TZA","Tanzania",2022,"Import",5,380.508,426280,8,"Kg",426280
"S3","RWA","0612","Rwanda","UGA","Uganda",2022,"Gross Imp.",1,1658.676,1746893,8,"Kg",1746893
"S3","RWA","0612","Rwanda","UGA","Uganda",2022,"Import",5,1658.676,1746893,8,"Kg",1746893
"S3","RWA","0612","Rwanda","USA","United States",2022,"Gross Imp.",1,0.013,22.66,8,"Kg",23
"S3","RWA","0612","Rwanda","USA","United States",2022,"Import",5,0.013,22.66,8,"Kg",23
"S3","RWA","0612","Rwanda","WLD"," World",2020,"Export",6,0,0,8,"Kg",0
"S3","RWA","0612","Rwanda","WLD"," World",2020,"Gross Exp.",2,12071.824,20967276.54,8,"Kg",20967277
"S3","RWA","0612","Rwanda","WLD"," World",2020,"Gross Imp.",1,66691.705,140529169.08,8,"Kg",140529169
"S3","RWA","0612","Rwanda","WLD"," World",2020,"Import",5,66691.705,140529169.08,8,"Kg",140529169
"S3","RWA","0612","Rwanda","WLD"," World",2020,"Re-Export",3,12071.824,20967276.54,8,"Kg",20967277
"S3","RWA","0612","Rwanda","WLD"," World",2021,"Export",6,37.219,49200,8,"Kg",49200
"S3","RWA","0612","Rwanda","WLD"," World",2021,"Gross Exp.",2,20712.008,32880658.8,8,"Kg",32880659
"S3","RWA","0612","Rwanda","WLD"," World",2021,"Gross Imp.",1,98326.867,166689429.41,8,"Kg",166689429
"S3","RWA","0612","Rwanda","WLD"," World",2021,"Import",5,98326.867,166689429.41,8,"Kg",166689429
"S3","RWA","0612","Rwanda","WLD"," World",2021,"Re-Export",3,20674.789,32831458.8,8,"Kg",32831459
"S3","RWA","0612","Rwanda","WLD"," World",2022,"Export",6,37.382,49500,8,"Kg",49500
"S3","RWA","0612","Rwanda","WLD"," World",2022,"Gross Exp.",2,17703.275,22355454.6,8,"Kg",22355455
"S3","RWA","0612","Rwanda","WLD"," World",2022,"Gross Imp.",1,133108.01,183560874.63,8,"Kg",183560875
"S3","RWA","0612","Rwanda","WLD"," World",2022,"Import",5,133108.01,183560874.63,8,"Kg",183560875
"S3","RWA","0612","Rwanda","WLD"," World",2022,"Re-Export",3,17665.893,22305954.6,8,"Kg",22305955
"S3","RWA","0612","Rwanda","ZAF","South Africa",2020,"Gross Imp.",1,1018.648,2414997,8,"Kg",2414997
"S3","RWA","0612","Rwanda","ZAF","South Africa",2020,"Import",5,1018.648,2414997,8,"Kg",2414997
"S3","RWA","0612","Rwanda","ZAF","South Africa",2021,"Gross Imp.",1,491.744,781140,8,"Kg",781140
"S3","RWA","0612","Rwanda","ZAF","South Africa",2021,"Import",5,491.744,781140,8,"Kg",781140
"S3","RWA","0612","Rwanda","ZAF","South Africa",2022,"Gross Imp.",1,230.24,315194,8,"Kg",315194
"S3","RWA","0612","Rwanda","ZAF","South Africa",2022,"Import",5,230.24,315194,8,"Kg",315194
"S3","RWA","0612","Rwanda","ZAR","Congo, Dem. Rep.",2020,"Export",6,0,0,8,"Kg",0
"S3","RWA","0612","Rwanda","ZAR","Congo, Dem. Rep.",2020,"Gross Exp.",2,12062.766,20952238.74,8,"Kg",20952239
"S3","RWA","0612","Rwanda","ZAR","Congo, Dem. Rep.",2020,"Gross Imp.",1,4.04,6658,8,"Kg",6658
"S3","RWA","0612","Rwanda","ZAR","Congo, Dem. Rep.",2020,"Import",5,4.04,6658,8,"Kg",6658
"S3","RWA","0612","Rwanda","ZAR","Congo, Dem. Rep.",2020,"Re-Export",3,12062.766,20952238.74,8,"Kg",20952239
"S3","RWA","0612","Rwanda","ZAR","Congo, Dem. Rep.",2021,"Export",6,37.219,49200,8,"Kg",49200
"S3","RWA","0612","Rwanda","ZAR","Congo, Dem. Rep.",2021,"Gross Exp.",2,20712.008,32880658.8,8,"Kg",32880659
"S3","RWA","0612","Rwanda","ZAR","Congo, Dem. Rep.",2021,"Gross Imp.",1,0.155,1000,8,"Kg",1000
"S3","RWA","0612","Rwanda","ZAR","Congo, Dem. Rep.",2021,"Import",5,0.155,1000,8,"Kg",1000
"S3","RWA","0612","Rwanda","ZAR","Congo, Dem. Rep.",2021,"Re-Export",3,20674.789,32831458.8,8,"Kg",32831459
"S3","RWA","0612","Rwanda","ZAR","Congo, Dem. Rep.",2022,"Export",6,37.382,49500,8,"Kg",49500
"S3","RWA","0612","Rwanda","ZAR","Congo, Dem. Rep.",2022,"Gross Exp.",2,17703.223,22355401.6,8,"Kg",22355402
"S3","RWA","0612","Rwanda","ZAR","Congo, Dem. Rep.",2022,"Gross Imp.",1,39.755,68431,8,"Kg",68431
"S3","RWA","0612","Rwanda","ZAR","Congo, Dem. Rep.",2022,"Import",5,39.755,68431,8,"Kg",68431
"S3","RWA","0612","Rwanda","ZAR","Congo, Dem. Rep.",2022,"Re-Export",3,17665.841,22305901.6,8,"Kg",22305902
"S3","RWA","0612","Rwanda","ZMB","Zambia",2020,"Gross Imp.",1,12254.807,22967150,8,"Kg",22967150
"S3","RWA","0612","Rwanda","ZMB","Zambia",2020,"Import",5,12254.807,22967150,8,"Kg",22967150
"S3","RWA","0612","Rwanda","ZMB","Zambia",2021,"Gross Imp.",1,1397.228,2118000,8,"Kg",2118000
"S3","RWA","0612","Rwanda","ZMB","Zambia",2021,"Import",5,1397.228,2118000,8,"Kg",2118000
"S3","RWA","0612","Rwanda","ZMB","Zambia",2022,"Export",6,0,0,8,"Kg",0
"S3","RWA","0612","Rwanda","ZMB","Zambia",2022,"Gross Exp.",2,0.052,53,8,"Kg",53
"S3","RWA","0612","Rwanda","ZMB","Zambia",2022,"Gross Imp.",1,11249.919,14379234,8,"Kg",14379234
"S3","RWA","0612","Rwanda","ZMB","Zambia",2022,"Import",5,11249.919,14379234,8,"Kg",14379234
"S3","RWA","0612","Rwanda","ZMB","Zambia",2022,"Re-Export",3,0.052,53,8,"Kg",53
"S3","RWA","0612","Rwanda","ZWE","Zimbabwe",2020,"Gross Imp.",1,275.907,501600,8,"Kg",501600
"S3","RWA","0612","Rwanda","ZWE","Zimbabwe",2020,"Import",5,275.907,501600,8,"Kg",501600
"S3","RWA","0612","Rwanda","ZWE","Zimbabwe",2022,"Gross Imp.",1,1342.088,1758408,8,"Kg",1758408
"S3","RWA","0711","Rwanda","UZB","Uzbekistan",2022,"Gross Exp.",2,44.935,15284,8,"Kg",15284
"S3","RWA","0711","Rwanda","WLD"," World",2020,"Export",6,67907.98,19865972.4,8,"Kg",19865972
"S3","RWA","0711","Rwanda","WLD"," World",2020,"Gross Exp.",2,67911.019,19871856.4,8,"Kg",19871856
"S3","RWA","0711","Rwanda","WLD"," World",2020,"Gross Imp.",1,46.398,89860,8,"Kg",89860
"S3","RWA","0711","Rwanda","WLD"," World",2020,"Import",5,46.398,89860,8,"Kg",89860
"S3","RWA","0711","Rwanda","WLD"," World",2020,"Re-Export",3,3.039,5884,8,"Kg",5884
"S3","RWA","0711","Rwanda","WLD"," World",2021,"Export",6,80633.307,18041911.35,8,"Kg",18041911
"S3","RWA","0711","Rwanda","WLD"," World",2021,"Gross Exp.",2,80634.471,18042490.35,8,"Kg",18042490
"S3","RWA","0711","Rwanda","WLD"," World",2021,"Gross Imp.",1,636.081,256024,8,"Kg",256024
"S3","RWA","0711","Rwanda","WLD"," World",2021,"Import",5,636.081,256024,8,"Kg",256024
"S3","RWA","0711","Rwanda","WLD"," World",2021,"Re-Export",3,1.164,579,8,"Kg",579
"S3","RWA","0711","Rwanda","WLD"," World",2022,"Export",6,92636.807,17051430.2,8,"Kg",17051430
"S3","RWA","0711","Rwanda","WLD"," World",2022,"Gross Exp.",2,92641.441,17056551.9,8,"Kg",17056552
"S3","RWA","0711","Rwanda","WLD"," World",2022,"Gross Imp.",1,1577.549,1252276.425,8,"Kg",1252276
"S3","RWA","0711","Rwanda","WLD"," World",2022,"Import",5,1577.549,1252276.425,8,"Kg",1252276
"S3","RWA","0711","Rwanda","WLD"," World",2022,"Re-Export",3,4.634,5121.7,8,"Kg",5122
"S3","RWA","0711","Rwanda","YEM","Yemen",2022,"Export",6,3.516,1196,8,"Kg",1196
"S3","RWA","0711","Rwanda","YEM","Yemen",2022,"Gross Exp.",2,3.516,1196,8,"Kg",1196
"S3","RWA","0711","Rwanda","ZAF","South Africa",2020,"Export",6,359.007,96745.9,8,"Kg",96746
"S3","RWA","0711","Rwanda","ZAF","South Africa",2020,"Gross Exp.",2,359.007,96745.9,8,"Kg",96746
"S3","RWA","0711","Rwanda","ZAF","South Africa",2021,"Export",6,246.038,42060,8,"Kg",42060
"S3","RWA","0711","Rwanda","ZAF","South Africa",2021,"Gross Exp.",2,246.038,42060,8,"Kg",42060
"S3","RWA","0711","Rwanda","ZAF","South Africa",2022,"Export",6,64.366,19800,8,"Kg",19800
"S3","RWA","0711","Rwanda","ZAF","South Africa",2022,"Gross Exp.",2,64.366,19800,8,"Kg",19800
"S3","RWA","0711","Rwanda","ZAR","Congo, Dem. Rep.",2020,"Export",6,0,0,8,"Kg",0
"S3","RWA","0711","Rwanda","ZAR","Congo, Dem. Rep.",2020,"Gross Exp.",2,3.039,5884,8,"Kg",5884
"S3","RWA","0711","Rwanda","ZAR","Congo, Dem. Rep.",2020,"Gross Imp.",1,36.394,65517,8,"Kg",65517
"S3","RWA","0711","Rwanda","ZAR","Congo, Dem. Rep.",2020,"Import",5,36.394,65517,8,"Kg",65517
"S3","RWA","0711","Rwanda","ZAR","Congo, Dem. Rep.",2020,"Re-Export",3,3.039,5884,8,"Kg",5884
"S3","RWA","0711","Rwanda","ZAR","Congo, Dem. Rep.",2021,"Export",6,8.587,1063.95,8,"Kg",1064
"S3","RWA","0711","Rwanda","ZAR","Congo, Dem. Rep.",2021,"Gross Exp.",2,9.751,1642.95,8,"Kg",1643
"S3","RWA","0711","Rwanda","ZAR","Congo, Dem. Rep.",2021,"Gross Imp.",1,6.632,114474,8,"Kg",114474
"S3","RWA","0711","Rwanda","ZAR","Congo, Dem. Rep.",2021,"Import",5,6.632,114474,8,"Kg",114474
"S3","RWA","0711","Rwanda","ZAR","Congo, Dem. Rep.",2021,"Re-Export",3,1.164,579,8,"Kg",579
"S3","RWA","0711","Rwanda","ZAR","Congo, Dem. Rep.",2022,"Export",6,0,0,8,"Kg",0
"S3","RWA","0711","Rwanda","ZAR","Congo, Dem. Rep.",2022,"Gross Exp.",2,4.634,5121.7,8,"Kg",5122
"S3","RWA","0711","Rwanda","ZAR","Congo, Dem. Rep.",2022,"Gross Imp.",1,5.394,104264.725,8,"Kg",104265
"S3","RWA","0711","Rwanda","ZAR","Congo, Dem. Rep.",2022,"Import",5,5.394,104264.725,8,"Kg",104265
"S3","RWA","0711","Rwanda","ZAR","Congo, Dem. Rep.",2022,"Re-Export",3,4.634,5121.7,8,"Kg",5122
"S3","RWA","0711","Rwanda","ZMB","Zambia",2022,"Export",6,8.103,849,8,"Kg",849
"S3","RWA","0711","Rwanda","ZMB","Zambia",2022,"Gross Exp.",2,8.103,849,8,"Kg",849
"S3","RWA","0711","Rwanda","ZWE","Zimbabwe",2020,"Export",6,6.102,600,8,"Kg",600
"S3","RWA","0711","Rwanda","ZWE","Zimbabwe",2020,"Gross Exp.",2,6.102,600,8,"Kg",600
"S3","RWA","0711","Rwanda","ZWE","Zimbabwe",2021,"Export",6,8.394,1090,8,"Kg",1090
"S3","RWA","0711","Rwanda","ZWE","Zimbabwe",2021,"Gross Exp.",2,8.394,1090,8,"Kg",1090
"S3","RWA","0711","Rwanda","ZWE","Zimbabwe",2022,"Export",6,34.15,3250,8,"Kg",3250
"S3","RWA","0711","Rwanda","ZWE","Zimbabwe",2022,"Gross Exp.",2,34.15,3250,8,"Kg",3250
"S3","RWA","0712","Rwanda","ARE","United Arab Emirates",2020,"Gross Imp.",1,2.182,1300,8,"Kg",1300
"S3","RWA","0712","Rwanda","ARE","United Arab Emirates",2020,"Import",5,2.182,1300,8,"Kg",1300
"S3","RWA","0712","Rwanda","ARE","United Arab Emirates",2021,"Export",6,21.253,2915,8,"Kg",2915
"S3","RWA","0712","Rwanda","ARE","United Arab Emirates",2021,"Gross Exp.",2,21.253,2915,8,"Kg",2915
"S3","RWA","0712","Rwanda","ARE","United Arab Emirates",2021,"Gross Imp.",1,4.806,3620,8,"Kg",3620
"S3","RWA","0712","Rwanda","ARE","United Arab Emirates",2021,"Import",5,4.806,3620,8,"Kg",3620
"S3","RWA","0712","Rwanda","ARE","United Arab Emirates",2022,"Export",6,21.057,2194,8,"Kg",2194
"S3","RWA","0712","Rwanda","ARE","United Arab Emirates",2022,"Gross Exp.",2,21.057,2194,8,"Kg",2194
"S3","RWA","0712","Rwanda","ARE","United Arab Emirates",2022,"Gross Imp.",1,1.431,3002,8,"Kg",3002
"S3","RWA","0712","Rwanda","ARE","United Arab Emirates",2022,"Import",5,1.431,3002,8,"Kg",3002
"S3","RWA","0712","Rwanda","AUS","Australia",2020,"Export",6,3.531,480,8,"Kg",480
"S3","RWA","0712","Rwanda","AUS","Australia",2020,"Gross Exp.",2,3.531,480,8,"Kg",480
"S3","RWA","0712","Rwanda","AUS","Australia",2021,"Export",6,38.424,4628.3,8,"Kg",4628
"S3","RWA","0712","Rwanda","AUS","Australia",2021,"Gross Exp.",2,38.424,4628.3,8,"Kg",4628
"S3","RWA","0712","Rwanda","BEL","Belgium",2020,"Export",6,26.249,3193,8,"Kg",3193
"S3","RWA","0712","Rwanda","BEL","Belgium",2020,"Gross Exp.",2,26.249,3193,8,"Kg",3193
"S3","RWA","0712","Rwanda","BEL","Belgium",2020,"Gross Imp.",1,0.711,126.4,8,"Kg",126
"S3","RWA","0712","Rwanda","BEL","Belgium",2020,"Import",5,0.711,126.4,8,"Kg",126
"S3","RWA","0712","Rwanda","BEL","Belgium",2021,"Export",6,9.967,2078,8,"Kg",2078
"S3","RWA","0712","Rwanda","BEL","Belgium",2021,"Gross Exp.",2,9.967,2078,8,"Kg",2078
"S3","RWA","0712","Rwanda","BEL","Belgium",2021,"Gross Imp.",1,0.223,24.6,8,"Kg",25
"S3","RWA","0712","Rwanda","BEL","Belgium",2021,"Import",5,0.223,24.6,8,"Kg",25
"S3","RWA","0712","Rwanda","BEL","Belgium",2022,"Export",6,5.301,550,8,"Kg",550
"S3","RWA","0712","Rwanda","BEL","Belgium",2022,"Gross Exp.",2,5.301,550,8,"Kg",550
"S3","RWA","0712","Rwanda","BEL","Belgium",2022,"Gross Imp.",1,0.547,33.92,8,"Kg",34
"S3","RWA","0712","Rwanda","BEL","Belgium",2022,"Import",5,0.547,33.92,8,"Kg",34
"S3","RWA","0712","Rwanda","BEN","Benin",2020,"Export",6,0.862,82,8,"Kg",82
"S3","RWA","0712","Rwanda","BEN","Benin",2020,"Gross Exp.",2,0.862,82,8,"Kg",82
"S3","RWA","0712","Rwanda","CHE","Switzerland",2020,"Export",6,67.997,19200,8,"Kg",19200
"S3","RWA","0712","Rwanda","CHE","Switzerland",2020,"Gross Exp.",2,67.997,19200,8,"Kg",19200
"S3","RWA","0712","Rwanda","CHE","Switzerland",2021,"Export",6,0.725,120,8,"Kg",120
"S3","RWA","0712","Rwanda","CHE","Switzerland",2021,"Gross Exp.",2,0.725,120,8,"Kg",120
"S3","RWA","0712","Rwanda","CHE","Switzerland",2021,"Gross Imp.",1,0.086,1.05,8,"Kg",1
"S3","RWA","0712","Rwanda","CHE","Switzerland",2021,"Import",5,0.086,1.05,8,"Kg",1
"S3","RWA","0712","Rwanda","CHE","Switzerland",2022,"Export",6,10.635,1100,8,"Kg",1100
"S3","RWA","0712","Rwanda","CHE","Switzerland",2022,"Gross Exp.",2,10.635,1100,8,"Kg",1100
"S3","RWA","0712","Rwanda","CHN","China",2020,"Export",6,106.193,14345,8,"Kg",14345
"S3","RWA","0712","Rwanda","CHN","China",2020,"Gross Exp.",2,106.193,14345,8,"Kg",14345
"S3","RWA","0712","Rwanda","CHN","China",2020,"Gross Imp.",1,0.443,548.5,8,"Kg",549
"S3","RWA","0712","Rwanda","CHN","China",2020,"Import",5,0.443,548.5,8,"Kg",549
"S3","RWA","0712","Rwanda","CHN","China",2021,"Export",6,128.354,16021,8,"Kg",16021
"S3","RWA","0712","Rwanda","CHN","China",2021,"Gross Exp.",2,128.354,16021,8,"Kg",16021
"S3","RWA","0712","Rwanda","CHN","China",2022,"Export",6,448.757,71627.6,8,"Kg",71628
"S3","RWA","0712","Rwanda","CHN","China",2022,"Gross Exp.",2,448.757,71627.6,8,"Kg",71628
"S3","RWA","0712","Rwanda","CHN","China",2022,"Gross Imp.",1,0.017,1,8,"Kg",1
"S3","RWA","0712","Rwanda","CHN","China",2022,"Import",5,0.017,1,8,"Kg",1
"S3","RWA","0712","Rwanda","COG","Congo, Rep.",2020,"Export",6,0.101,20,8,"Kg",20
"S3","RWA","0712","Rwanda","COG","Congo, Rep.",2020,"Gross Exp.",2,0.101,20,8,"Kg",20
"S3","RWA","0712","Rwanda","COL","Colombia",2022,"Gross Imp.",1,1.372,10,8,"Kg",10
"S3","RWA","0712","Rwanda","COL","Colombia",2022,"Import",5,1.372,10,8,"Kg",10
"S3","RWA","0712","Rwanda","CZE","Czech Republic",2022,"Export",6,0.997,110,8,"Kg",110
"S3","RWA","0712","Rwanda","CZE","Czech Republic",2022,"Gross Exp.",2,0.997,110,8,"Kg",110
"S3","RWA","0712","Rwanda","DEU","Germany",2020,"Export",6,8.602,1074,8,"Kg",1074
"S3","RWA","0712","Rwanda","DEU","Germany",2020,"Gross Exp.",2,8.602,1074,8,"Kg",1074
"S3","RWA","0712","Rwanda","DEU","Germany",2021,"Export",6,2.52,330,8,"Kg",330
"S3","RWA","0712","Rwanda","DEU","Germany",2021,"Gross Exp.",2,2.52,330,8,"Kg",330
"S3","RWA","0712","Rwanda","DEU","Germany",2021,"Gross Imp.",1,0.293,13,8,"Kg",13
"S3","RWA","0712","Rwanda","DEU","Germany",2021,"Import",5,0.293,13,8,"Kg",13
"S3","RWA","0712","Rwanda","DEU","Germany",2022,"Export",6,0.908,118,8,"Kg",118
"S3","RWA","0712","Rwanda","DEU","Germany",2022,"Gross Exp.",2,0.908,118,8,"Kg",118
"S3","RWA","0712","Rwanda","DEU","Germany",2022,"Gross Imp.",1,0.09,8,8,"Kg",8
"S3","RWA","0712","Rwanda","DEU","Germany",2022,"Import",5,0.09,8,8,"Kg",8
"S3","RWA","0712","Rwanda","DNK","Denmark",2020,"Gross Imp.",1,0.186,29,8,"Kg",29
"S3","RWA","0712","Rwanda","DNK","Denmark",2020,"Import",5,0.186,29,8,"Kg",29
"S3","RWA","0712","Rwanda","DNK","Denmark",2021,"Gross Imp.",1,1.737,224,8,"Kg",224
"S3","RWA","0712","Rwanda","DNK","Denmark",2021,"Import",5,1.737,224,8,"Kg",224
"S3","RWA","0712","Rwanda","EGY","Egypt, Arab Rep.",2020,"Export",6,98.318,15120,8,"Kg",15120
"S3","RWA","0712","Rwanda","EGY","Egypt, Arab Rep.",2020,"Gross Exp.",2,98.318,15120,8,"Kg",15120
"S3","RWA","0712","Rwanda","EGY","Egypt, Arab Rep.",2021,"Export",6,3.707,550,8,"Kg",550
"S3","RWA","0712","Rwanda","EGY","Egypt, Arab Rep.",2021,"Gross Exp.",2,3.707,550,8,"Kg",550
"S3","RWA","0712","Rwanda","EGY","Egypt, Arab Rep.",2022,"Export",6,7.274,755,8,"Kg",755
"S3","RWA","0712","Rwanda","EGY","Egypt, Arab Rep.",2022,"Gross Exp.",2,7.274,755,8,"Kg",755
"S3","RWA","0712","Rwanda","ETH","Ethiopia(excludes Eritrea)",2021,"Gross Imp.",1,1.483,183,8,"Kg",183
"S3","RWA","0712","Rwanda","ETH","Ethiopia(excludes Eritrea)",2021,"Import",5,1.483,183,8,"Kg",183
"S3","RWA","0712","Rwanda","FIN","Finland",2021,"Export",6,152.7,38400,8,"Kg",38400
"S3","RWA","0712","Rwanda","FIN","Finland",2021,"Gross Exp.",2,152.7,38400,8,"Kg",38400
"S3","RWA","0712","Rwanda","FRA","France",2021,"Export",6,5.997,770,8,"Kg",770
"S3","RWA","0712","Rwanda","FRA","France",2021,"Gross Exp.",2,5.997,770,8,"Kg",770
"S3","RWA","0712","Rwanda","FRA","France",2022,"Export",6,5.059,550,8,"Kg",550
"S3","RWA","0712","Rwanda","FRA","France",2022,"Gross Exp.",2,5.059,550,8,"Kg",550
"S3","RWA","0712","Rwanda","FRA","France",2022,"Gross Imp.",1,1.947,130.8,8,"Kg",131
"S3","RWA","0712","Rwanda","FRA","France",2022,"Import",5,1.947,130.8,8,"Kg",131
"S3","RWA","0712","Rwanda","GBR","United Kingdom",2020,"Export",6,18.168,1866,8,"Kg",1866
"S3","RWA","0712","Rwanda","GBR","United Kingdom",2020,"Gross Exp.",2,18.168,1866,8,"Kg",1866
"S3","RWA","0712","Rwanda","GBR","United Kingdom",2021,"Export",6,3.516,473,8,"Kg",473
"S3","RWA","0712","Rwanda","GBR","United Kingdom",2021,"Gross Exp.",2,3.516,473,8,"Kg",473
"S3","RWA","0712","Rwanda","GBR","United Kingdom",2022,"Export",6,11.096,683,8,"Kg",683
"S3","RWA","0712","Rwanda","GBR","United Kingdom",2022,"Gross Exp.",2,11.096,683,8,"Kg",683
"S3","RWA","0712","Rwanda","GHA","Ghana",2022,"Export",6,7.282,763,8,"Kg",763
"S3","RWA","0712","Rwanda","GHA","Ghana",2022,"Gross Exp.",2,7.282,763,8,"Kg",763
"S3","RWA","0712","Rwanda","HKG","Hong Kong, China",2021,"Gross Imp.",1,0.284,175,8,"Kg",175
"S3","RWA","0712","Rwanda","HKG","Hong Kong, China",2021,"Import",5,0.284,175,8,"Kg",175
"S3","RWA","0712","Rwanda","HKG","Hong Kong, China",2022,"Gross Imp.",1,0.124,98,8,"Kg",98
"S3","RWA","0712","Rwanda","HKG","Hong Kong, China",2022,"Import",5,0.124,98,8,"Kg",98
"S3","RWA","0712","Rwanda","ITA","Italy",2020,"Gross Imp.",1,14.336,6919.2,8,"Kg",6919
"S3","RWA","0712","Rwanda","ITA","Italy",2020,"Import",5,14.336,6919.2,8,"Kg",6919
"S3","RWA","0712","Rwanda","ITA","Italy",2021,"Gross Imp.",1,2.354,62.8,8,"Kg",63
"S3","RWA","0712","Rwanda","ITA","Italy",2021,"Import",5,2.354,62.8,8,"Kg",63
"S3","RWA","0712","Rwanda","KEN","Kenya",2021,"Export",6,0.451,50,8,"Kg",50
"S3","RWA","0712","Rwanda","KEN","Kenya",2021,"Gross Exp.",2,0.451,50,8,"Kg",50
"S3","RWA","0712","Rwanda","KEN","Kenya",2021,"Gross Imp.",1,8.913,874,8,"Kg",874
"S3","RWA","0712","Rwanda","KEN","Kenya",2021,"Import",5,8.913,874,8,"Kg",874
"S3","RWA","0712","Rwanda","KEN","Kenya",2022,"Export",6,0.902,100,8,"Kg",100
"S3","RWA","0712","Rwanda","KEN","Kenya",2022,"Gross Exp.",2,0.902,100,8,"Kg",100
"S3","RWA","0712","Rwanda","KEN","Kenya",2022,"Gross Imp.",1,5.279,265,8,"Kg",265
"S3","RWA","0712","Rwanda","KEN","Kenya",2022,"Import",5,5.279,265,8,"Kg",265
"S3","RWA","0712","Rwanda","KOR","Korea, Rep.",2021,"Export",6,91.293,19200,8,"Kg",19200
"S3","RWA","0712","Rwanda","KOR","Korea, Rep.",2021,"Gross Exp.",2,91.293,19200,8,"Kg",19200
"S3","RWA","0712","Rwanda","MYS","Malaysia",2020,"Gross Imp.",1,0.039,10,8,"Kg",10
"S3","RWA","0712","Rwanda","MYS","Malaysia",2020,"Import",5,0.039,10,8,"Kg",10
"S3","RWA","0712","Rwanda","MYS","Malaysia",2021,"Export",6,24.062,3185,8,"Kg",3185
"S3","RWA","0712","Rwanda","MYS","Malaysia",2021,"Gross Exp.",2,24.062,3185,8,"Kg",3185
"S3","RWA","0712","Rwanda","NGA","Nigeria",2020,"Export",6,9.007,1150,8,"Kg",1150
"S3","RWA","0712","Rwanda","NGA","Nigeria",2020,"Gross Exp.",2,9.007,1150,8,"Kg",1150
"S3","RWA","0712","Rwanda","NGA","Nigeria",2021,"Export",6,17.84,2255,8,"Kg",2255
"S3","RWA","0712","Rwanda","NGA","Nigeria",2021,"Gross Exp.",2,17.84,2255,8,"Kg",2255
"S3","RWA","0712","Rwanda","NGA","Nigeria",2022,"Export",6,33.606,3256,8,"Kg",3256
"S3","RWA","0712","Rwanda","NGA","Nigeria",2022,"Gross Exp.",2,33.606,3256,8,"Kg",3256
"S3","RWA","0712","Rwanda","NLD","Netherlands",2020,"Export",6,44.535,10666,8,"Kg",10666
"S3","RWA","0712","Rwanda","NLD","Netherlands",2020,"Gross Exp.",2,44.535,10666,8,"Kg",10666
"S3","RWA","0712","Rwanda","NLD","Netherlands",2021,"Export",6,266.488,34534,8,"Kg",34534
"S3","RWA","0712","Rwanda","NLD","Netherlands",2021,"Gross Exp.",2,266.488,34534,8,"Kg",34534
"S3","RWA","0712","Rwanda","NLD","Netherlands",2021,"Gross Imp.",1,1.898,113.57,8,"Kg",114
"S3","RWA","0712","Rwanda","NLD","Netherlands",2021,"Import",5,1.898,113.57,8,"Kg",114
"S3","RWA","0712","Rwanda","OAS","Other Asia, nes",2021,"Export",6,7.081,960,8,"Kg",960
"S3","RWA","0712","Rwanda","OAS","Other Asia, nes",2021,"Gross Exp.",2,7.081,960,8,"Kg",960
"S3","RWA","0712","Rwanda","OMN","Oman",2021,"Export",6,3.714,777,8,"Kg",777
"S3","RWA","0712","Rwanda","OMN","Oman",2021,"Gross Exp.",2,3.714,777,8,"Kg",777
"S3","RWA","0712","Rwanda","QAT","Qatar",2021,"Export",6,1.758,300,8,"Kg",300
"S3","RWA","0712","Rwanda","QAT","Qatar",2021,"Gross Exp.",2,1.758,300,8,"Kg",300
"S3","RWA","0712","Rwanda","QAT","Qatar",2022,"Export",6,2.845,195,8,"Kg",195
"S3","RWA","0712","Rwanda","QAT","Qatar",2022,"Gross Exp.",2,2.845,195,8,"Kg",195
"S3","RWA","0712","Rwanda","RUS","Russian Federation",2021,"Export",6,300.587,65300,8,"Kg",65300
"S3","RWA","0712","Rwanda","RUS","Russian Federation",2021,"Gross Exp.",2,300.587,65300,8,"Kg",65300
"S3","RWA","0712","Rwanda","SAU","Saudi Arabia",2021,"Export",6,0.756,155,8,"Kg",155
"S3","RWA","0712","Rwanda","SAU","Saudi Arabia",2021,"Gross Exp.",2,0.756,155,8,"Kg",155
"S3","RWA","0712","Rwanda","SGP","Singapore",2020,"Export",6,8.955,1062,8,"Kg",1062
"S3","RWA","0712","Rwanda","SGP","Singapore",2020,"Gross Exp.",2,8.955,1062,8,"Kg",1062
"S3","RWA","0712","Rwanda","TUR","Turkey",2020,"Export",6,0,0,8,"Kg",0
"S3","RWA","0712","Rwanda","TUR","Turkey",2020,"Gross Exp.",2,2.474,2080,8,"Kg",2080
"S3","RWA","0712","Rwanda","TUR","Turkey",2020,"Re-Export",3,2.474,2080,8,"Kg",2080
"S3","RWA","0712","Rwanda","TUR","Turkey",2021,"Gross Imp.",1,0.009,3,8,"Kg",3
"S3","RWA","0712","Rwanda","TUR","Turkey",2021,"Import",5,0.009,3,8,"Kg",3
"S3","RWA","0712","Rwanda","TZA","Tanzania",2022,"Gross Imp.",1,163.662,40078,8,"Kg",40078
"S3","RWA","0712","Rwanda","TZA","Tanzania",2022,"Import",5,163.662,40078,8,"Kg",40078
"S3","RWA","0712","Rwanda","UGA","Uganda",2022,"Export",6,4.557,1450,8,"Kg",1450
"S3","RWA","0712","Rwanda","UGA","Uganda",2022,"Gross Exp.",2,4.557,1450,8,"Kg",1450
"S3","RWA","0712","Rwanda","UKR","Ukraine",2020,"Export",6,3.638,484,8,"Kg",484
"S3","RWA","0712","Rwanda","UKR","Ukraine",2020,"Gross Exp.",2,3.638,484,8,"Kg",484
"S3","RWA","0712","Rwanda","UKR","Ukraine",2021,"Export",6,5.575,755,8,"Kg",755
"S3","RWA","0712","Rwanda","UKR","Ukraine",2021,"Gross Exp.",2,5.575,755,8,"Kg",755
"S3","RWA","0712","Rwanda","UKR","Ukraine",2022,"Export",6,3.111,346,8,"Kg",346
"S3","RWA","0712","Rwanda","UKR","Ukraine",2022,"Gross Exp.",2,3.111,346,8,"Kg",346
"S3","RWA","0712","Rwanda","USA","United States",2020,"Export",6,25.301,3057,8,"Kg",3057
"S3","RWA","0712","Rwanda","USA","United States",2020,"Gross Exp.",2,25.301,3057,8,"Kg",3057
"S3","RWA","0712","Rwanda","USA","United States",2021,"Export",6,145.078,20756,8,"Kg",20756
"S3","RWA","0712","Rwanda","USA","United States",2021,"Gross Exp.",2,145.078,20756,8,"Kg",20756
"S3","RWA","0712","Rwanda","USA","United States",2021,"Gross Imp.",1,0.034,1,8,"Kg",1
"S3","RWA","0712","Rwanda","USA","United States",2021,"Import",5,0.034,1,8,"Kg",1
"S3","RWA","0712","Rwanda","USA","United States",2022,"Export",6,139.708,20569,8,"Kg",20569
"S3","RWA","0712","Rwanda","USA","United States",2022,"Gross Exp.",2,139.708,20569,8,"Kg",20569
"S3","RWA","0712","Rwanda","WLD"," World",2020,"Export",6,438.141,74223,8,"Kg",74223
"S3","RWA","0712","Rwanda","WLD"," World",2020,"Gross Exp.",2,442.344,78377,8,"Kg",78377
"S3","RWA","0712","Rwanda","WLD"," World",2020,"Gross Imp.",1,17.898,8933.1,8,"Kg",8933
"S3","RWA","0712","Rwanda","WLD"," World",2020,"Import",5,17.898,8933.1,8,"Kg",8933
"S3","RWA","0712","Rwanda","WLD"," World",2020,"Re-Export",3,4.203,4154,8,"Kg",4154
"S3","RWA","0712","Rwanda","WLD"," World",2021,"Export",6,1277.591,220322.3,8,"Kg",220322
"S3","RWA","0712","Rwanda","WLD"," World",2021,"Gross Exp.",2,1281.953,225132.3,8,"Kg",225132
"S3","RWA","0712","Rwanda","WLD"," World",2021,"Gross Imp.",1,22.12,5295.02,8,"Kg",5295
"S3","RWA","0712","Rwanda","WLD"," World",2021,"Import",5,22.12,5295.02,8,"Kg",5295
"S3","RWA","0712","Rwanda","WLD"," World",2021,"Re-Export",3,4.362,4810,8,"Kg",4810
"S3","RWA","0712","Rwanda","WLD"," World",2022,"Export",6,943.878,139329.6,8,"Kg",139330
"S3","RWA","0712","Rwanda","WLD"," World",2022,"Gross Exp.",2,944.935,141194.6,8,"Kg",141195
"S3","RWA","0712","Rwanda","WLD"," World",2022,"Gross Imp.",1,174.469,43626.72,8,"Kg",43627
"S3","RWA","0712","Rwanda","WLD"," World",2022,"Import",5,174.469,43626.72,8,"Kg",43627
"S3","RWA","0712","Rwanda","WLD"," World",2022,"Re-Export",3,1.057,1865,8,"Kg",1865
"S3","RWA","0712","Rwanda","ZAF","South Africa",2020,"Export",6,2.669,354,8,"Kg",354
"S3","RWA","0712","Rwanda","ZAF","South Africa",2020,"Gross Exp.",2,2.669,354,8,"Kg",354
"S3","RWA","0712","Rwanda","ZAF","South Africa",2022,"Export",6,5.796,605,8,"Kg",605
"S3","RWA","0712","Rwanda","ZAF","South Africa",2022,"Gross Exp.",2,5.796,605,8,"Kg",605
"S3","RWA","0712","Rwanda","ZAR","Congo, Dem. Rep.",2020,"Export",6,14.014,2070,8,"Kg",2070
"S3","RWA","0712","Rwanda","ZAR","Congo, Dem. Rep.",2020,"Gross Exp.",2,15.743,4144,8,"Kg",4144
"S3","RWA","0712","Rwanda","ZAR","Congo, Dem. Rep.",2020,"Re-Export",3,1.729,2074,8,"Kg",2074
"S3","RWA","0712","Rwanda","ZAR","Congo, Dem. Rep.",2021,"Export",6,8.002,1420,8,"Kg",1420
"S3","RWA","0712","Rwanda","ZAR","Congo, Dem. Rep.",2021,"Gross Exp.",2,12.364,6230,8,"Kg",6230
"S3","RWA","0712","Rwanda","ZAR","Congo, Dem. Rep.",2021,"Re-Export",3,4.362,4810,8,"Kg",4810
"S3","RWA","0712","Rwanda","ZAR","Congo, Dem. Rep.",2022,"Export",6,0,0,8,"Kg",0
"S3","RWA","0712","Rwanda","ZAR","Congo, Dem. Rep.",2022,"Gross Exp.",2,1.013,1859,8,"Kg",1859
"S3","RWA","0712","Rwanda","ZAR","Congo, Dem. Rep.",2022,"Re-Export",3,1.013,1859,8,"Kg",1859
"S3","RWA","0712","Rwanda","ZMB","Zambia",2021,"Export",6,8.393,1090,8,"Kg",1090
"S3","RWA","0712","Rwanda","ZMB","Zambia",2021,"Gross Exp.",2,8.393,1090,8,"Kg",1090
"S3","RWA","0712","Rwanda","ZMB","Zambia",2022,"Export",6,9.276,813,8,"Kg",813
"S3","RWA","0712","Rwanda","ZMB","Zambia",2022,"Gross Exp.",2,9.32,819,8,"Kg",819
"S3","RWA","0712","Rwanda","ZMB","Zambia",2022,"Re-Export",3,0.044,6,8,"Kg",6
"S3","RWA","0712","Rwanda","ZWE","Zimbabwe",2021,"Export",6,29.349,3300,8,"Kg",3300
"S3","RWA","0712","Rwanda","ZWE","Zimbabwe",2021,"Gross Exp.",2,29.349,3300,8,"Kg",3300
"S3","RWA","0712","Rwanda","ZWE","Zimbabwe",2022,"Export",6,225.709,33545,8,"Kg",33545
"S3","RWA","0712","Rwanda","ZWE","Zimbabwe",2022,"Gross Exp.",2,225.709,33545,8,"Kg",33545
"S3","RWA","072","Rwanda","ARE","United Arab Emirates",2020,"Gross Imp.",1,0.22,300,8,"Kg",300
"S3","RWA","072","Rwanda","ARE","United Arab Emirates",2020,"Import",5,0.22,300,8,"Kg",300
"S3","RWA","072","Rwanda","ARE","United Arab Emirates",2021,"Gross Imp.",1,1.76,2810,8,"Kg",2810
"S3","RWA","072","Rwanda","ARE","United Arab Emirates",2021,"Import",5,1.76,2810,8,"Kg",2810
"S3","RWA","072","Rwanda","ARE","United Arab Emirates",2022,"Gross Imp.",1,6.607,7490,8,"Kg",7490
"S3","RWA","072","Rwanda","ARE","United Arab Emirates",2022,"Import",5,6.607,7490,8,"Kg",7490
"S3","RWA","072","Rwanda","BEL","Belgium",2020,"Gross Imp.",1,0.11,625,8,"Kg",625
"S3","RWA","072","Rwanda","BEL","Belgium",2020,"Import",5,0.11,625,8,"Kg",625
"S3","RWA","072","Rwanda","BEL","Belgium",2021,"Gross Imp.",1,1.18,287,8,"Kg",287
"S3","RWA","072","Rwanda","BEL","Belgium",2021,"Import",5,1.18,287,8,"Kg",287
"S3","RWA","072","Rwanda","BEL","Belgium",2022,"Gross Imp.",1,1.308,347.8,8,"Kg",348
"S3","RWA","072","Rwanda","BEL","Belgium",2022,"Import",5,1.308,347.8,8,"Kg",348
"S3","RWA","072","Rwanda","CHE","Switzerland",2021,"Gross Imp.",1,0.749,54,8,"Kg",54
"S3","RWA","072","Rwanda","CHE","Switzerland",2021,"Import",5,0.749,54,8,"Kg",54
"S3","RWA","072","Rwanda","CHN","China",2020,"Gross Imp.",1,0.07,83,8,"Kg",83
"S3","RWA","072","Rwanda","CHN","China",2020,"Import",5,0.07,83,8,"Kg",83
"S3","RWA","072","Rwanda","CHN","China",2022,"Gross Imp.",1,2.746,508,8,"Kg",508
"S3","RWA","072","Rwanda","CHN","China",2022,"Import",5,2.746,508,8,"Kg",508
"S3","RWA","072","Rwanda","DEU","Germany",2021,"Gross Imp.",1,2.463,500,8,"Kg",500
"S3","RWA","072","Rwanda","DEU","Germany",2021,"Import",5,2.463,500,8,"Kg",500
"S3","RWA","072","Rwanda","DEU","Germany",2022,"Gross Imp.",1,3.318,421.4,8,"Kg",421
"S3","RWA","072","Rwanda","DEU","Germany",2022,"Import",5,3.318,421.4,8,"Kg",421
"S3","RWA","072","Rwanda","DNK","Denmark",2022,"Gross Imp.",1,1.975,173.4,8,"Kg",173
"S3","RWA","072","Rwanda","DNK","Denmark",2022,"Import",5,1.975,173.4,8,"Kg",173
"S3","RWA","072","Rwanda","EGY","Egypt, Arab Rep.",2020,"Gross Imp.",1,74.819,18740,8,"Kg",18740
"S3","RWA","072","Rwanda","EGY","Egypt, Arab Rep.",2020,"Import",5,74.819,18740,8,"Kg",18740
"S3","RWA","072","Rwanda","EGY","Egypt, Arab Rep.",2021,"Gross Imp.",1,26.025,6242.6,8,"Kg",6243
"S3","RWA","072","Rwanda","EGY","Egypt, Arab Rep.",2021,"Import",5,26.025,6242.6,8,"Kg",6243
"S3","RWA","072","Rwanda","FRA","France",2021,"Gross Imp.",1,2.456,403,8,"Kg",403
"S3","RWA","072","Rwanda","FRA","France",2021,"Import",5,2.456,403,8,"Kg",403
"S3","RWA","072","Rwanda","FRA","France",2022,"Gross Imp.",1,0.273,30.6,8,"Kg",31
"S3","RWA","072","Rwanda","FRA","France",2022,"Import",5,0.273,30.6,8,"Kg",31
"S3","RWA","072","Rwanda","HRV","Croatia",2022,"Gross Imp.",1,0.918,334.4,8,"Kg",334
"S3","RWA","072","Rwanda","HRV","Croatia",2022,"Import",5,0.918,334.4,8,"Kg",334
"S3","RWA","072","Rwanda","IND","India",2020,"Gross Imp.",1,0.81,100,8,"Kg",100
"S3","RWA","072","Rwanda","IND","India",2020,"Import",5,0.81,100,8,"Kg",100
"S3","RWA","072","Rwanda","IND","India",2022,"Gross Imp.",1,7.994,1371.72,8,"Kg",1372
"S3","RWA","072","Rwanda","IND","India",2022,"Import",5,7.994,1371.72,8,"Kg",1372
"S3","RWA","072","Rwanda","ITA","Italy",2020,"Gross Imp.",1,0.443,36,8,"Kg",36
"S3","RWA","072","Rwanda","ITA","Italy",2020,"Import",5,0.443,36,8,"Kg",36
"S3","RWA","072","Rwanda","ITA","Italy",2022,"Gross Imp.",1,0.005,46,8,"Kg",46
"S3","RWA","072","Rwanda","ITA","Italy",2022,"Import",5,0.005,46,8,"Kg",46
"S3","RWA","072","Rwanda","KEN","Kenya",2020,"Gross Imp.",1,9.275,2278,8,"Kg",2278
"S3","RWA","072","Rwanda","KEN","Kenya",2020,"Import",5,9.275,2278,8,"Kg",2278
"S3","RWA","072","Rwanda","KEN","Kenya",2021,"Gross Imp.",1,9.113,3035,8,"Kg",3035
"S3","RWA","072","Rwanda","KEN","Kenya",2021,"Import",5,9.113,3035,8,"Kg",3035
"S3","RWA","072","Rwanda","KEN","Kenya",2022,"Export",6,0,0,8,"Kg",0
"S3","RWA","072","Rwanda","KEN","Kenya",2022,"Gross Exp.",2,0.193,1750,8,"Kg",1750
"S3","RWA","072","Rwanda","KEN","Kenya",2022,"Gross Imp.",1,15.229,4937.5,8,"Kg",4938
"S3","RWA","072","Rwanda","KEN","Kenya",2022,"Import",5,15.229,4937.5,8,"Kg",4938
"S3","RWA","072","Rwanda","KEN","Kenya",2022,"Re-Export",3,0.193,1750,8,"Kg",1750
"S3","RWA","072","Rwanda","MDG","Madagascar",2022,"Gross Imp.",1,0.028,6,8,"Kg",6
"S3","RWA","072","Rwanda","MDG","Madagascar",2022,"Import",5,0.028,6,8,"Kg",6
"S3","RWA","072","Rwanda","MLI","Mali",2020,"Gross Imp.",1,0.108,25,8,"Kg",25
"S3","RWA","072","Rwanda","MLI","Mali",2020,"Import",5,0.108,25,8,"Kg",25
"S3","RWA","072","Rwanda","MYS","Malaysia",2020,"Gross Imp.",1,1.028,300,8,"Kg",300
"S3","RWA","072","Rwanda","MYS","Malaysia",2020,"Import",5,1.028,300,8,"Kg",300
"S3","RWA","072","Rwanda","MYS","Malaysia",2021,"Gross Imp.",1,4.867,1250,8,"Kg",1250
"S3","RWA","072","Rwanda","MYS","Malaysia",2021,"Import",5,4.867,1250,8,"Kg",1250
"S3","RWA","072","Rwanda","MYS","Malaysia",2022,"Gross Imp.",1,3.669,750,8,"Kg",750
"S3","RWA","072","Rwanda","MYS","Malaysia",2022,"Import",5,3.669,750,8,"Kg",750
"S3","RWA","072","Rwanda","NGA","Nigeria",2021,"Gross Imp.",1,0.528,52,8,"Kg",52
"S3","RWA","072","Rwanda","NGA","Nigeria",2021,"Import",5,0.528,52,8,"Kg",52
"S3","RWA","072","Rwanda","PAK","Pakistan",2022,"Gross Imp.",1,0.014,4,8,"Kg",4
"S3","RWA","072","Rwanda","PAK","Pakistan",2022,"Import",5,0.014,4,8,"Kg",4
"S3","RWA","072","Rwanda","TUR","Turkey",2021,"Gross Imp.",1,0.258,50.5,8,"Kg",51
"S3","RWA","072","Rwanda","TUR","Turkey",2021,"Import",5,0.258,50.5,8,"Kg",51
"S3","RWA","072","Rwanda","TZA","Tanzania",2020,"Gross Imp.",1,0.075,5,8,"Kg",5
"S3","RWA","072","Rwanda","TZA","Tanzania",2020,"Import",5,0.075,5,8,"Kg",5
"S3","RWA","072","Rwanda","TZA","Tanzania",2021,"Gross Imp.",1,0.077,6,8,"Kg",6
"S3","RWA","072","Rwanda","TZA","Tanzania",2021,"Import",5,0.077,6,8,"Kg",6
"S3","RWA","072","Rwanda","WLD"," World",2020,"Export",6,0,0,8,"Kg",0
"S3","RWA","072","Rwanda","WLD"," World",2020,"Gross Exp.",2,3.345,642,8,"Kg",642
"S3","RWA","072","Rwanda","WLD"," World",2020,"Gross Imp.",1,87.006,22502,8,"Kg",22502
"S3","RWA","072","Rwanda","WLD"," World",2020,"Import",5,87.006,22502,8,"Kg",22502
"S3","RWA","072","Rwanda","WLD"," World",2020,"Re-Export",3,3.345,642,8,"Kg",642
"S3","RWA","072","Rwanda","WLD"," World",2021,"Export",6,0,0,8,"Kg",0
"S3","RWA","072","Rwanda","WLD"," World",2021,"Gross Exp.",2,0.113,270,8,"Kg",270
"S3","RWA","072","Rwanda","WLD"," World",2021,"Gross Imp.",1,49.476,14690.1,8,"Kg",14690
"S3","RWA","072","Rwanda","WLD"," World",2021,"Import",5,49.476,14690.1,8,"Kg",14690
"S3","RWA","072","Rwanda","WLD"," World",2021,"Re-Export",3,0.113,270,8,"Kg",270
"S3","RWA","072","Rwanda","WLD"," World",2022,"Export",6,0,0,8,"Kg",0
"S3","RWA","072","Rwanda","WLD"," World",2022,"Gross Exp.",2,0.527,2190,8,"Kg",2190
"S3","RWA","072","Rwanda","WLD"," World",2022,"Gross Imp.",1,44.132,16435.82,8,"Kg",16436
"S3","RWA","072","Rwanda","WLD"," World",2022,"Import",5,44.132,16435.82,8,"Kg",16436
"S3","RWA","072","Rwanda","WLD"," World",2022,"Re-Export",3,0.527,2190,8,"Kg",2190
"S3","RWA","072","Rwanda","ZAF","South Africa",2020,"Gross Imp.",1,0.048,10,8,"Kg",10
"S3","RWA","072","Rwanda","ZAF","South Africa",2020,"Import",5,0.048,10,8,"Kg",10
"S3","RWA","072","Rwanda","ZAF","South Africa",2022,"Gross Imp.",1,0.047,15,8,"Kg",15
"S3","RWA","072","Rwanda","ZAF","South Africa",2022,"Import",5,0.047,15,8,"Kg",15
"S3","RWA","072","Rwanda","ZAR","Congo, Dem. Rep.",2020,"Export",6,0,0,8,"Kg",0
"S3","RWA","072","Rwanda","ZAR","Congo, Dem. Rep.",2020,"Gross Exp.",2,3.345,642,8,"Kg",642
"S3","RWA","072","Rwanda","ZAR","Congo, Dem. Rep.",2020,"Re-Export",3,3.345,642,8,"Kg",642
"S3","RWA","072","Rwanda","ZAR","Congo, Dem. Rep.",2021,"Export",6,0,0,8,"Kg",0
"S3","RWA","072","Rwanda","ZAR","Congo, Dem. Rep.",2021,"Gross Exp.",2,0.113,270,8,"Kg",270
"S3","RWA","072","Rwanda","ZAR","Congo, Dem. Rep.",2021,"Re-Export",3,0.113,270,8,"Kg",270
"S3","RWA","072","Rwanda","ZAR","Congo, Dem. Rep.",2022,"Export",6,0,0,8,"Kg",0
"S3","RWA","072","Rwanda","ZAR","Congo, Dem. Rep.",2022,"Gross Exp.",2,0.334,440,8,"Kg",440
"S3","RWA","072","Rwanda","ZAR","Congo, Dem. Rep.",2022,"Re-Export",3,0.334,440,8,"Kg",440
"S3","RWA","073","Rwanda","ALB","Albania",2022,"Gross Imp.",1,1.381,480,8,"Kg",480
"S3","RWA","073","Rwanda","ALB","Albania",2022,"Import",5,1.381,480,8,"Kg",480
"S3","RWA","073","Rwanda","ARE","United Arab Emirates",2020,"Export",6,0,0,8,"Kg",0
"S3","RWA","073","Rwanda","ARE","United Arab Emirates",2020,"Gross Exp.",2,27.373,2393,8,"Kg",2393
"S3","RWA","073","Rwanda","ARE","United Arab Emirates",2020,"Gross Imp.",1,74.005,29934,8,"Kg",29934
"S3","RWA","073","Rwanda","ARE","United Arab Emirates",2020,"Import",5,74.005,29934,8,"Kg",29934
"S3","RWA","073","Rwanda","ARE","United Arab Emirates",2020,"Re-Export",3,27.373,2393,8,"Kg",2393
"S3","RWA","073","Rwanda","ARE","United Arab Emirates",2021,"Export",6,0,0,8,"Kg",0
"S3","RWA","073","Rwanda","ARE","United Arab Emirates",2021,"Gross Exp.",2,39.073,3639,8,"Kg",3639
"S3","RWA","073","Rwanda","ARE","United Arab Emirates",2021,"Gross Imp.",1,132.079,31817,8,"Kg",31817
"S3","RWA","073","Rwanda","ARE","United Arab Emirates",2021,"Import",5,132.079,31817,8,"Kg",31817
"S3","RWA","073","Rwanda","ARE","United Arab Emirates",2021,"Re-Export",3,39.073,3639,8,"Kg",3639
"S3","RWA","073","Rwanda","ARE","United Arab Emirates",2022,"Export",6,0,0,8,"Kg",0
"S3","RWA","073","Rwanda","ARE","United Arab Emirates",2022,"Gross Exp.",2,7.892,950,8,"Kg",950
"S3","RWA","073","Rwanda","ARE","United Arab Emirates",2022,"Gross Imp.",1,116.47,68173.64,8,"Kg",68174
"S3","RWA","073","Rwanda","ARE","United Arab Emirates",2022,"Import",5,116.47,68173.64,8,"Kg",68174
"S3","RWA","073","Rwanda","ARE","United Arab Emirates",2022,"Re-Export",3,7.892,950,8,"Kg",950
"S3","RWA","073","Rwanda","AUT","Austria",2022,"Gross Imp.",1,0.305,37.54,8,"Kg",38
"S3","RWA","073","Rwanda","AUT","Austria",2022,"Import",5,0.305,37.54,8,"Kg",38
"S3","RWA","073","Rwanda","BDI","Burundi",2022,"Gross Imp.",1,0.613,146,8,"Kg",146
"S3","RWA","073","Rwanda","BDI","Burundi",2022,"Import",5,0.613,146,8,"Kg",146
"S3","RWA","073","Rwanda","BEL","Belgium",2020,"Gross Imp.",1,225.927,70492.95,8,"Kg",70493
"S3","RWA","073","Rwanda","BEL","Belgium",2020,"Import",5,225.927,70492.95,8,"Kg",70493
"S3","RWA","073","Rwanda","BEL","Belgium",2021,"Gross Imp.",1,205.565,53210.89,8,"Kg",53211
"S3","RWA","073","Rwanda","BEL","Belgium",2021,"Import",5,205.565,53210.89,8,"Kg",53211
"S3","RWA","073","Rwanda","BEL","Belgium",2022,"Gross Imp.",1,310.044,107133.99,8,"Kg",107134
"S3","RWA","073","Rwanda","BEL","Belgium",2022,"Import",5,310.044,107133.99,8,"Kg",107134
"S3","RWA","073","Rwanda","BGR","Bulgaria",2022,"Gross Imp.",1,0.191,15,8,"Kg",15
"S3","RWA","073","Rwanda","BGR","Bulgaria",2022,"Import",5,0.191,15,8,"Kg",15
"S3","RWA","073","Rwanda","CAN","Canada",2021,"Gross Imp.",1,0.031,67,8,"Kg",67
"S3","RWA","073","Rwanda","CAN","Canada",2021,"Import",5,0.031,67,8,"Kg",67
"S3","RWA","073","Rwanda","CHE","Switzerland",2020,"Gross Imp.",1,9.048,100,8,"Kg",100
"S3","RWA","073","Rwanda","CHE","Switzerland",2020,"Import",5,9.048,100,8,"Kg",100
"S3","RWA","073","Rwanda","CHE","Switzerland",2021,"Gross Imp.",1,0.68,39.75,8,"Kg",40
"S3","RWA","073","Rwanda","CHE","Switzerland",2021,"Import",5,0.68,39.75,8,"Kg",40
"S3","RWA","073","Rwanda","CHE","Switzerland",2022,"Gross Imp.",1,1.005,78.48,8,"Kg",78
"S3","RWA","073","Rwanda","CHE","Switzerland",2022,"Import",5,1.005,78.48,8,"Kg",78
"S3","RWA","073","Rwanda","CHN","China",2020,"Gross Imp.",1,24.434,34747.44,8,"Kg",34747
"S3","RWA","073","Rwanda","CHN","China",2020,"Import",5,24.434,34747.44,8,"Kg",34747
"S3","RWA","073","Rwanda","CHN","China",2021,"Gross Imp.",1,9.634,5331,8,"Kg",5331
"S3","RWA","073","Rwanda","CHN","China",2021,"Import",5,9.634,5331,8,"Kg",5331
"S3","RWA","073","Rwanda","CHN","China",2022,"Gross Imp.",1,10.314,8919.41,8,"Kg",8919
"S3","RWA","073","Rwanda","CHN","China",2022,"Import",5,10.314,8919.41,8,"Kg",8919
"S3","RWA","073","Rwanda","COG","Congo, Rep.",2020,"Export",6,0.253,100,8,"Kg",100
"S3","RWA","073","Rwanda","COG","Congo, Rep.",2020,"Gross Exp.",2,0.253,100,8,"Kg",100
"S3","RWA","073","Rwanda","CZE","Czech Republic",2022,"Gross Imp.",1,0.174,20.7,8,"Kg",21
"S3","RWA","073","Rwanda","CZE","Czech Republic",2022,"Import",5,0.174,20.7,8,"Kg",21
"S3","RWA","073","Rwanda","DEU","Germany",2020,"Export",6,0,0,8,"Kg",0
"S3","RWA","073","Rwanda","DEU","Germany",2020,"Gross Exp.",2,30.876,3687,8,"Kg",3687
"S3","RWA","073","Rwanda","DEU","Germany",2020,"Gross Imp.",1,58.023,5799.72,8,"Kg",5800
"S3","RWA","073","Rwanda","DEU","Germany",2020,"Import",5,58.023,5799.72,8,"Kg",5800
"S3","RWA","073","Rwanda","DEU","Germany",2020,"Re-Export",3,30.876,3687,8,"Kg",3687
"S3","RWA","073","Rwanda","DEU","Germany",2021,"Export",6,0,0,8,"Kg",0
"S3","RWA","073","Rwanda","DEU","Germany",2021,"Gross Exp.",2,51.17,5085,8,"Kg",5085
"S3","RWA","073","Rwanda","DEU","Germany",2021,"Gross Imp.",1,86.918,6831.85,8,"Kg",6832
"S3","RWA","073","Rwanda","DEU","Germany",2021,"Import",5,86.918,6831.85,8,"Kg",6832
"S3","RWA","073","Rwanda","DEU","Germany",2021,"Re-Export",3,51.17,5085,8,"Kg",5085
"S3","RWA","073","Rwanda","DEU","Germany",2022,"Export",6,0,0,8,"Kg",0
"S3","RWA","073","Rwanda","DEU","Germany",2022,"Gross Exp.",2,132.969,15245,8,"Kg",15245
"S3","RWA","073","Rwanda","DEU","Germany",2022,"Gross Imp.",1,206.802,20503.1,8,"Kg",20503
"S3","RWA","073","Rwanda","DEU","Germany",2022,"Import",5,206.802,20503.1,8,"Kg",20503
"S3","RWA","073","Rwanda","DEU","Germany",2022,"Re-Export",3,132.969,15245,8,"Kg",15245
"S3","RWA","073","Rwanda","DNK","Denmark",2020,"Gross Imp.",1,22.982,4764,8,"Kg",4764
"S3","RWA","073","Rwanda","DNK","Denmark",2020,"Import",5,22.982,4764,8,"Kg",4764
"S3","RWA","073","Rwanda","DNK","Denmark",2021,"Gross Imp.",1,28.467,5996,8,"Kg",5996
"S3","RWA","073","Rwanda","DNK","Denmark",2021,"Import",5,28.467,5996,8,"Kg",5996
"S3","RWA","073","Rwanda","DNK","Denmark",2022,"Gross Imp.",1,36.151,7772.29,8,"Kg",7772
"S3","RWA","073","Rwanda","DNK","Denmark",2022,"Import",5,36.151,7772.29,8,"Kg",7772
"S3","RWA","073","Rwanda","EGY","Egypt, Arab Rep.",2020,"Gross Imp.",1,65.71,19695.96,8,"Kg",19696
"S3","RWA","073","Rwanda","EGY","Egypt, Arab Rep.",2020,"Import",5,65.71,19695.96,8,"Kg",19696
"S3","RWA","073","Rwanda","EGY","Egypt, Arab Rep.",2021,"Gross Imp.",1,11.555,21270,8,"Kg",21270
"S3","RWA","073","Rwanda","EGY","Egypt, Arab Rep.",2021,"Import",5,11.555,21270,8,"Kg",21270
"S3","RWA","073","Rwanda","EGY","Egypt, Arab Rep.",2022,"Gross Imp.",1,104.131,30248.31,8,"Kg",30248
"S3","RWA","073","Rwanda","EGY","Egypt, Arab Rep.",2022,"Import",5,104.131,30248.31,8,"Kg",30248
"S3","RWA","073","Rwanda","ESP","Spain",2020,"Gross Imp.",1,0.115,40.8,8,"Kg",41
"S3","RWA","073","Rwanda","ESP","Spain",2020,"Import",5,0.115,40.8,8,"Kg",41
"S3","RWA","073","Rwanda","ESP","Spain",2021,"Gross Imp.",1,1.699,262.39,8,"Kg",262
"S3","RWA","073","Rwanda","ESP","Spain",2021,"Import",5,1.699,262.39,8,"Kg",262
"S3","RWA","073","Rwanda","ESP","Spain",2022,"Gross Imp.",1,13.44,2483.67,8,"Kg",2484
"S3","RWA","073","Rwanda","ESP","Spain",2022,"Import",5,13.44,2483.67,8,"Kg",2484
"S3","RWA","073","Rwanda","FIN","Finland",2020,"Gross Imp.",1,0.03,10,8,"Kg",10
"S3","RWA","073","Rwanda","FIN","Finland",2020,"Import",5,0.03,10,8,"Kg",10
"S3","RWA","073","Rwanda","FIN","Finland",2022,"Gross Imp.",1,0.016,10,8,"Kg",10
"S3","RWA","073","Rwanda","FIN","Finland",2022,"Import",5,0.016,10,8,"Kg",10
"S3","RWA","073","Rwanda","FRA","France",2020,"Gross Imp.",1,6.382,803,8,"Kg",803
"S3","RWA","073","Rwanda","FRA","France",2020,"Import",5,6.382,803,8,"Kg",803
"S3","RWA","073","Rwanda","FRA","France",2021,"Gross Imp.",1,19.195,2913.72,8,"Kg",2914
"S3","RWA","073","Rwanda","FRA","France",2021,"Import",5,19.195,2913.72,8,"Kg",2914
"S3","RWA","073","Rwanda","FRA","France",2022,"Gross Imp.",1,88.145,22504.4,8,"Kg",22504
"S3","RWA","073","Rwanda","FRA","France",2022,"Import",5,88.145,22504.4,8,"Kg",22504
"S3","RWA","073","Rwanda","GBR","United Kingdom",2020,"Gross Imp.",1,6.401,1830,8,"Kg",1830
"S3","RWA","073","Rwanda","GBR","United Kingdom",2020,"Import",5,6.401,1830,8,"Kg",1830
"S3","RWA","073","Rwanda","GBR","United Kingdom",2021,"Export",6,0,0,8,"Kg",0
"S3","RWA","073","Rwanda","GBR","United Kingdom",2021,"Gross Exp.",2,5.059,415,8,"Kg",415
"S3","RWA","073","Rwanda","GBR","United Kingdom",2021,"Gross Imp.",1,18.278,2242.37,8,"Kg",2242
"S3","RWA","073","Rwanda","GBR","United Kingdom",2021,"Import",5,18.278,2242.37,8,"Kg",2242
"S3","RWA","073","Rwanda","GBR","United Kingdom",2021,"Re-Export",3,5.059,415,8,"Kg",415
"S3","RWA","073","Rwanda","GBR","United Kingdom",2022,"Gross Imp.",1,36.061,6284.74,8,"Kg",6285
"S3","RWA","073","Rwanda","GBR","United Kingdom",2022,"Import",5,36.061,6284.74,8,"Kg",6285
"S3","RWA","073","Rwanda","GHA","Ghana",2021,"Gross Imp.",1,50.677,24361.1,8,"Kg",24361
"S3","RWA","073","Rwanda","GHA","Ghana",2021,"Import",5,50.677,24361.1,8,"Kg",24361
"S3","RWA","073","Rwanda","GHA","Ghana",2022,"Gross Imp.",1,104.16,28201,8,"Kg",28201
"S3","RWA","073","Rwanda","GHA","Ghana",2022,"Import",5,104.16,28201,8,"Kg",28201
"S3","RWA","073","Rwanda","GMB","Gambia, The",2022,"Gross Imp.",1,0.72,290.93,8,"Kg",291
"S3","RWA","073","Rwanda","GMB","Gambia, The",2022,"Import",5,0.72,290.93,8,"Kg",291
"S3","RWA","073","Rwanda","HKG","Hong Kong, China",2020,"Gross Imp.",1,0.011,17.6,8,"Kg",18
"S3","RWA","073","Rwanda","HKG","Hong Kong, China",2020,"Import",5,0.011,17.6,8,"Kg",18
"S3","RWA","073","Rwanda","HKG","Hong Kong, China",2021,"Gross Imp.",1,0.059,56.8,8,"Kg",57
"S3","RWA","073","Rwanda","HKG","Hong Kong, China",2021,"Import",5,0.059,56.8,8,"Kg",57
"S3","RWA","073","Rwanda","HKG","Hong Kong, China",2022,"Gross Imp.",1,0.023,9.4,8,"Kg",9
"S3","RWA","073","Rwanda","HKG","Hong Kong, China",2022,"Import",5,0.023,9.4,8,"Kg",9
"S3","RWA","073","Rwanda","IDN","Indonesia",2020,"Gross Imp.",1,1.858,576,8,"Kg",576
"S3","RWA","073","Rwanda","IDN","Indonesia",2020,"Import",5,1.858,576,8,"Kg",576
"S3","RWA","073","Rwanda","IND","India",2020,"Gross Imp.",1,1.693,1114,8,"Kg",1114
"S3","RWA","073","Rwanda","IND","India",2020,"Import",5,1.693,1114,8,"Kg",1114
"S3","RWA","073","Rwanda","IND","India",2021,"Gross Imp.",1,19.324,13771.1,8,"Kg",13771
"S3","RWA","073","Rwanda","IND","India",2021,"Import",5,19.324,13771.1,8,"Kg",13771
"S3","RWA","073","Rwanda","IND","India",2022,"Gross Imp.",1,82.956,36132.65,8,"Kg",36133
"S3","RWA","073","Rwanda","IND","India",2022,"Import",5,82.956,36132.65,8,"Kg",36133
"S3","RWA","073","Rwanda","IRN","Iran, Islamic Rep.",2022,"Gross Imp.",1,0.005,3,8,"Kg",3
"S3","RWA","073","Rwanda","IRN","Iran, Islamic Rep.",2022,"Import",5,0.005,3,8,"Kg",3
"S3","RWA","073","Rwanda","ITA","Italy",2020,"Gross Imp.",1,78.159,8244.18,8,"Kg",8244
"S3","RWA","073","Rwanda","ITA","Italy",2020,"Import",5,78.159,8244.18,8,"Kg",8244
"S3","RWA","073","Rwanda","ITA","Italy",2021,"Gross Imp.",1,21.92,1785.27,8,"Kg",1785
"S3","RWA","073","Rwanda","ITA","Italy",2021,"Import",5,21.92,1785.27,8,"Kg",1785
"S3","RWA","073","Rwanda","ITA","Italy",2022,"Gross Imp.",1,291.861,50519.86,8,"Kg",50520
"S3","RWA","073","Rwanda","ITA","Italy",2022,"Import",5,291.861,50519.86,8,"Kg",50520
"S3","RWA","073","Rwanda","JPN","Japan",2021,"Gross Imp.",1,0.004,0.6,8,"Kg",1
"S3","RWA","073","Rwanda","JPN","Japan",2021,"Import",5,0.004,0.6,8,"Kg",1
"S3","RWA","073","Rwanda","KEN","Kenya",2020,"Gross Imp.",1,41.811,17484.6,8,"Kg",17485
"S3","RWA","073","Rwanda","KEN","Kenya",2020,"Import",5,41.811,17484.6,8,"Kg",17485
"S3","RWA","073","Rwanda","KEN","Kenya",2021,"Gross Imp.",1,82.84,22246.66,8,"Kg",22247
"S3","RWA","073","Rwanda","KEN","Kenya",2021,"Import",5,82.84,22246.66,8,"Kg",22247
"S3","RWA","073","Rwanda","KEN","Kenya",2022,"Gross Imp.",1,130.729,36831.51,8,"Kg",36832
"S3","RWA","073","Rwanda","KEN","Kenya",2022,"Import",5,130.729,36831.51,8,"Kg",36832
"S3","RWA","073","Rwanda","KWT","Kuwait",2021,"Gross Imp.",1,0.571,500,8,"Kg",500
"S3","RWA","073","Rwanda","KWT","Kuwait",2021,"Import",5,0.571,500,8,"Kg",500
"S3","RWA","073","Rwanda","KWT","Kuwait",2022,"Gross Imp.",1,0.389,400,8,"Kg",400
"S3","RWA","073","Rwanda","KWT","Kuwait",2022,"Import",5,0.389,400,8,"Kg",400
"S3","RWA","073","Rwanda","LTU","Lithuania",2022,"Gross Imp.",1,0.226,23.84,8,"Kg",24
"S3","RWA","073","Rwanda","LTU","Lithuania",2022,"Import",5,0.226,23.84,8,"Kg",24
"S3","RWA","073","Rwanda","LUX","Luxembourg",2022,"Gross Imp.",1,17.699,5679,8,"Kg",5679
"S3","RWA","073","Rwanda","LUX","Luxembourg",2022,"Import",5,17.699,5679,8,"Kg",5679
"S3","RWA","073","Rwanda","MKD","North Macedonia",2022,"Gross Imp.",1,5.248,1473,8,"Kg",1473
"S3","RWA","073","Rwanda","MKD","North Macedonia",2022,"Import",5,5.248,1473,8,"Kg",1473
"S3","RWA","073","Rwanda","NER","Niger",2021,"Gross Imp.",1,0.45,50,8,"Kg",50
"S3","RWA","073","Rwanda","NER","Niger",2021,"Import",5,0.45,50,8,"Kg",50
"S3","RWA","073","Rwanda","NLD","Netherlands",2020,"Gross Imp.",1,19.176,4674,8,"Kg",4674
"S3","RWA","073","Rwanda","NLD","Netherlands",2020,"Import",5,19.176,4674,8,"Kg",4674
"S3","RWA","073","Rwanda","NLD","Netherlands",2021,"Gross Imp.",1,22.878,5067.3,8,"Kg",5067
"S3","RWA","073","Rwanda","NLD","Netherlands",2021,"Import",5,22.878,5067.3,8,"Kg",5067
"S3","RWA","073","Rwanda","NLD","Netherlands",2022,"Gross Imp.",1,60.984,12671.86,8,"Kg",12672
"S3","RWA","073","Rwanda","NLD","Netherlands",2022,"Import",5,60.984,12671.86,8,"Kg",12672
